entity,metric,value,period,source
ANZ,Total Capital Ratio,14.4,2018-Q1,rbnz-dashboard
ANZ,CET1 Ratio,11,2018-Q1,rbnz-dashboard
ANZ,Tier 1 Capital Ratio,14.4,2018-Q1,rbnz-dashboard
ANZ,Total Non-Performing Loans,540.9,2018-Q1,rbnz-dashboard
ANZ,NPL Ratio,0.4,2018-Q1,rbnz-dashboard
ANZ,Return on Assets,1.2,2018-Q1,rbnz-dashboard
ANZ,Return on Equity,13.7,2018-Q1,rbnz-dashboard
ANZ,NIM,2.2,2018-Q1,rbnz-dashboard
ANZ,Net Interest Income,771,2018-Q1,rbnz-dashboard
ANZ,Trading and Hedging Gains,45,2018-Q1,rbnz-dashboard
ANZ,Fees and Commission Income,161,2018-Q1,rbnz-dashboard
ANZ,Other Income,59,2018-Q1,rbnz-dashboard
ANZ,Operating Expenses,361,2018-Q1,rbnz-dashboard
ANZ,Profit After Tax,448,2018-Q1,rbnz-dashboard
ANZ,Total Assets,156362,2018-Q1,rbnz-dashboard
ANZ,Cash Position,3770.9,2018-Q1,rbnz-dashboard
ANZ,Net Loans and Advances,122718.7,2018-Q1,rbnz-dashboard
ANZ,Deposits,100771.2,2018-Q1,rbnz-dashboard
ANZ,Equity,12933.1,2018-Q1,rbnz-dashboard
ANZ,Core Funding Ratio (CFR),89.8,2018-Q1,rbnz-dashboard
ANZ Group,Total Capital Ratio,,2018-Q1,rbnz-dashboard
ANZ Group,CET1 Ratio,,2018-Q1,rbnz-dashboard
ANZ Group,Tier 1 Capital Ratio,,2018-Q1,rbnz-dashboard
ANZ Group,Total Non-Performing Loans,562.3,2018-Q1,rbnz-dashboard
ANZ Group,NPL Ratio,0.4,2018-Q1,rbnz-dashboard
ANZ Group,Return on Assets,1.1,2018-Q1,rbnz-dashboard
ANZ Group,Return on Equity,15.2,2018-Q1,rbnz-dashboard
ANZ Group,NIM,2.2,2018-Q1,rbnz-dashboard
ANZ Group,Net Interest Income,779,2018-Q1,rbnz-dashboard
ANZ Group,Trading and Hedging Gains,32,2018-Q1,rbnz-dashboard
ANZ Group,Fees and Commission Income,158,2018-Q1,rbnz-dashboard
ANZ Group,Other Income,60,2018-Q1,rbnz-dashboard
ANZ Group,Operating Expenses,361,2018-Q1,rbnz-dashboard
ANZ Group,Profit After Tax,444,2018-Q1,rbnz-dashboard
ANZ Group,Total Assets,159718.7,2018-Q1,rbnz-dashboard
ANZ Group,Cash Position,3770.9,2018-Q1,rbnz-dashboard
ANZ Group,Net Loans and Advances,126239.4,2018-Q1,rbnz-dashboard
ANZ Group,Deposits,100771.2,2018-Q1,rbnz-dashboard
ANZ Group,Equity,11476.1,2018-Q1,rbnz-dashboard
ANZ Group,Core Funding Ratio (CFR),,2018-Q1,rbnz-dashboard
ASB,Total Capital Ratio,13.6,2018-Q1,rbnz-dashboard
ASB,CET1 Ratio,10.2,2018-Q1,rbnz-dashboard
ASB,Tier 1 Capital Ratio,12.1,2018-Q1,rbnz-dashboard
ASB,Total Non-Performing Loans,655.6,2018-Q1,rbnz-dashboard
ASB,NPL Ratio,0.8,2018-Q1,rbnz-dashboard
ASB,Return on Assets,1.2,2018-Q1,rbnz-dashboard
ASB,Return on Equity,14.5,2018-Q1,rbnz-dashboard
ASB,NIM,2.3,2018-Q1,rbnz-dashboard
ASB,Net Interest Income,511.8,2018-Q1,rbnz-dashboard
ASB,Trading and Hedging Gains,26,2018-Q1,rbnz-dashboard
ASB,Fees and Commission Income,122.1,2018-Q1,rbnz-dashboard
ASB,Other Income,0.1,2018-Q1,rbnz-dashboard
ASB,Operating Expenses,233.4,2018-Q1,rbnz-dashboard
ASB,Profit After Tax,275.2,2018-Q1,rbnz-dashboard
ASB,Total Assets,92450.7,2018-Q1,rbnz-dashboard
ASB,Cash Position,2239.8,2018-Q1,rbnz-dashboard
ASB,Net Loans and Advances,81428.8,2018-Q1,rbnz-dashboard
ASB,Deposits,58694.6,2018-Q1,rbnz-dashboard
ASB,Equity,7593.5,2018-Q1,rbnz-dashboard
ASB,Core Funding Ratio (CFR),85.3,2018-Q1,rbnz-dashboard
BNZ,Total Capital Ratio,13.1,2018-Q1,rbnz-dashboard
BNZ,CET1 Ratio,10.8,2018-Q1,rbnz-dashboard
BNZ,Tier 1 Capital Ratio,12.2,2018-Q1,rbnz-dashboard
BNZ,Total Non-Performing Loans,415.5,2018-Q1,rbnz-dashboard
BNZ,NPL Ratio,0.5,2018-Q1,rbnz-dashboard
BNZ,Return on Assets,0.9,2018-Q1,rbnz-dashboard
BNZ,Return on Equity,12.4,2018-Q1,rbnz-dashboard
BNZ,NIM,2.2,2018-Q1,rbnz-dashboard
BNZ,Net Interest Income,486.7,2018-Q1,rbnz-dashboard
BNZ,Trading and Hedging Gains,45,2018-Q1,rbnz-dashboard
BNZ,Fees and Commission Income,106.4,2018-Q1,rbnz-dashboard
BNZ,Other Income,0.8,2018-Q1,rbnz-dashboard
BNZ,Operating Expenses,299.3,2018-Q1,rbnz-dashboard
BNZ,Profit After Tax,215.1,2018-Q1,rbnz-dashboard
BNZ,Total Assets,97064.7,2018-Q1,rbnz-dashboard
BNZ,Cash Position,3905.8,2018-Q1,rbnz-dashboard
BNZ,Net Loans and Advances,80216.4,2018-Q1,rbnz-dashboard
BNZ,Deposits,61270.9,2018-Q1,rbnz-dashboard
BNZ,Equity,7113,2018-Q1,rbnz-dashboard
BNZ,Core Funding Ratio (CFR),86.2,2018-Q1,rbnz-dashboard
BOB,Total Capital Ratio,78.1,2018-Q1,rbnz-dashboard
BOB,CET1 Ratio,78.1,2018-Q1,rbnz-dashboard
BOB,Tier 1 Capital Ratio,78.1,2018-Q1,rbnz-dashboard
BOB,Total Non-Performing Loans,,2018-Q1,rbnz-dashboard
BOB,NPL Ratio,,2018-Q1,rbnz-dashboard
BOB,Return on Assets,0.8,2018-Q1,rbnz-dashboard
BOB,Return on Equity,2,2018-Q1,rbnz-dashboard
BOB,NIM,2.9,2018-Q1,rbnz-dashboard
BOB,Net Interest Income,0.8,2018-Q1,rbnz-dashboard
BOB,Trading and Hedging Gains,0.3,2018-Q1,rbnz-dashboard
BOB,Fees and Commission Income,0,2018-Q1,rbnz-dashboard
BOB,Other Income,0,2018-Q1,rbnz-dashboard
BOB,Operating Expenses,0.8,2018-Q1,rbnz-dashboard
BOB,Profit After Tax,0.2,2018-Q1,rbnz-dashboard
BOB,Total Assets,115.9,2018-Q1,rbnz-dashboard
BOB,Cash Position,29.2,2018-Q1,rbnz-dashboard
BOB,Net Loans and Advances,85.8,2018-Q1,rbnz-dashboard
BOB,Deposits,68.1,2018-Q1,rbnz-dashboard
BOB,Equity,47.2,2018-Q1,rbnz-dashboard
BOB,Core Funding Ratio (CFR),132,2018-Q1,rbnz-dashboard
BOC,Total Capital Ratio,12.9,2018-Q1,rbnz-dashboard
BOC,CET1 Ratio,12.9,2018-Q1,rbnz-dashboard
BOC,Tier 1 Capital Ratio,12.9,2018-Q1,rbnz-dashboard
BOC,Total Non-Performing Loans,33.3,2018-Q1,rbnz-dashboard
BOC,NPL Ratio,2,2018-Q1,rbnz-dashboard
BOC,Return on Assets,0.9,2018-Q1,rbnz-dashboard
BOC,Return on Equity,8.1,2018-Q1,rbnz-dashboard
BOC,NIM,1.4,2018-Q1,rbnz-dashboard
BOC,Net Interest Income,6.4,2018-Q1,rbnz-dashboard
BOC,Trading and Hedging Gains,0.1,2018-Q1,rbnz-dashboard
BOC,Fees and Commission Income,1.4,2018-Q1,rbnz-dashboard
BOC,Other Income,0,2018-Q1,rbnz-dashboard
BOC,Operating Expenses,2.5,2018-Q1,rbnz-dashboard
BOC,Profit After Tax,4.3,2018-Q1,rbnz-dashboard
BOC,Total Assets,2013.7,2018-Q1,rbnz-dashboard
BOC,Cash Position,242.6,2018-Q1,rbnz-dashboard
BOC,Net Loans and Advances,1684.2,2018-Q1,rbnz-dashboard
BOC,Deposits,448.8,2018-Q1,rbnz-dashboard
BOC,Equity,216.5,2018-Q1,rbnz-dashboard
BOC,Core Funding Ratio (CFR),90.7,2018-Q1,rbnz-dashboard
BOC Group,Total Capital Ratio,,2018-Q1,rbnz-dashboard
BOC Group,CET1 Ratio,,2018-Q1,rbnz-dashboard
BOC Group,Tier 1 Capital Ratio,,2018-Q1,rbnz-dashboard
BOC Group,Total Non-Performing Loans,33.3,2018-Q1,rbnz-dashboard
BOC Group,NPL Ratio,2,2018-Q1,rbnz-dashboard
BOC Group,Return on Assets,,2018-Q1,rbnz-dashboard
BOC Group,Return on Equity,,2018-Q1,rbnz-dashboard
BOC Group,NIM,,2018-Q1,rbnz-dashboard
BOC Group,Net Interest Income,,2018-Q1,rbnz-dashboard
BOC Group,Trading and Hedging Gains,,2018-Q1,rbnz-dashboard
BOC Group,Fees and Commission Income,,2018-Q1,rbnz-dashboard
BOC Group,Other Income,,2018-Q1,rbnz-dashboard
BOC Group,Operating Expenses,,2018-Q1,rbnz-dashboard
BOC Group,Profit After Tax,,2018-Q1,rbnz-dashboard
BOC Group,Total Assets,2013.5,2018-Q1,rbnz-dashboard
BOC Group,Cash Position,242.6,2018-Q1,rbnz-dashboard
BOC Group,Net Loans and Advances,1684.2,2018-Q1,rbnz-dashboard
BOC Group,Deposits,448.8,2018-Q1,rbnz-dashboard
BOC Group,Equity,216.4,2018-Q1,rbnz-dashboard
BOC Group,Core Funding Ratio (CFR),,2018-Q1,rbnz-dashboard
BOI,Total Capital Ratio,57.2,2018-Q1,rbnz-dashboard
BOI,CET1 Ratio,57.2,2018-Q1,rbnz-dashboard
BOI,Tier 1 Capital Ratio,57.2,2018-Q1,rbnz-dashboard
BOI,Total Non-Performing Loans,,2018-Q1,rbnz-dashboard
BOI,NPL Ratio,,2018-Q1,rbnz-dashboard
BOI,Return on Assets,0.5,2018-Q1,rbnz-dashboard
BOI,Return on Equity,1.1,2018-Q1,rbnz-dashboard
BOI,NIM,3,2018-Q1,rbnz-dashboard
BOI,Net Interest Income,0.8,2018-Q1,rbnz-dashboard
BOI,Trading and Hedging Gains,0.2,2018-Q1,rbnz-dashboard
BOI,Fees and Commission Income,0,2018-Q1,rbnz-dashboard
BOI,Other Income,0,2018-Q1,rbnz-dashboard
BOI,Operating Expenses,0.8,2018-Q1,rbnz-dashboard
BOI,Profit After Tax,0.1,2018-Q1,rbnz-dashboard
BOI,Total Assets,102.7,2018-Q1,rbnz-dashboard
BOI,Cash Position,15.1,2018-Q1,rbnz-dashboard
BOI,Net Loans and Advances,86.4,2018-Q1,rbnz-dashboard
BOI,Deposits,48.2,2018-Q1,rbnz-dashboard
BOI,Equity,54,2018-Q1,rbnz-dashboard
BOI,Core Funding Ratio (CFR),108,2018-Q1,rbnz-dashboard
CBA Group,Total Capital Ratio,,2018-Q1,rbnz-dashboard
CBA Group,CET1 Ratio,,2018-Q1,rbnz-dashboard
CBA Group,Tier 1 Capital Ratio,,2018-Q1,rbnz-dashboard
CBA Group,Total Non-Performing Loans,655.6,2018-Q1,rbnz-dashboard
CBA Group,NPL Ratio,0.8,2018-Q1,rbnz-dashboard
CBA Group,Return on Assets,1.1,2018-Q1,rbnz-dashboard
CBA Group,Return on Equity,13.7,2018-Q1,rbnz-dashboard
CBA Group,NIM,2,2018-Q1,rbnz-dashboard
CBA Group,Net Interest Income,485.5,2018-Q1,rbnz-dashboard
CBA Group,Trading and Hedging Gains,24,2018-Q1,rbnz-dashboard
CBA Group,Fees and Commission Income,126.9,2018-Q1,rbnz-dashboard
CBA Group,Other Income,0.8,2018-Q1,rbnz-dashboard
CBA Group,Operating Expenses,236.1,2018-Q1,rbnz-dashboard
CBA Group,Profit After Tax,264,2018-Q1,rbnz-dashboard
CBA Group,Total Assets,98643.4,2018-Q1,rbnz-dashboard
CBA Group,Cash Position,2225.9,2018-Q1,rbnz-dashboard
CBA Group,Net Loans and Advances,84293.4,2018-Q1,rbnz-dashboard
CBA Group,Deposits,58619.4,2018-Q1,rbnz-dashboard
CBA Group,Equity,7715.2,2018-Q1,rbnz-dashboard
CBA Group,Core Funding Ratio (CFR),,2018-Q1,rbnz-dashboard
CCB,Total Capital Ratio,13.4,2018-Q1,rbnz-dashboard
CCB,CET1 Ratio,12.7,2018-Q1,rbnz-dashboard
CCB,Tier 1 Capital Ratio,12.7,2018-Q1,rbnz-dashboard
CCB,Total Non-Performing Loans,0.4,2018-Q1,rbnz-dashboard
CCB,NPL Ratio,0,2018-Q1,rbnz-dashboard
CCB,Return on Assets,0.8,2018-Q1,rbnz-dashboard
CCB,Return on Equity,7.6,2018-Q1,rbnz-dashboard
CCB,NIM,2,2018-Q1,rbnz-dashboard
CCB,Net Interest Income,9.3,2018-Q1,rbnz-dashboard
CCB,Trading and Hedging Gains,-1,2018-Q1,rbnz-dashboard
CCB,Fees and Commission Income,0.3,2018-Q1,rbnz-dashboard
CCB,Other Income,0,2018-Q1,rbnz-dashboard
CCB,Operating Expenses,3.3,2018-Q1,rbnz-dashboard
CCB,Profit After Tax,3.8,2018-Q1,rbnz-dashboard
CCB,Total Assets,1953.1,2018-Q1,rbnz-dashboard
CCB,Cash Position,95.3,2018-Q1,rbnz-dashboard
CCB,Net Loans and Advances,1638.7,2018-Q1,rbnz-dashboard
CCB,Deposits,356.6,2018-Q1,rbnz-dashboard
CCB,Equity,207.6,2018-Q1,rbnz-dashboard
CCB,Core Funding Ratio (CFR),92.7,2018-Q1,rbnz-dashboard
CCB Group,Total Capital Ratio,,2018-Q1,rbnz-dashboard
CCB Group,CET1 Ratio,,2018-Q1,rbnz-dashboard
CCB Group,Tier 1 Capital Ratio,,2018-Q1,rbnz-dashboard
CCB Group,Total Non-Performing Loans,0.4,2018-Q1,rbnz-dashboard
CCB Group,NPL Ratio,0,2018-Q1,rbnz-dashboard
CCB Group,Return on Assets,0.8,2018-Q1,rbnz-dashboard
CCB Group,Return on Equity,7.2,2018-Q1,rbnz-dashboard
CCB Group,NIM,2,2018-Q1,rbnz-dashboard
CCB Group,Net Interest Income,9.3,2018-Q1,rbnz-dashboard
CCB Group,Trading and Hedging Gains,-1,2018-Q1,rbnz-dashboard
CCB Group,Fees and Commission Income,0.3,2018-Q1,rbnz-dashboard
CCB Group,Other Income,0,2018-Q1,rbnz-dashboard
CCB Group,Operating Expenses,3.3,2018-Q1,rbnz-dashboard
CCB Group,Profit After Tax,3.6,2018-Q1,rbnz-dashboard
CCB Group,Total Assets,1979.1,2018-Q1,rbnz-dashboard
CCB Group,Cash Position,95.3,2018-Q1,rbnz-dashboard
CCB Group,Net Loans and Advances,1665,2018-Q1,rbnz-dashboard
CCB Group,Deposits,354.7,2018-Q1,rbnz-dashboard
CCB Group,Equity,207.1,2018-Q1,rbnz-dashboard
CCB Group,Core Funding Ratio (CFR),,2018-Q1,rbnz-dashboard
Co-op,Total Capital Ratio,16.8,2018-Q1,rbnz-dashboard
Co-op,CET1 Ratio,14.1,2018-Q1,rbnz-dashboard
Co-op,Tier 1 Capital Ratio,14.1,2018-Q1,rbnz-dashboard
Co-op,Total Non-Performing Loans,8.7,2018-Q1,rbnz-dashboard
Co-op,NPL Ratio,0.4,2018-Q1,rbnz-dashboard
Co-op,Return on Assets,0.2,2018-Q1,rbnz-dashboard
Co-op,Return on Equity,2.9,2018-Q1,rbnz-dashboard
Co-op,NIM,2.3,2018-Q1,rbnz-dashboard
Co-op,Net Interest Income,14.7,2018-Q1,rbnz-dashboard
Co-op,Trading and Hedging Gains,0,2018-Q1,rbnz-dashboard
Co-op,Fees and Commission Income,2.8,2018-Q1,rbnz-dashboard
Co-op,Other Income,1.6,2018-Q1,rbnz-dashboard
Co-op,Operating Expenses,16.5,2018-Q1,rbnz-dashboard
Co-op,Profit After Tax,1.3,2018-Q1,rbnz-dashboard
Co-op,Total Assets,2628.8,2018-Q1,rbnz-dashboard
Co-op,Cash Position,46.4,2018-Q1,rbnz-dashboard
Co-op,Net Loans and Advances,2292.5,2018-Q1,rbnz-dashboard
Co-op,Deposits,2200.3,2018-Q1,rbnz-dashboard
Co-op,Equity,181.5,2018-Q1,rbnz-dashboard
Co-op,Core Funding Ratio (CFR),103.8,2018-Q1,rbnz-dashboard
Heartland,Total Capital Ratio,14.1,2018-Q1,rbnz-dashboard
Heartland,CET1 Ratio,13.7,2018-Q1,rbnz-dashboard
Heartland,Tier 1 Capital Ratio,13.7,2018-Q1,rbnz-dashboard
Heartland,Total Non-Performing Loans,66.4,2018-Q1,rbnz-dashboard
Heartland,NPL Ratio,1.7,2018-Q1,rbnz-dashboard
Heartland,Return on Assets,1.6,2018-Q1,rbnz-dashboard
Heartland,Return on Equity,11.1,2018-Q1,rbnz-dashboard
Heartland,NIM,4.5,2018-Q1,rbnz-dashboard
Heartland,Net Interest Income,46.7,2018-Q1,rbnz-dashboard
Heartland,Trading and Hedging Gains,0,2018-Q1,rbnz-dashboard
Heartland,Fees and Commission Income,0.5,2018-Q1,rbnz-dashboard
Heartland,Other Income,3,2018-Q1,rbnz-dashboard
Heartland,Operating Expenses,20,2018-Q1,rbnz-dashboard
Heartland,Profit After Tax,17.5,2018-Q1,rbnz-dashboard
Heartland,Total Assets,4388.3,2018-Q1,rbnz-dashboard
Heartland,Cash Position,84.8,2018-Q1,rbnz-dashboard
Heartland,Net Loans and Advances,3882.1,2018-Q1,rbnz-dashboard
Heartland,Deposits,2803.9,2018-Q1,rbnz-dashboard
Heartland,Equity,636.6,2018-Q1,rbnz-dashboard
Heartland,Core Funding Ratio (CFR),95.2,2018-Q1,rbnz-dashboard
ICBC,Total Capital Ratio,13.4,2018-Q1,rbnz-dashboard
ICBC,CET1 Ratio,8.8,2018-Q1,rbnz-dashboard
ICBC,Tier 1 Capital Ratio,8.8,2018-Q1,rbnz-dashboard
ICBC,Total Non-Performing Loans,33.4,2018-Q1,rbnz-dashboard
ICBC,NPL Ratio,2.3,2018-Q1,rbnz-dashboard
ICBC,Return on Assets,0.6,2018-Q1,rbnz-dashboard
ICBC,Return on Equity,7.3,2018-Q1,rbnz-dashboard
ICBC,NIM,2.1,2018-Q1,rbnz-dashboard
ICBC,Net Interest Income,8.1,2018-Q1,rbnz-dashboard
ICBC,Trading and Hedging Gains,-0.2,2018-Q1,rbnz-dashboard
ICBC,Fees and Commission Income,0.4,2018-Q1,rbnz-dashboard
ICBC,Other Income,0,2018-Q1,rbnz-dashboard
ICBC,Operating Expenses,3.9,2018-Q1,rbnz-dashboard
ICBC,Profit After Tax,2.5,2018-Q1,rbnz-dashboard
ICBC,Total Assets,1641.4,2018-Q1,rbnz-dashboard
ICBC,Cash Position,148.8,2018-Q1,rbnz-dashboard
ICBC,Net Loans and Advances,1433.3,2018-Q1,rbnz-dashboard
ICBC,Deposits,506.9,2018-Q1,rbnz-dashboard
ICBC,Equity,141.2,2018-Q1,rbnz-dashboard
ICBC,Core Funding Ratio (CFR),88.4,2018-Q1,rbnz-dashboard
Kiwibank,Total Capital Ratio,15.4,2018-Q1,rbnz-dashboard
Kiwibank,CET1 Ratio,13,2018-Q1,rbnz-dashboard
Kiwibank,Tier 1 Capital Ratio,14.4,2018-Q1,rbnz-dashboard
Kiwibank,Total Non-Performing Loans,21.4,2018-Q1,rbnz-dashboard
Kiwibank,NPL Ratio,0.1,2018-Q1,rbnz-dashboard
Kiwibank,Return on Assets,0.7,2018-Q1,rbnz-dashboard
Kiwibank,Return on Equity,9.4,2018-Q1,rbnz-dashboard
Kiwibank,NIM,2.1,2018-Q1,rbnz-dashboard
Kiwibank,Net Interest Income,103.9,2018-Q1,rbnz-dashboard
Kiwibank,Trading and Hedging Gains,1.9,2018-Q1,rbnz-dashboard
Kiwibank,Fees and Commission Income,34.5,2018-Q1,rbnz-dashboard
Kiwibank,Other Income,14.1,2018-Q1,rbnz-dashboard
Kiwibank,Operating Expenses,107.2,2018-Q1,rbnz-dashboard
Kiwibank,Profit After Tax,33.1,2018-Q1,rbnz-dashboard
Kiwibank,Total Assets,20498.4,2018-Q1,rbnz-dashboard
Kiwibank,Cash Position,693.4,2018-Q1,rbnz-dashboard
Kiwibank,Net Loans and Advances,18207.7,2018-Q1,rbnz-dashboard
Kiwibank,Deposits,16146.8,2018-Q1,rbnz-dashboard
Kiwibank,Equity,1453.1,2018-Q1,rbnz-dashboard
Kiwibank,Core Funding Ratio (CFR),88.8,2018-Q1,rbnz-dashboard
Rabo Group,Total Capital Ratio,,2018-Q1,rbnz-dashboard
Rabo Group,CET1 Ratio,,2018-Q1,rbnz-dashboard
Rabo Group,Tier 1 Capital Ratio,,2018-Q1,rbnz-dashboard
Rabo Group,Total Non-Performing Loans,301.5,2018-Q1,rbnz-dashboard
Rabo Group,NPL Ratio,2.4,2018-Q1,rbnz-dashboard
Rabo Group,Return on Assets,1,2018-Q1,rbnz-dashboard
Rabo Group,Return on Equity,8.7,2018-Q1,rbnz-dashboard
Rabo Group,NIM,2.5,2018-Q1,rbnz-dashboard
Rabo Group,Net Interest Income,91,2018-Q1,rbnz-dashboard
Rabo Group,Trading and Hedging Gains,-13.9,2018-Q1,rbnz-dashboard
Rabo Group,Fees and Commission Income,0.4,2018-Q1,rbnz-dashboard
Rabo Group,Other Income,0,2018-Q1,rbnz-dashboard
Rabo Group,Operating Expenses,26.6,2018-Q1,rbnz-dashboard
Rabo Group,Profit After Tax,37.5,2018-Q1,rbnz-dashboard
Rabo Group,Total Assets,15274.8,2018-Q1,rbnz-dashboard
Rabo Group,Cash Position,2148.9,2018-Q1,rbnz-dashboard
Rabo Group,Net Loans and Advances,12277.6,2018-Q1,rbnz-dashboard
Rabo Group,Deposits,4658.9,2018-Q1,rbnz-dashboard
Rabo Group,Equity,1764.7,2018-Q1,rbnz-dashboard
Rabo Group,Core Funding Ratio (CFR),,2018-Q1,rbnz-dashboard
Rabobank,Total Capital Ratio,13.4,2018-Q1,rbnz-dashboard
Rabobank,CET1 Ratio,13.4,2018-Q1,rbnz-dashboard
Rabobank,Tier 1 Capital Ratio,13.4,2018-Q1,rbnz-dashboard
Rabobank,Total Non-Performing Loans,301.5,2018-Q1,rbnz-dashboard
Rabobank,NPL Ratio,3,2018-Q1,rbnz-dashboard
Rabobank,Return on Assets,1.1,2018-Q1,rbnz-dashboard
Rabobank,Return on Equity,8,2018-Q1,rbnz-dashboard
Rabobank,NIM,2.2,2018-Q1,rbnz-dashboard
Rabobank,Net Interest Income,62.2,2018-Q1,rbnz-dashboard
Rabobank,Trading and Hedging Gains,0.1,2018-Q1,rbnz-dashboard
Rabobank,Fees and Commission Income,0.4,2018-Q1,rbnz-dashboard
Rabobank,Other Income,0,2018-Q1,rbnz-dashboard
Rabobank,Operating Expenses,24.6,2018-Q1,rbnz-dashboard
Rabobank,Profit After Tax,29.3,2018-Q1,rbnz-dashboard
Rabobank,Total Assets,11319.9,2018-Q1,rbnz-dashboard
Rabobank,Cash Position,684.8,2018-Q1,rbnz-dashboard
Rabobank,Net Loans and Advances,9990.6,2018-Q1,rbnz-dashboard
Rabobank,Deposits,4036.7,2018-Q1,rbnz-dashboard
Rabobank,Equity,1500.2,2018-Q1,rbnz-dashboard
Rabobank,Core Funding Ratio (CFR),93.2,2018-Q1,rbnz-dashboard
SBS,Total Capital Ratio,12.8,2018-Q1,rbnz-dashboard
SBS,CET1 Ratio,10.9,2018-Q1,rbnz-dashboard
SBS,Tier 1 Capital Ratio,10.9,2018-Q1,rbnz-dashboard
SBS,Total Non-Performing Loans,13.3,2018-Q1,rbnz-dashboard
SBS,NPL Ratio,0.3,2018-Q1,rbnz-dashboard
SBS,Return on Assets,0.7,2018-Q1,rbnz-dashboard
SBS,Return on Equity,9.9,2018-Q1,rbnz-dashboard
SBS,NIM,2.6,2018-Q1,rbnz-dashboard
SBS,Net Interest Income,28.1,2018-Q1,rbnz-dashboard
SBS,Trading and Hedging Gains,0,2018-Q1,rbnz-dashboard
SBS,Fees and Commission Income,4.4,2018-Q1,rbnz-dashboard
SBS,Other Income,5,2018-Q1,rbnz-dashboard
SBS,Operating Expenses,23.1,2018-Q1,rbnz-dashboard
SBS,Profit After Tax,7.2,2018-Q1,rbnz-dashboard
SBS,Total Assets,4455.2,2018-Q1,rbnz-dashboard
SBS,Cash Position,97.8,2018-Q1,rbnz-dashboard
SBS,Net Loans and Advances,3796,2018-Q1,rbnz-dashboard
SBS,Deposits,3233.3,2018-Q1,rbnz-dashboard
SBS,Equity,297,2018-Q1,rbnz-dashboard
SBS,Core Funding Ratio (CFR),91.2,2018-Q1,rbnz-dashboard
TSB,Total Capital Ratio,14.3,2018-Q1,rbnz-dashboard
TSB,CET1 Ratio,14.3,2018-Q1,rbnz-dashboard
TSB,Tier 1 Capital Ratio,14.3,2018-Q1,rbnz-dashboard
TSB,Total Non-Performing Loans,13.6,2018-Q1,rbnz-dashboard
TSB,NPL Ratio,0.3,2018-Q1,rbnz-dashboard
TSB,Return on Assets,0.8,2018-Q1,rbnz-dashboard
TSB,Return on Equity,9.5,2018-Q1,rbnz-dashboard
TSB,NIM,1.8,2018-Q1,rbnz-dashboard
TSB,Net Interest Income,32.1,2018-Q1,rbnz-dashboard
TSB,Trading and Hedging Gains,0.3,2018-Q1,rbnz-dashboard
TSB,Fees and Commission Income,3.9,2018-Q1,rbnz-dashboard
TSB,Other Income,8.8,2018-Q1,rbnz-dashboard
TSB,Operating Expenses,24.1,2018-Q1,rbnz-dashboard
TSB,Profit After Tax,14.4,2018-Q1,rbnz-dashboard
TSB,Total Assets,7416.3,2018-Q1,rbnz-dashboard
TSB,Cash Position,138.1,2018-Q1,rbnz-dashboard
TSB,Net Loans and Advances,5309.4,2018-Q1,rbnz-dashboard
TSB,Deposits,6706.5,2018-Q1,rbnz-dashboard
TSB,Equity,613,2018-Q1,rbnz-dashboard
TSB,Core Funding Ratio (CFR),128.4,2018-Q1,rbnz-dashboard
WBC Group,Total Capital Ratio,,2018-Q1,rbnz-dashboard
WBC Group,CET1 Ratio,,2018-Q1,rbnz-dashboard
WBC Group,Tier 1 Capital Ratio,,2018-Q1,rbnz-dashboard
WBC Group,Total Non-Performing Loans,298.3,2018-Q1,rbnz-dashboard
WBC Group,NPL Ratio,0.4,2018-Q1,rbnz-dashboard
WBC Group,Return on Assets,1,2018-Q1,rbnz-dashboard
WBC Group,Return on Equity,12.1,2018-Q1,rbnz-dashboard
WBC Group,NIM,2.2,2018-Q1,rbnz-dashboard
WBC Group,Net Interest Income,480.4,2018-Q1,rbnz-dashboard
WBC Group,Trading and Hedging Gains,5.1,2018-Q1,rbnz-dashboard
WBC Group,Fees and Commission Income,107.5,2018-Q1,rbnz-dashboard
WBC Group,Other Income,3.9,2018-Q1,rbnz-dashboard
WBC Group,Operating Expenses,234.5,2018-Q1,rbnz-dashboard
WBC Group,Profit After Tax,245.5,2018-Q1,rbnz-dashboard
WBC Group,Total Assets,96215.8,2018-Q1,rbnz-dashboard
WBC Group,Cash Position,3838.7,2018-Q1,rbnz-dashboard
WBC Group,Net Loans and Advances,79557.1,2018-Q1,rbnz-dashboard
WBC Group,Deposits,62457.4,2018-Q1,rbnz-dashboard
WBC Group,Equity,8280.8,2018-Q1,rbnz-dashboard
WBC Group,Core Funding Ratio (CFR),,2018-Q1,rbnz-dashboard
Westpac,Total Capital Ratio,16.6,2018-Q1,rbnz-dashboard
Westpac,CET1 Ratio,11.8,2018-Q1,rbnz-dashboard
Westpac,Tier 1 Capital Ratio,14.6,2018-Q1,rbnz-dashboard
Westpac,Total Non-Performing Loans,298.3,2018-Q1,rbnz-dashboard
Westpac,NPL Ratio,0.4,2018-Q1,rbnz-dashboard
Westpac,Return on Assets,1,2018-Q1,rbnz-dashboard
Westpac,Return on Equity,12.1,2018-Q1,rbnz-dashboard
Westpac,NIM,2.1,2018-Q1,rbnz-dashboard
Westpac,Net Interest Income,448.7,2018-Q1,rbnz-dashboard
Westpac,Trading and Hedging Gains,-1.3,2018-Q1,rbnz-dashboard
Westpac,Fees and Commission Income,87.5,2018-Q1,rbnz-dashboard
Westpac,Other Income,3.8,2018-Q1,rbnz-dashboard
Westpac,Operating Expenses,222.1,2018-Q1,rbnz-dashboard
Westpac,Profit After Tax,214.2,2018-Q1,rbnz-dashboard
Westpac,Total Assets,90290.4,2018-Q1,rbnz-dashboard
Westpac,Cash Position,3534.2,2018-Q1,rbnz-dashboard
Westpac,Net Loans and Advances,79113.2,2018-Q1,rbnz-dashboard
Westpac,Deposits,61665.4,2018-Q1,rbnz-dashboard
Westpac,Equity,7305.3,2018-Q1,rbnz-dashboard
Westpac,Core Funding Ratio (CFR),84.2,2018-Q1,rbnz-dashboard
ANZ,Total Capital Ratio,14.8,2018-Q2,rbnz-dashboard
ANZ,CET1 Ratio,11.4,2018-Q2,rbnz-dashboard
ANZ,Tier 1 Capital Ratio,14.8,2018-Q2,rbnz-dashboard
ANZ,Total Non-Performing Loans,527,2018-Q2,rbnz-dashboard
ANZ,NPL Ratio,0.4,2018-Q2,rbnz-dashboard
ANZ,Return on Assets,1.2,2018-Q2,rbnz-dashboard
ANZ,Return on Equity,14.4,2018-Q2,rbnz-dashboard
ANZ,NIM,2.2,2018-Q2,rbnz-dashboard
ANZ,Net Interest Income,796,2018-Q2,rbnz-dashboard
ANZ,Trading and Hedging Gains,34,2018-Q2,rbnz-dashboard
ANZ,Fees and Commission Income,167,2018-Q2,rbnz-dashboard
ANZ,Other Income,38,2018-Q2,rbnz-dashboard
ANZ,Operating Expenses,374,2018-Q2,rbnz-dashboard
ANZ,Profit After Tax,474,2018-Q2,rbnz-dashboard
ANZ,Total Assets,161509.8,2018-Q2,rbnz-dashboard
ANZ,Cash Position,4467.8,2018-Q2,rbnz-dashboard
ANZ,Net Loans and Advances,125277.9,2018-Q2,rbnz-dashboard
ANZ,Deposits,102655.7,2018-Q2,rbnz-dashboard
ANZ,Equity,13403,2018-Q2,rbnz-dashboard
ANZ,Core Funding Ratio (CFR),89.6,2018-Q2,rbnz-dashboard
ANZ Group,Total Capital Ratio,,2018-Q2,rbnz-dashboard
ANZ Group,CET1 Ratio,,2018-Q2,rbnz-dashboard
ANZ Group,Tier 1 Capital Ratio,,2018-Q2,rbnz-dashboard
ANZ Group,Total Non-Performing Loans,544.7,2018-Q2,rbnz-dashboard
ANZ Group,NPL Ratio,0.4,2018-Q2,rbnz-dashboard
ANZ Group,Return on Assets,1.2,2018-Q2,rbnz-dashboard
ANZ Group,Return on Equity,16.8,2018-Q2,rbnz-dashboard
ANZ Group,NIM,2.2,2018-Q2,rbnz-dashboard
ANZ Group,Net Interest Income,802,2018-Q2,rbnz-dashboard
ANZ Group,Trading and Hedging Gains,56,2018-Q2,rbnz-dashboard
ANZ Group,Fees and Commission Income,165,2018-Q2,rbnz-dashboard
ANZ Group,Other Income,37,2018-Q2,rbnz-dashboard
ANZ Group,Operating Expenses,374,2018-Q2,rbnz-dashboard
ANZ Group,Profit After Tax,492,2018-Q2,rbnz-dashboard
ANZ Group,Total Assets,164587.5,2018-Q2,rbnz-dashboard
ANZ Group,Cash Position,4467.8,2018-Q2,rbnz-dashboard
ANZ Group,Net Loans and Advances,128394.4,2018-Q2,rbnz-dashboard
ANZ Group,Deposits,102655.7,2018-Q2,rbnz-dashboard
ANZ Group,Equity,11964.2,2018-Q2,rbnz-dashboard
ANZ Group,Core Funding Ratio (CFR),,2018-Q2,rbnz-dashboard
ASB,Total Capital Ratio,13.9,2018-Q2,rbnz-dashboard
ASB,CET1 Ratio,10.6,2018-Q2,rbnz-dashboard
ASB,Tier 1 Capital Ratio,12.4,2018-Q2,rbnz-dashboard
ASB,Total Non-Performing Loans,575.8,2018-Q2,rbnz-dashboard
ASB,NPL Ratio,0.7,2018-Q2,rbnz-dashboard
ASB,Return on Assets,1.3,2018-Q2,rbnz-dashboard
ASB,Return on Equity,16,2018-Q2,rbnz-dashboard
ASB,NIM,2.3,2018-Q2,rbnz-dashboard
ASB,Net Interest Income,529.1,2018-Q2,rbnz-dashboard
ASB,Trading and Hedging Gains,25.3,2018-Q2,rbnz-dashboard
ASB,Fees and Commission Income,125.4,2018-Q2,rbnz-dashboard
ASB,Other Income,6.3,2018-Q2,rbnz-dashboard
ASB,Operating Expenses,247,2018-Q2,rbnz-dashboard
ASB,Profit After Tax,308.8,2018-Q2,rbnz-dashboard
ASB,Total Assets,95412.9,2018-Q2,rbnz-dashboard
ASB,Cash Position,1969.6,2018-Q2,rbnz-dashboard
ASB,Net Loans and Advances,82931,2018-Q2,rbnz-dashboard
ASB,Deposits,59868,2018-Q2,rbnz-dashboard
ASB,Equity,7872.4,2018-Q2,rbnz-dashboard
ASB,Core Funding Ratio (CFR),85.2,2018-Q2,rbnz-dashboard
BNZ,Total Capital Ratio,13.2,2018-Q2,rbnz-dashboard
BNZ,CET1 Ratio,10.2,2018-Q2,rbnz-dashboard
BNZ,Tier 1 Capital Ratio,11.6,2018-Q2,rbnz-dashboard
BNZ,Total Non-Performing Loans,402.7,2018-Q2,rbnz-dashboard
BNZ,NPL Ratio,0.5,2018-Q2,rbnz-dashboard
BNZ,Return on Assets,1,2018-Q2,rbnz-dashboard
BNZ,Return on Equity,14,2018-Q2,rbnz-dashboard
BNZ,NIM,2.1,2018-Q2,rbnz-dashboard
BNZ,Net Interest Income,490.4,2018-Q2,rbnz-dashboard
BNZ,Trading and Hedging Gains,23.9,2018-Q2,rbnz-dashboard
BNZ,Fees and Commission Income,106.3,2018-Q2,rbnz-dashboard
BNZ,Other Income,6.3,2018-Q2,rbnz-dashboard
BNZ,Operating Expenses,253.8,2018-Q2,rbnz-dashboard
BNZ,Profit After Tax,249.5,2018-Q2,rbnz-dashboard
BNZ,Total Assets,101678.3,2018-Q2,rbnz-dashboard
BNZ,Cash Position,3802.8,2018-Q2,rbnz-dashboard
BNZ,Net Loans and Advances,81833,2018-Q2,rbnz-dashboard
BNZ,Deposits,61214.8,2018-Q2,rbnz-dashboard
BNZ,Equity,7076.1,2018-Q2,rbnz-dashboard
BNZ,Core Funding Ratio (CFR),87,2018-Q2,rbnz-dashboard
BOB,Total Capital Ratio,79.7,2018-Q2,rbnz-dashboard
BOB,CET1 Ratio,79.7,2018-Q2,rbnz-dashboard
BOB,Tier 1 Capital Ratio,79.7,2018-Q2,rbnz-dashboard
BOB,Total Non-Performing Loans,,2018-Q2,rbnz-dashboard
BOB,NPL Ratio,,2018-Q2,rbnz-dashboard
BOB,Return on Assets,1.3,2018-Q2,rbnz-dashboard
BOB,Return on Equity,3.1,2018-Q2,rbnz-dashboard
BOB,NIM,2.8,2018-Q2,rbnz-dashboard
BOB,Net Interest Income,0.8,2018-Q2,rbnz-dashboard
BOB,Trading and Hedging Gains,0.3,2018-Q2,rbnz-dashboard
BOB,Fees and Commission Income,0.1,2018-Q2,rbnz-dashboard
BOB,Other Income,0,2018-Q2,rbnz-dashboard
BOB,Operating Expenses,0.6,2018-Q2,rbnz-dashboard
BOB,Profit After Tax,0.4,2018-Q2,rbnz-dashboard
BOB,Total Assets,117.3,2018-Q2,rbnz-dashboard
BOB,Cash Position,32.7,2018-Q2,rbnz-dashboard
BOB,Net Loans and Advances,83.8,2018-Q2,rbnz-dashboard
BOB,Deposits,69.1,2018-Q2,rbnz-dashboard
BOB,Equity,47.6,2018-Q2,rbnz-dashboard
BOB,Core Funding Ratio (CFR),125.9,2018-Q2,rbnz-dashboard
BOC,Total Capital Ratio,11.7,2018-Q2,rbnz-dashboard
BOC,CET1 Ratio,11.7,2018-Q2,rbnz-dashboard
BOC,Tier 1 Capital Ratio,11.7,2018-Q2,rbnz-dashboard
BOC,Total Non-Performing Loans,32.6,2018-Q2,rbnz-dashboard
BOC,NPL Ratio,1.8,2018-Q2,rbnz-dashboard
BOC,Return on Assets,-0.2,2018-Q2,rbnz-dashboard
BOC,Return on Equity,-1.5,2018-Q2,rbnz-dashboard
BOC,NIM,1.3,2018-Q2,rbnz-dashboard
BOC,Net Interest Income,6.9,2018-Q2,rbnz-dashboard
BOC,Trading and Hedging Gains,1.6,2018-Q2,rbnz-dashboard
BOC,Fees and Commission Income,2.4,2018-Q2,rbnz-dashboard
BOC,Other Income,0,2018-Q2,rbnz-dashboard
BOC,Operating Expenses,5,2018-Q2,rbnz-dashboard
BOC,Profit After Tax,-0.8,2018-Q2,rbnz-dashboard
BOC,Total Assets,2154.7,2018-Q2,rbnz-dashboard
BOC,Cash Position,188.5,2018-Q2,rbnz-dashboard
BOC,Net Loans and Advances,1838.3,2018-Q2,rbnz-dashboard
BOC,Deposits,436.2,2018-Q2,rbnz-dashboard
BOC,Equity,215.8,2018-Q2,rbnz-dashboard
BOC,Core Funding Ratio (CFR),92.3,2018-Q2,rbnz-dashboard
BOC Group,Total Capital Ratio,,2018-Q2,rbnz-dashboard
BOC Group,CET1 Ratio,,2018-Q2,rbnz-dashboard
BOC Group,Tier 1 Capital Ratio,,2018-Q2,rbnz-dashboard
BOC Group,Total Non-Performing Loans,32.6,2018-Q2,rbnz-dashboard
BOC Group,NPL Ratio,1.8,2018-Q2,rbnz-dashboard
BOC Group,Return on Assets,-0.2,2018-Q2,rbnz-dashboard
BOC Group,Return on Equity,-1.6,2018-Q2,rbnz-dashboard
BOC Group,NIM,1.3,2018-Q2,rbnz-dashboard
BOC Group,Net Interest Income,6.9,2018-Q2,rbnz-dashboard
BOC Group,Trading and Hedging Gains,1.6,2018-Q2,rbnz-dashboard
BOC Group,Fees and Commission Income,2.4,2018-Q2,rbnz-dashboard
BOC Group,Other Income,0,2018-Q2,rbnz-dashboard
BOC Group,Operating Expenses,5.1,2018-Q2,rbnz-dashboard
BOC Group,Profit After Tax,-0.9,2018-Q2,rbnz-dashboard
BOC Group,Total Assets,2154.5,2018-Q2,rbnz-dashboard
BOC Group,Cash Position,188.5,2018-Q2,rbnz-dashboard
BOC Group,Net Loans and Advances,1838.3,2018-Q2,rbnz-dashboard
BOC Group,Deposits,436.2,2018-Q2,rbnz-dashboard
BOC Group,Equity,215.6,2018-Q2,rbnz-dashboard
BOC Group,Core Funding Ratio (CFR),,2018-Q2,rbnz-dashboard
BOI,Total Capital Ratio,63,2018-Q2,rbnz-dashboard
BOI,CET1 Ratio,63,2018-Q2,rbnz-dashboard
BOI,Tier 1 Capital Ratio,63,2018-Q2,rbnz-dashboard
BOI,Total Non-Performing Loans,,2018-Q2,rbnz-dashboard
BOI,NPL Ratio,,2018-Q2,rbnz-dashboard
BOI,Return on Assets,1.3,2018-Q2,rbnz-dashboard
BOI,Return on Equity,2.5,2018-Q2,rbnz-dashboard
BOI,NIM,3.6,2018-Q2,rbnz-dashboard
BOI,Net Interest Income,0.9,2018-Q2,rbnz-dashboard
BOI,Trading and Hedging Gains,0.1,2018-Q2,rbnz-dashboard
BOI,Fees and Commission Income,0,2018-Q2,rbnz-dashboard
BOI,Other Income,0,2018-Q2,rbnz-dashboard
BOI,Operating Expenses,0.6,2018-Q2,rbnz-dashboard
BOI,Profit After Tax,0.3,2018-Q2,rbnz-dashboard
BOI,Total Assets,96.4,2018-Q2,rbnz-dashboard
BOI,Cash Position,16.5,2018-Q2,rbnz-dashboard
BOI,Net Loans and Advances,78.8,2018-Q2,rbnz-dashboard
BOI,Deposits,41.5,2018-Q2,rbnz-dashboard
BOI,Equity,54.4,2018-Q2,rbnz-dashboard
BOI,Core Funding Ratio (CFR),102.6,2018-Q2,rbnz-dashboard
CBA Group,Total Capital Ratio,,2018-Q2,rbnz-dashboard
CBA Group,CET1 Ratio,,2018-Q2,rbnz-dashboard
CBA Group,Tier 1 Capital Ratio,,2018-Q2,rbnz-dashboard
CBA Group,Total Non-Performing Loans,575.8,2018-Q2,rbnz-dashboard
CBA Group,NPL Ratio,0.7,2018-Q2,rbnz-dashboard
CBA Group,Return on Assets,1.2,2018-Q2,rbnz-dashboard
CBA Group,Return on Equity,15.1,2018-Q2,rbnz-dashboard
CBA Group,NIM,2.1,2018-Q2,rbnz-dashboard
CBA Group,Net Interest Income,501.7,2018-Q2,rbnz-dashboard
CBA Group,Trading and Hedging Gains,29.4,2018-Q2,rbnz-dashboard
CBA Group,Fees and Commission Income,131.6,2018-Q2,rbnz-dashboard
CBA Group,Other Income,6.3,2018-Q2,rbnz-dashboard
CBA Group,Operating Expenses,248.9,2018-Q2,rbnz-dashboard
CBA Group,Profit After Tax,295.5,2018-Q2,rbnz-dashboard
CBA Group,Total Assets,101338.3,2018-Q2,rbnz-dashboard
CBA Group,Cash Position,1976.7,2018-Q2,rbnz-dashboard
CBA Group,Net Loans and Advances,85728.4,2018-Q2,rbnz-dashboard
CBA Group,Deposits,59777,2018-Q2,rbnz-dashboard
CBA Group,Equity,7996.9,2018-Q2,rbnz-dashboard
CBA Group,Core Funding Ratio (CFR),,2018-Q2,rbnz-dashboard
CCB,Total Capital Ratio,20.2,2018-Q2,rbnz-dashboard
CCB,CET1 Ratio,18.8,2018-Q2,rbnz-dashboard
CCB,Tier 1 Capital Ratio,18.8,2018-Q2,rbnz-dashboard
CCB,Total Non-Performing Loans,0.4,2018-Q2,rbnz-dashboard
CCB,NPL Ratio,0,2018-Q2,rbnz-dashboard
CCB,Return on Assets,0.9,2018-Q2,rbnz-dashboard
CCB,Return on Equity,8.3,2018-Q2,rbnz-dashboard
CCB,NIM,1.9,2018-Q2,rbnz-dashboard
CCB,Net Interest Income,8.8,2018-Q2,rbnz-dashboard
CCB,Trading and Hedging Gains,-0.1,2018-Q2,rbnz-dashboard
CCB,Fees and Commission Income,0.3,2018-Q2,rbnz-dashboard
CCB,Other Income,0,2018-Q2,rbnz-dashboard
CCB,Operating Expenses,4,2018-Q2,rbnz-dashboard
CCB,Profit After Tax,4.3,2018-Q2,rbnz-dashboard
CCB,Total Assets,1646.7,2018-Q2,rbnz-dashboard
CCB,Cash Position,203.5,2018-Q2,rbnz-dashboard
CCB,Net Loans and Advances,1268.8,2018-Q2,rbnz-dashboard
CCB,Deposits,360.9,2018-Q2,rbnz-dashboard
CCB,Equity,211.8,2018-Q2,rbnz-dashboard
CCB,Core Funding Ratio (CFR),92.5,2018-Q2,rbnz-dashboard
CCB Group,Total Capital Ratio,,2018-Q2,rbnz-dashboard
CCB Group,CET1 Ratio,,2018-Q2,rbnz-dashboard
CCB Group,Tier 1 Capital Ratio,,2018-Q2,rbnz-dashboard
CCB Group,Total Non-Performing Loans,0.4,2018-Q2,rbnz-dashboard
CCB Group,NPL Ratio,0,2018-Q2,rbnz-dashboard
CCB Group,Return on Assets,0.7,2018-Q2,rbnz-dashboard
CCB Group,Return on Equity,6.9,2018-Q2,rbnz-dashboard
CCB Group,NIM,1.9,2018-Q2,rbnz-dashboard
CCB Group,Net Interest Income,9.3,2018-Q2,rbnz-dashboard
CCB Group,Trading and Hedging Gains,0.3,2018-Q2,rbnz-dashboard
CCB Group,Fees and Commission Income,0.3,2018-Q2,rbnz-dashboard
CCB Group,Other Income,0,2018-Q2,rbnz-dashboard
CCB Group,Operating Expenses,4.1,2018-Q2,rbnz-dashboard
CCB Group,Profit After Tax,3.6,2018-Q2,rbnz-dashboard
CCB Group,Total Assets,2119.1,2018-Q2,rbnz-dashboard
CCB Group,Cash Position,274.8,2018-Q2,rbnz-dashboard
CCB Group,Net Loans and Advances,1641.8,2018-Q2,rbnz-dashboard
CCB Group,Deposits,350.5,2018-Q2,rbnz-dashboard
CCB Group,Equity,210.8,2018-Q2,rbnz-dashboard
CCB Group,Core Funding Ratio (CFR),,2018-Q2,rbnz-dashboard
Co-op,Total Capital Ratio,16.7,2018-Q2,rbnz-dashboard
Co-op,CET1 Ratio,14,2018-Q2,rbnz-dashboard
Co-op,Tier 1 Capital Ratio,14,2018-Q2,rbnz-dashboard
Co-op,Total Non-Performing Loans,7.7,2018-Q2,rbnz-dashboard
Co-op,NPL Ratio,0.3,2018-Q2,rbnz-dashboard
Co-op,Return on Assets,0.4,2018-Q2,rbnz-dashboard
Co-op,Return on Equity,6,2018-Q2,rbnz-dashboard
Co-op,NIM,2.4,2018-Q2,rbnz-dashboard
Co-op,Net Interest Income,15.3,2018-Q2,rbnz-dashboard
Co-op,Trading and Hedging Gains,0.2,2018-Q2,rbnz-dashboard
Co-op,Fees and Commission Income,2.5,2018-Q2,rbnz-dashboard
Co-op,Other Income,2,2018-Q2,rbnz-dashboard
Co-op,Operating Expenses,15.3,2018-Q2,rbnz-dashboard
Co-op,Profit After Tax,2.7,2018-Q2,rbnz-dashboard
Co-op,Total Assets,2660.9,2018-Q2,rbnz-dashboard
Co-op,Cash Position,38.5,2018-Q2,rbnz-dashboard
Co-op,Net Loans and Advances,2326,2018-Q2,rbnz-dashboard
Co-op,Deposits,2221.9,2018-Q2,rbnz-dashboard
Co-op,Equity,183.3,2018-Q2,rbnz-dashboard
Co-op,Core Funding Ratio (CFR),104,2018-Q2,rbnz-dashboard
Heartland,Total Capital Ratio,14.1,2018-Q2,rbnz-dashboard
Heartland,CET1 Ratio,13.7,2018-Q2,rbnz-dashboard
Heartland,Tier 1 Capital Ratio,13.7,2018-Q2,rbnz-dashboard
Heartland,Total Non-Performing Loans,73.9,2018-Q2,rbnz-dashboard
Heartland,NPL Ratio,1.8,2018-Q2,rbnz-dashboard
Heartland,Return on Assets,1.7,2018-Q2,rbnz-dashboard
Heartland,Return on Equity,11.5,2018-Q2,rbnz-dashboard
Heartland,NIM,4.4,2018-Q2,rbnz-dashboard
Heartland,Net Interest Income,47,2018-Q2,rbnz-dashboard
Heartland,Trading and Hedging Gains,-0.3,2018-Q2,rbnz-dashboard
Heartland,Fees and Commission Income,0.6,2018-Q2,rbnz-dashboard
Heartland,Other Income,7.1,2018-Q2,rbnz-dashboard
Heartland,Operating Expenses,22.3,2018-Q2,rbnz-dashboard
Heartland,Profit After Tax,18.7,2018-Q2,rbnz-dashboard
Heartland,Total Assets,4495.9,2018-Q2,rbnz-dashboard
Heartland,Cash Position,57.2,2018-Q2,rbnz-dashboard
Heartland,Net Loans and Advances,3984.9,2018-Q2,rbnz-dashboard
Heartland,Deposits,2881.8,2018-Q2,rbnz-dashboard
Heartland,Equity,664.2,2018-Q2,rbnz-dashboard
Heartland,Core Funding Ratio (CFR),93.9,2018-Q2,rbnz-dashboard
ICBC,Total Capital Ratio,19.4,2018-Q2,rbnz-dashboard
ICBC,CET1 Ratio,14.7,2018-Q2,rbnz-dashboard
ICBC,Tier 1 Capital Ratio,14.7,2018-Q2,rbnz-dashboard
ICBC,Total Non-Performing Loans,36.1,2018-Q2,rbnz-dashboard
ICBC,NPL Ratio,2.2,2018-Q2,rbnz-dashboard
ICBC,Return on Assets,-0.2,2018-Q2,rbnz-dashboard
ICBC,Return on Equity,-2.6,2018-Q2,rbnz-dashboard
ICBC,NIM,1.9,2018-Q2,rbnz-dashboard
ICBC,Net Interest Income,8.8,2018-Q2,rbnz-dashboard
ICBC,Trading and Hedging Gains,0.3,2018-Q2,rbnz-dashboard
ICBC,Fees and Commission Income,0.5,2018-Q2,rbnz-dashboard
ICBC,Other Income,0,2018-Q2,rbnz-dashboard
ICBC,Operating Expenses,4.5,2018-Q2,rbnz-dashboard
ICBC,Profit After Tax,-1.1,2018-Q2,rbnz-dashboard
ICBC,Total Assets,2505.3,2018-Q2,rbnz-dashboard
ICBC,Cash Position,857.1,2018-Q2,rbnz-dashboard
ICBC,Net Loans and Advances,1585,2018-Q2,rbnz-dashboard
ICBC,Deposits,1135.5,2018-Q2,rbnz-dashboard
ICBC,Equity,228.2,2018-Q2,rbnz-dashboard
ICBC,Core Funding Ratio (CFR),86.9,2018-Q2,rbnz-dashboard
Kiwibank,Total Capital Ratio,15.8,2018-Q2,rbnz-dashboard
Kiwibank,CET1 Ratio,13.4,2018-Q2,rbnz-dashboard
Kiwibank,Tier 1 Capital Ratio,14.8,2018-Q2,rbnz-dashboard
Kiwibank,Total Non-Performing Loans,22.4,2018-Q2,rbnz-dashboard
Kiwibank,NPL Ratio,0.1,2018-Q2,rbnz-dashboard
Kiwibank,Return on Assets,0.8,2018-Q2,rbnz-dashboard
Kiwibank,Return on Equity,10.6,2018-Q2,rbnz-dashboard
Kiwibank,NIM,2.2,2018-Q2,rbnz-dashboard
Kiwibank,Net Interest Income,108.6,2018-Q2,rbnz-dashboard
Kiwibank,Trading and Hedging Gains,2.4,2018-Q2,rbnz-dashboard
Kiwibank,Fees and Commission Income,34.9,2018-Q2,rbnz-dashboard
Kiwibank,Other Income,21.3,2018-Q2,rbnz-dashboard
Kiwibank,Operating Expenses,115.7,2018-Q2,rbnz-dashboard
Kiwibank,Profit After Tax,38.8,2018-Q2,rbnz-dashboard
Kiwibank,Total Assets,20714.8,2018-Q2,rbnz-dashboard
Kiwibank,Cash Position,579.1,2018-Q2,rbnz-dashboard
Kiwibank,Net Loans and Advances,18379.9,2018-Q2,rbnz-dashboard
Kiwibank,Deposits,16173,2018-Q2,rbnz-dashboard
Kiwibank,Equity,1487.5,2018-Q2,rbnz-dashboard
Kiwibank,Core Funding Ratio (CFR),88.7,2018-Q2,rbnz-dashboard
Rabo Group,Total Capital Ratio,,2018-Q2,rbnz-dashboard
Rabo Group,CET1 Ratio,,2018-Q2,rbnz-dashboard
Rabo Group,Tier 1 Capital Ratio,,2018-Q2,rbnz-dashboard
Rabo Group,Total Non-Performing Loans,280.6,2018-Q2,rbnz-dashboard
Rabo Group,NPL Ratio,2.3,2018-Q2,rbnz-dashboard
Rabo Group,Return on Assets,0.9,2018-Q2,rbnz-dashboard
Rabo Group,Return on Equity,7.5,2018-Q2,rbnz-dashboard
Rabo Group,NIM,2.3,2018-Q2,rbnz-dashboard
Rabo Group,Net Interest Income,87.2,2018-Q2,rbnz-dashboard
Rabo Group,Trading and Hedging Gains,-11.6,2018-Q2,rbnz-dashboard
Rabo Group,Fees and Commission Income,0.4,2018-Q2,rbnz-dashboard
Rabo Group,Other Income,0.4,2018-Q2,rbnz-dashboard
Rabo Group,Operating Expenses,25.8,2018-Q2,rbnz-dashboard
Rabo Group,Profit After Tax,33.3,2018-Q2,rbnz-dashboard
Rabo Group,Total Assets,14852.8,2018-Q2,rbnz-dashboard
Rabo Group,Cash Position,1832.8,2018-Q2,rbnz-dashboard
Rabo Group,Net Loans and Advances,12213.3,2018-Q2,rbnz-dashboard
Rabo Group,Deposits,4602.7,2018-Q2,rbnz-dashboard
Rabo Group,Equity,1801.3,2018-Q2,rbnz-dashboard
Rabo Group,Core Funding Ratio (CFR),,2018-Q2,rbnz-dashboard
Rabobank,Total Capital Ratio,13.4,2018-Q2,rbnz-dashboard
Rabobank,CET1 Ratio,13.4,2018-Q2,rbnz-dashboard
Rabobank,Tier 1 Capital Ratio,13.4,2018-Q2,rbnz-dashboard
Rabobank,Total Non-Performing Loans,280.6,2018-Q2,rbnz-dashboard
Rabobank,NPL Ratio,2.8,2018-Q2,rbnz-dashboard
Rabobank,Return on Assets,0.9,2018-Q2,rbnz-dashboard
Rabobank,Return on Equity,7,2018-Q2,rbnz-dashboard
Rabobank,NIM,2.2,2018-Q2,rbnz-dashboard
Rabobank,Net Interest Income,63.2,2018-Q2,rbnz-dashboard
Rabobank,Trading and Hedging Gains,0.1,2018-Q2,rbnz-dashboard
Rabobank,Fees and Commission Income,0.3,2018-Q2,rbnz-dashboard
Rabobank,Other Income,0.3,2018-Q2,rbnz-dashboard
Rabobank,Operating Expenses,24.3,2018-Q2,rbnz-dashboard
Rabobank,Profit After Tax,26.5,2018-Q2,rbnz-dashboard
Rabobank,Total Assets,11510.2,2018-Q2,rbnz-dashboard
Rabobank,Cash Position,720.2,2018-Q2,rbnz-dashboard
Rabobank,Net Loans and Advances,10111.8,2018-Q2,rbnz-dashboard
Rabobank,Deposits,4004.7,2018-Q2,rbnz-dashboard
Rabobank,Equity,1530.7,2018-Q2,rbnz-dashboard
Rabobank,Core Funding Ratio (CFR),93.5,2018-Q2,rbnz-dashboard
SBS,Total Capital Ratio,13,2018-Q2,rbnz-dashboard
SBS,CET1 Ratio,11.1,2018-Q2,rbnz-dashboard
SBS,Tier 1 Capital Ratio,11.1,2018-Q2,rbnz-dashboard
SBS,Total Non-Performing Loans,14.9,2018-Q2,rbnz-dashboard
SBS,NPL Ratio,0.4,2018-Q2,rbnz-dashboard
SBS,Return on Assets,0.7,2018-Q2,rbnz-dashboard
SBS,Return on Equity,10.3,2018-Q2,rbnz-dashboard
SBS,NIM,2.6,2018-Q2,rbnz-dashboard
SBS,Net Interest Income,28.5,2018-Q2,rbnz-dashboard
SBS,Trading and Hedging Gains,0,2018-Q2,rbnz-dashboard
SBS,Fees and Commission Income,3.8,2018-Q2,rbnz-dashboard
SBS,Other Income,5.4,2018-Q2,rbnz-dashboard
SBS,Operating Expenses,23.2,2018-Q2,rbnz-dashboard
SBS,Profit After Tax,7.7,2018-Q2,rbnz-dashboard
SBS,Total Assets,4500.7,2018-Q2,rbnz-dashboard
SBS,Cash Position,66.2,2018-Q2,rbnz-dashboard
SBS,Net Loans and Advances,3835.7,2018-Q2,rbnz-dashboard
SBS,Deposits,3271,2018-Q2,rbnz-dashboard
SBS,Equity,305.3,2018-Q2,rbnz-dashboard
SBS,Core Funding Ratio (CFR),96.6,2018-Q2,rbnz-dashboard
TSB,Total Capital Ratio,14.7,2018-Q2,rbnz-dashboard
TSB,CET1 Ratio,14.7,2018-Q2,rbnz-dashboard
TSB,Tier 1 Capital Ratio,14.7,2018-Q2,rbnz-dashboard
TSB,Total Non-Performing Loans,12.1,2018-Q2,rbnz-dashboard
TSB,NPL Ratio,0.2,2018-Q2,rbnz-dashboard
TSB,Return on Assets,0.8,2018-Q2,rbnz-dashboard
TSB,Return on Equity,9,2018-Q2,rbnz-dashboard
TSB,NIM,1.8,2018-Q2,rbnz-dashboard
TSB,Net Interest Income,33.6,2018-Q2,rbnz-dashboard
TSB,Trading and Hedging Gains,0,2018-Q2,rbnz-dashboard
TSB,Fees and Commission Income,4,2018-Q2,rbnz-dashboard
TSB,Other Income,1.2,2018-Q2,rbnz-dashboard
TSB,Operating Expenses,19.7,2018-Q2,rbnz-dashboard
TSB,Profit After Tax,13.9,2018-Q2,rbnz-dashboard
TSB,Total Assets,7454.2,2018-Q2,rbnz-dashboard
TSB,Cash Position,109.1,2018-Q2,rbnz-dashboard
TSB,Net Loans and Advances,5452,2018-Q2,rbnz-dashboard
TSB,Deposits,6744.6,2018-Q2,rbnz-dashboard
TSB,Equity,627.2,2018-Q2,rbnz-dashboard
TSB,Core Funding Ratio (CFR),127.1,2018-Q2,rbnz-dashboard
WBC Group,Total Capital Ratio,,2018-Q2,rbnz-dashboard
WBC Group,CET1 Ratio,,2018-Q2,rbnz-dashboard
WBC Group,Tier 1 Capital Ratio,,2018-Q2,rbnz-dashboard
WBC Group,Total Non-Performing Loans,277,2018-Q2,rbnz-dashboard
WBC Group,NPL Ratio,0.3,2018-Q2,rbnz-dashboard
WBC Group,Return on Assets,1.3,2018-Q2,rbnz-dashboard
WBC Group,Return on Equity,14.5,2018-Q2,rbnz-dashboard
WBC Group,NIM,2.1,2018-Q2,rbnz-dashboard
WBC Group,Net Interest Income,478.2,2018-Q2,rbnz-dashboard
WBC Group,Trading and Hedging Gains,60,2018-Q2,rbnz-dashboard
WBC Group,Fees and Commission Income,118.3,2018-Q2,rbnz-dashboard
WBC Group,Other Income,2.8,2018-Q2,rbnz-dashboard
WBC Group,Operating Expenses,242.4,2018-Q2,rbnz-dashboard
WBC Group,Profit After Tax,304.5,2018-Q2,rbnz-dashboard
WBC Group,Total Assets,98437.6,2018-Q2,rbnz-dashboard
WBC Group,Cash Position,3233.2,2018-Q2,rbnz-dashboard
WBC Group,Net Loans and Advances,80276.8,2018-Q2,rbnz-dashboard
WBC Group,Deposits,63337.3,2018-Q2,rbnz-dashboard
WBC Group,Equity,8565.7,2018-Q2,rbnz-dashboard
WBC Group,Core Funding Ratio (CFR),,2018-Q2,rbnz-dashboard
Westpac,Total Capital Ratio,17.1,2018-Q2,rbnz-dashboard
Westpac,CET1 Ratio,12.2,2018-Q2,rbnz-dashboard
Westpac,Tier 1 Capital Ratio,15,2018-Q2,rbnz-dashboard
Westpac,Total Non-Performing Loans,277,2018-Q2,rbnz-dashboard
Westpac,NPL Ratio,0.3,2018-Q2,rbnz-dashboard
Westpac,Return on Assets,1.1,2018-Q2,rbnz-dashboard
Westpac,Return on Equity,13.2,2018-Q2,rbnz-dashboard
Westpac,NIM,2.1,2018-Q2,rbnz-dashboard
Westpac,Net Interest Income,465.6,2018-Q2,rbnz-dashboard
Westpac,Trading and Hedging Gains,1.3,2018-Q2,rbnz-dashboard
Westpac,Fees and Commission Income,95.8,2018-Q2,rbnz-dashboard
Westpac,Other Income,2.9,2018-Q2,rbnz-dashboard
Westpac,Operating Expenses,229.1,2018-Q2,rbnz-dashboard
Westpac,Profit After Tax,243.8,2018-Q2,rbnz-dashboard
Westpac,Total Assets,91294,2018-Q2,rbnz-dashboard
Westpac,Cash Position,3031.3,2018-Q2,rbnz-dashboard
Westpac,Net Loans and Advances,79777.6,2018-Q2,rbnz-dashboard
Westpac,Deposits,62468.7,2018-Q2,rbnz-dashboard
Westpac,Equity,7528.1,2018-Q2,rbnz-dashboard
Westpac,Core Funding Ratio (CFR),84.7,2018-Q2,rbnz-dashboard
ANZ,Total Capital Ratio,14.4,2018-Q3,rbnz-dashboard
ANZ,CET1 Ratio,11.1,2018-Q3,rbnz-dashboard
ANZ,Tier 1 Capital Ratio,14.4,2018-Q3,rbnz-dashboard
ANZ,Total Non-Performing Loans,526.4,2018-Q3,rbnz-dashboard
ANZ,NPL Ratio,0.4,2018-Q3,rbnz-dashboard
ANZ,Return on Assets,1.3,2018-Q3,rbnz-dashboard
ANZ,Return on Equity,15.6,2018-Q3,rbnz-dashboard
ANZ,NIM,2.2,2018-Q3,rbnz-dashboard
ANZ,Net Interest Income,798,2018-Q3,rbnz-dashboard
ANZ,Trading and Hedging Gains,92,2018-Q3,rbnz-dashboard
ANZ,Fees and Commission Income,163,2018-Q3,rbnz-dashboard
ANZ,Other Income,45,2018-Q3,rbnz-dashboard
ANZ,Operating Expenses,396,2018-Q3,rbnz-dashboard
ANZ,Profit After Tax,521,2018-Q3,rbnz-dashboard
ANZ,Total Assets,159011.8,2018-Q3,rbnz-dashboard
ANZ,Cash Position,4023.4,2018-Q3,rbnz-dashboard
ANZ,Net Loans and Advances,126466.1,2018-Q3,rbnz-dashboard
ANZ,Deposits,104055.3,2018-Q3,rbnz-dashboard
ANZ,Equity,13108.7,2018-Q3,rbnz-dashboard
ANZ,Core Funding Ratio (CFR),89.5,2018-Q3,rbnz-dashboard
ANZ Group,Total Capital Ratio,,2018-Q3,rbnz-dashboard
ANZ Group,CET1 Ratio,,2018-Q3,rbnz-dashboard
ANZ Group,Tier 1 Capital Ratio,,2018-Q3,rbnz-dashboard
ANZ Group,Total Non-Performing Loans,544.5,2018-Q3,rbnz-dashboard
ANZ Group,NPL Ratio,0.4,2018-Q3,rbnz-dashboard
ANZ Group,Return on Assets,1.3,2018-Q3,rbnz-dashboard
ANZ Group,Return on Equity,17.6,2018-Q3,rbnz-dashboard
ANZ Group,NIM,2.1,2018-Q3,rbnz-dashboard
ANZ Group,Net Interest Income,803,2018-Q3,rbnz-dashboard
ANZ Group,Trading and Hedging Gains,103,2018-Q3,rbnz-dashboard
ANZ Group,Fees and Commission Income,161,2018-Q3,rbnz-dashboard
ANZ Group,Other Income,44,2018-Q3,rbnz-dashboard
ANZ Group,Operating Expenses,396,2018-Q3,rbnz-dashboard
ANZ Group,Profit After Tax,530,2018-Q3,rbnz-dashboard
ANZ Group,Total Assets,161416.1,2018-Q3,rbnz-dashboard
ANZ Group,Cash Position,4230.8,2018-Q3,rbnz-dashboard
ANZ Group,Net Loans and Advances,128677.3,2018-Q3,rbnz-dashboard
ANZ Group,Deposits,104055.3,2018-Q3,rbnz-dashboard
ANZ Group,Equity,11235.6,2018-Q3,rbnz-dashboard
ANZ Group,Core Funding Ratio (CFR),,2018-Q3,rbnz-dashboard
ASB,Total Capital Ratio,13.9,2018-Q3,rbnz-dashboard
ASB,CET1 Ratio,10.7,2018-Q3,rbnz-dashboard
ASB,Tier 1 Capital Ratio,12.5,2018-Q3,rbnz-dashboard
ASB,Total Non-Performing Loans,523.6,2018-Q3,rbnz-dashboard
ASB,NPL Ratio,0.6,2018-Q3,rbnz-dashboard
ASB,Return on Assets,1.3,2018-Q3,rbnz-dashboard
ASB,Return on Equity,15.8,2018-Q3,rbnz-dashboard
ASB,NIM,2.3,2018-Q3,rbnz-dashboard
ASB,Net Interest Income,531.9,2018-Q3,rbnz-dashboard
ASB,Trading and Hedging Gains,20.9,2018-Q3,rbnz-dashboard
ASB,Fees and Commission Income,129.8,2018-Q3,rbnz-dashboard
ASB,Other Income,0,2018-Q3,rbnz-dashboard
ASB,Operating Expenses,232.7,2018-Q3,rbnz-dashboard
ASB,Profit After Tax,317.1,2018-Q3,rbnz-dashboard
ASB,Total Assets,95759.5,2018-Q3,rbnz-dashboard
ASB,Cash Position,2223.7,2018-Q3,rbnz-dashboard
ASB,Net Loans and Advances,83769.9,2018-Q3,rbnz-dashboard
ASB,Deposits,61460.8,2018-Q3,rbnz-dashboard
ASB,Equity,7983.1,2018-Q3,rbnz-dashboard
ASB,Core Funding Ratio (CFR),86.7,2018-Q3,rbnz-dashboard
BNZ,Total Capital Ratio,13.6,2018-Q3,rbnz-dashboard
BNZ,CET1 Ratio,10.6,2018-Q3,rbnz-dashboard
BNZ,Tier 1 Capital Ratio,12,2018-Q3,rbnz-dashboard
BNZ,Total Non-Performing Loans,378.4,2018-Q3,rbnz-dashboard
BNZ,NPL Ratio,0.5,2018-Q3,rbnz-dashboard
BNZ,Return on Assets,1.1,2018-Q3,rbnz-dashboard
BNZ,Return on Equity,15.9,2018-Q3,rbnz-dashboard
BNZ,NIM,2.1,2018-Q3,rbnz-dashboard
BNZ,Net Interest Income,497.2,2018-Q3,rbnz-dashboard
BNZ,Trading and Hedging Gains,69.2,2018-Q3,rbnz-dashboard
BNZ,Fees and Commission Income,91.8,2018-Q3,rbnz-dashboard
BNZ,Other Income,0,2018-Q3,rbnz-dashboard
BNZ,Operating Expenses,249.1,2018-Q3,rbnz-dashboard
BNZ,Profit After Tax,289.2,2018-Q3,rbnz-dashboard
BNZ,Total Assets,99991.1,2018-Q3,rbnz-dashboard
BNZ,Cash Position,2531.5,2018-Q3,rbnz-dashboard
BNZ,Net Loans and Advances,83195.8,2018-Q3,rbnz-dashboard
BNZ,Deposits,61314.7,2018-Q3,rbnz-dashboard
BNZ,Equity,7379.6,2018-Q3,rbnz-dashboard
BNZ,Core Funding Ratio (CFR),87.3,2018-Q3,rbnz-dashboard
BOB,Total Capital Ratio,80.7,2018-Q3,rbnz-dashboard
BOB,CET1 Ratio,80.7,2018-Q3,rbnz-dashboard
BOB,Tier 1 Capital Ratio,80.7,2018-Q3,rbnz-dashboard
BOB,Total Non-Performing Loans,,2018-Q3,rbnz-dashboard
BOB,NPL Ratio,,2018-Q3,rbnz-dashboard
BOB,Return on Assets,0.7,2018-Q3,rbnz-dashboard
BOB,Return on Equity,1.7,2018-Q3,rbnz-dashboard
BOB,NIM,2.7,2018-Q3,rbnz-dashboard
BOB,Net Interest Income,0.8,2018-Q3,rbnz-dashboard
BOB,Trading and Hedging Gains,0.3,2018-Q3,rbnz-dashboard
BOB,Fees and Commission Income,0.1,2018-Q3,rbnz-dashboard
BOB,Other Income,0,2018-Q3,rbnz-dashboard
BOB,Operating Expenses,0.8,2018-Q3,rbnz-dashboard
BOB,Profit After Tax,0.2,2018-Q3,rbnz-dashboard
BOB,Total Assets,119.1,2018-Q3,rbnz-dashboard
BOB,Cash Position,33.9,2018-Q3,rbnz-dashboard
BOB,Net Loans and Advances,84.3,2018-Q3,rbnz-dashboard
BOB,Deposits,70.4,2018-Q3,rbnz-dashboard
BOB,Equity,47.8,2018-Q3,rbnz-dashboard
BOB,Core Funding Ratio (CFR),130.8,2018-Q3,rbnz-dashboard
BOC,Total Capital Ratio,11.4,2018-Q3,rbnz-dashboard
BOC,CET1 Ratio,11.4,2018-Q3,rbnz-dashboard
BOC,Tier 1 Capital Ratio,11.4,2018-Q3,rbnz-dashboard
BOC,Total Non-Performing Loans,33.8,2018-Q3,rbnz-dashboard
BOC,NPL Ratio,1.8,2018-Q3,rbnz-dashboard
BOC,Return on Assets,0.2,2018-Q3,rbnz-dashboard
BOC,Return on Equity,2.5,2018-Q3,rbnz-dashboard
BOC,NIM,1.5,2018-Q3,rbnz-dashboard
BOC,Net Interest Income,8.3,2018-Q3,rbnz-dashboard
BOC,Trading and Hedging Gains,-0.9,2018-Q3,rbnz-dashboard
BOC,Fees and Commission Income,2.2,2018-Q3,rbnz-dashboard
BOC,Other Income,0,2018-Q3,rbnz-dashboard
BOC,Operating Expenses,4.3,2018-Q3,rbnz-dashboard
BOC,Profit After Tax,1.4,2018-Q3,rbnz-dashboard
BOC,Total Assets,2222.9,2018-Q3,rbnz-dashboard
BOC,Cash Position,229.5,2018-Q3,rbnz-dashboard
BOC,Net Loans and Advances,1866,2018-Q3,rbnz-dashboard
BOC,Deposits,626.4,2018-Q3,rbnz-dashboard
BOC,Equity,217.2,2018-Q3,rbnz-dashboard
BOC,Core Funding Ratio (CFR),89.9,2018-Q3,rbnz-dashboard
BOC Group,Total Capital Ratio,,2018-Q3,rbnz-dashboard
BOC Group,CET1 Ratio,,2018-Q3,rbnz-dashboard
BOC Group,Tier 1 Capital Ratio,,2018-Q3,rbnz-dashboard
BOC Group,Total Non-Performing Loans,33.8,2018-Q3,rbnz-dashboard
BOC Group,NPL Ratio,1.8,2018-Q3,rbnz-dashboard
BOC Group,Return on Assets,0.2,2018-Q3,rbnz-dashboard
BOC Group,Return on Equity,1.9,2018-Q3,rbnz-dashboard
BOC Group,NIM,1.5,2018-Q3,rbnz-dashboard
BOC Group,Net Interest Income,8.3,2018-Q3,rbnz-dashboard
BOC Group,Trading and Hedging Gains,-0.9,2018-Q3,rbnz-dashboard
BOC Group,Fees and Commission Income,1.9,2018-Q3,rbnz-dashboard
BOC Group,Other Income,0,2018-Q3,rbnz-dashboard
BOC Group,Operating Expenses,4.3,2018-Q3,rbnz-dashboard
BOC Group,Profit After Tax,1,2018-Q3,rbnz-dashboard
BOC Group,Total Assets,2222.1,2018-Q3,rbnz-dashboard
BOC Group,Cash Position,228.8,2018-Q3,rbnz-dashboard
BOC Group,Net Loans and Advances,1866,2018-Q3,rbnz-dashboard
BOC Group,Deposits,626.2,2018-Q3,rbnz-dashboard
BOC Group,Equity,216.7,2018-Q3,rbnz-dashboard
BOC Group,Core Funding Ratio (CFR),,2018-Q3,rbnz-dashboard
BOI,Total Capital Ratio,64.3,2018-Q3,rbnz-dashboard
BOI,CET1 Ratio,64.3,2018-Q3,rbnz-dashboard
BOI,Tier 1 Capital Ratio,64.3,2018-Q3,rbnz-dashboard
BOI,Total Non-Performing Loans,,2018-Q3,rbnz-dashboard
BOI,NPL Ratio,,2018-Q3,rbnz-dashboard
BOI,Return on Assets,1.1,2018-Q3,rbnz-dashboard
BOI,Return on Equity,2,2018-Q3,rbnz-dashboard
BOI,NIM,3.9,2018-Q3,rbnz-dashboard
BOI,Net Interest Income,0.9,2018-Q3,rbnz-dashboard
BOI,Trading and Hedging Gains,0.1,2018-Q3,rbnz-dashboard
BOI,Fees and Commission Income,0,2018-Q3,rbnz-dashboard
BOI,Other Income,0,2018-Q3,rbnz-dashboard
BOI,Operating Expenses,0.6,2018-Q3,rbnz-dashboard
BOI,Profit After Tax,0.3,2018-Q3,rbnz-dashboard
BOI,Total Assets,98.1,2018-Q3,rbnz-dashboard
BOI,Cash Position,20.7,2018-Q3,rbnz-dashboard
BOI,Net Loans and Advances,76.3,2018-Q3,rbnz-dashboard
BOI,Deposits,43.1,2018-Q3,rbnz-dashboard
BOI,Equity,54.6,2018-Q3,rbnz-dashboard
BOI,Core Funding Ratio (CFR),108.5,2018-Q3,rbnz-dashboard
CBA Group,Total Capital Ratio,,2018-Q3,rbnz-dashboard
CBA Group,CET1 Ratio,,2018-Q3,rbnz-dashboard
CBA Group,Tier 1 Capital Ratio,,2018-Q3,rbnz-dashboard
CBA Group,Total Non-Performing Loans,523.6,2018-Q3,rbnz-dashboard
CBA Group,NPL Ratio,0.6,2018-Q3,rbnz-dashboard
CBA Group,Return on Assets,1.2,2018-Q3,rbnz-dashboard
CBA Group,Return on Equity,14.6,2018-Q3,rbnz-dashboard
CBA Group,NIM,2,2018-Q3,rbnz-dashboard
CBA Group,Net Interest Income,504.8,2018-Q3,rbnz-dashboard
CBA Group,Trading and Hedging Gains,23.8,2018-Q3,rbnz-dashboard
CBA Group,Fees and Commission Income,136.2,2018-Q3,rbnz-dashboard
CBA Group,Other Income,0.4,2018-Q3,rbnz-dashboard
CBA Group,Operating Expenses,235.4,2018-Q3,rbnz-dashboard
CBA Group,Profit After Tax,297,2018-Q3,rbnz-dashboard
CBA Group,Total Assets,101906,2018-Q3,rbnz-dashboard
CBA Group,Cash Position,2277.9,2018-Q3,rbnz-dashboard
CBA Group,Net Loans and Advances,86619.3,2018-Q3,rbnz-dashboard
CBA Group,Deposits,61397.9,2018-Q3,rbnz-dashboard
CBA Group,Equity,8118.9,2018-Q3,rbnz-dashboard
CBA Group,Core Funding Ratio (CFR),,2018-Q3,rbnz-dashboard
CCB,Total Capital Ratio,25.6,2018-Q3,rbnz-dashboard
CCB,CET1 Ratio,23.9,2018-Q3,rbnz-dashboard
CCB,Tier 1 Capital Ratio,23.9,2018-Q3,rbnz-dashboard
CCB,Total Non-Performing Loans,,2018-Q3,rbnz-dashboard
CCB,NPL Ratio,,2018-Q3,rbnz-dashboard
CCB,Return on Assets,0.8,2018-Q3,rbnz-dashboard
CCB,Return on Equity,5.8,2018-Q3,rbnz-dashboard
CCB,NIM,1.7,2018-Q3,rbnz-dashboard
CCB,Net Interest Income,6.4,2018-Q3,rbnz-dashboard
CCB,Trading and Hedging Gains,-0.7,2018-Q3,rbnz-dashboard
CCB,Fees and Commission Income,0.2,2018-Q3,rbnz-dashboard
CCB,Other Income,1.6,2018-Q3,rbnz-dashboard
CCB,Operating Expenses,4.2,2018-Q3,rbnz-dashboard
CCB,Profit After Tax,3.1,2018-Q3,rbnz-dashboard
CCB,Total Assets,1450.3,2018-Q3,rbnz-dashboard
CCB,Cash Position,181.8,2018-Q3,rbnz-dashboard
CCB,Net Loans and Advances,1064.1,2018-Q3,rbnz-dashboard
CCB,Deposits,247.7,2018-Q3,rbnz-dashboard
CCB,Equity,214.2,2018-Q3,rbnz-dashboard
CCB,Core Funding Ratio (CFR),96.9,2018-Q3,rbnz-dashboard
CCB Group,Total Capital Ratio,,2018-Q3,rbnz-dashboard
CCB Group,CET1 Ratio,,2018-Q3,rbnz-dashboard
CCB Group,Tier 1 Capital Ratio,,2018-Q3,rbnz-dashboard
CCB Group,Total Non-Performing Loans,,2018-Q3,rbnz-dashboard
CCB Group,NPL Ratio,,2018-Q3,rbnz-dashboard
CCB Group,Return on Assets,0.4,2018-Q3,rbnz-dashboard
CCB Group,Return on Equity,4.1,2018-Q3,rbnz-dashboard
CCB Group,NIM,1.6,2018-Q3,rbnz-dashboard
CCB Group,Net Interest Income,8.6,2018-Q3,rbnz-dashboard
CCB Group,Trading and Hedging Gains,-0.8,2018-Q3,rbnz-dashboard
CCB Group,Fees and Commission Income,0.2,2018-Q3,rbnz-dashboard
CCB Group,Other Income,0,2018-Q3,rbnz-dashboard
CCB Group,Operating Expenses,4.4,2018-Q3,rbnz-dashboard
CCB Group,Profit After Tax,2.2,2018-Q3,rbnz-dashboard
CCB Group,Total Assets,2300.1,2018-Q3,rbnz-dashboard
CCB Group,Cash Position,204.8,2018-Q3,rbnz-dashboard
CCB Group,Net Loans and Advances,1847.1,2018-Q3,rbnz-dashboard
CCB Group,Deposits,225.3,2018-Q3,rbnz-dashboard
CCB Group,Equity,212.1,2018-Q3,rbnz-dashboard
CCB Group,Core Funding Ratio (CFR),,2018-Q3,rbnz-dashboard
Co-op,Total Capital Ratio,17.2,2018-Q3,rbnz-dashboard
Co-op,CET1 Ratio,14.6,2018-Q3,rbnz-dashboard
Co-op,Tier 1 Capital Ratio,14.6,2018-Q3,rbnz-dashboard
Co-op,Total Non-Performing Loans,4.2,2018-Q3,rbnz-dashboard
Co-op,NPL Ratio,0.2,2018-Q3,rbnz-dashboard
Co-op,Return on Assets,0.4,2018-Q3,rbnz-dashboard
Co-op,Return on Equity,6.3,2018-Q3,rbnz-dashboard
Co-op,NIM,2.4,2018-Q3,rbnz-dashboard
Co-op,Net Interest Income,15.8,2018-Q3,rbnz-dashboard
Co-op,Trading and Hedging Gains,0.2,2018-Q3,rbnz-dashboard
Co-op,Fees and Commission Income,2.1,2018-Q3,rbnz-dashboard
Co-op,Other Income,1.9,2018-Q3,rbnz-dashboard
Co-op,Operating Expenses,15,2018-Q3,rbnz-dashboard
Co-op,Profit After Tax,2.9,2018-Q3,rbnz-dashboard
Co-op,Total Assets,2697.2,2018-Q3,rbnz-dashboard
Co-op,Cash Position,24.3,2018-Q3,rbnz-dashboard
Co-op,Net Loans and Advances,2383.7,2018-Q3,rbnz-dashboard
Co-op,Deposits,2246.1,2018-Q3,rbnz-dashboard
Co-op,Equity,193.3,2018-Q3,rbnz-dashboard
Co-op,Core Funding Ratio (CFR),104.5,2018-Q3,rbnz-dashboard
Heartland,Total Capital Ratio,13.4,2018-Q3,rbnz-dashboard
Heartland,CET1 Ratio,13,2018-Q3,rbnz-dashboard
Heartland,Tier 1 Capital Ratio,13,2018-Q3,rbnz-dashboard
Heartland,Total Non-Performing Loans,73.4,2018-Q3,rbnz-dashboard
Heartland,NPL Ratio,1.8,2018-Q3,rbnz-dashboard
Heartland,Return on Assets,1.5,2018-Q3,rbnz-dashboard
Heartland,Return on Equity,10.7,2018-Q3,rbnz-dashboard
Heartland,NIM,4.4,2018-Q3,rbnz-dashboard
Heartland,Net Interest Income,49.3,2018-Q3,rbnz-dashboard
Heartland,Trading and Hedging Gains,0,2018-Q3,rbnz-dashboard
Heartland,Fees and Commission Income,0.7,2018-Q3,rbnz-dashboard
Heartland,Other Income,2.4,2018-Q3,rbnz-dashboard
Heartland,Operating Expenses,21.8,2018-Q3,rbnz-dashboard
Heartland,Profit After Tax,17.4,2018-Q3,rbnz-dashboard
Heartland,Total Assets,4596.3,2018-Q3,rbnz-dashboard
Heartland,Cash Position,76.8,2018-Q3,rbnz-dashboard
Heartland,Net Loans and Advances,4087.5,2018-Q3,rbnz-dashboard
Heartland,Deposits,2977.1,2018-Q3,rbnz-dashboard
Heartland,Equity,640.2,2018-Q3,rbnz-dashboard
Heartland,Core Funding Ratio (CFR),97.6,2018-Q3,rbnz-dashboard
ICBC,Total Capital Ratio,19.4,2018-Q3,rbnz-dashboard
ICBC,CET1 Ratio,14.8,2018-Q3,rbnz-dashboard
ICBC,Tier 1 Capital Ratio,14.8,2018-Q3,rbnz-dashboard
ICBC,Total Non-Performing Loans,36.6,2018-Q3,rbnz-dashboard
ICBC,NPL Ratio,2.1,2018-Q3,rbnz-dashboard
ICBC,Return on Assets,0.7,2018-Q3,rbnz-dashboard
ICBC,Return on Equity,6.7,2018-Q3,rbnz-dashboard
ICBC,NIM,1.8,2018-Q3,rbnz-dashboard
ICBC,Net Interest Income,9.7,2018-Q3,rbnz-dashboard
ICBC,Trading and Hedging Gains,-0.2,2018-Q3,rbnz-dashboard
ICBC,Fees and Commission Income,0.3,2018-Q3,rbnz-dashboard
ICBC,Other Income,0,2018-Q3,rbnz-dashboard
ICBC,Operating Expenses,4.8,2018-Q3,rbnz-dashboard
ICBC,Profit After Tax,3.9,2018-Q3,rbnz-dashboard
ICBC,Total Assets,2090.7,2018-Q3,rbnz-dashboard
ICBC,Cash Position,248,2018-Q3,rbnz-dashboard
ICBC,Net Loans and Advances,1703.1,2018-Q3,rbnz-dashboard
ICBC,Deposits,711.8,2018-Q3,rbnz-dashboard
ICBC,Equity,232,2018-Q3,rbnz-dashboard
ICBC,Core Funding Ratio (CFR),88.5,2018-Q3,rbnz-dashboard
Kiwibank,Total Capital Ratio,15.7,2018-Q3,rbnz-dashboard
Kiwibank,CET1 Ratio,13.4,2018-Q3,rbnz-dashboard
Kiwibank,Tier 1 Capital Ratio,14.8,2018-Q3,rbnz-dashboard
Kiwibank,Total Non-Performing Loans,25.7,2018-Q3,rbnz-dashboard
Kiwibank,NPL Ratio,0.1,2018-Q3,rbnz-dashboard
Kiwibank,Return on Assets,0.6,2018-Q3,rbnz-dashboard
Kiwibank,Return on Equity,8.4,2018-Q3,rbnz-dashboard
Kiwibank,NIM,2.2,2018-Q3,rbnz-dashboard
Kiwibank,Net Interest Income,112,2018-Q3,rbnz-dashboard
Kiwibank,Trading and Hedging Gains,1.8,2018-Q3,rbnz-dashboard
Kiwibank,Fees and Commission Income,35.3,2018-Q3,rbnz-dashboard
Kiwibank,Other Income,13.8,2018-Q3,rbnz-dashboard
Kiwibank,Operating Expenses,118.7,2018-Q3,rbnz-dashboard
Kiwibank,Profit After Tax,31.7,2018-Q3,rbnz-dashboard
Kiwibank,Total Assets,20935.4,2018-Q3,rbnz-dashboard
Kiwibank,Cash Position,487.1,2018-Q3,rbnz-dashboard
Kiwibank,Net Loans and Advances,18839.4,2018-Q3,rbnz-dashboard
Kiwibank,Deposits,16426.4,2018-Q3,rbnz-dashboard
Kiwibank,Equity,1513,2018-Q3,rbnz-dashboard
Kiwibank,Core Funding Ratio (CFR),89.5,2018-Q3,rbnz-dashboard
Rabo Group,Total Capital Ratio,,2018-Q3,rbnz-dashboard
Rabo Group,CET1 Ratio,,2018-Q3,rbnz-dashboard
Rabo Group,Tier 1 Capital Ratio,,2018-Q3,rbnz-dashboard
Rabo Group,Total Non-Performing Loans,261.5,2018-Q3,rbnz-dashboard
Rabo Group,NPL Ratio,2.1,2018-Q3,rbnz-dashboard
Rabo Group,Return on Assets,1,2018-Q3,rbnz-dashboard
Rabo Group,Return on Equity,8.1,2018-Q3,rbnz-dashboard
Rabo Group,NIM,2.4,2018-Q3,rbnz-dashboard
Rabo Group,Net Interest Income,87.8,2018-Q3,rbnz-dashboard
Rabo Group,Trading and Hedging Gains,-7.5,2018-Q3,rbnz-dashboard
Rabo Group,Fees and Commission Income,0.3,2018-Q3,rbnz-dashboard
Rabo Group,Other Income,0,2018-Q3,rbnz-dashboard
Rabo Group,Operating Expenses,30.1,2018-Q3,rbnz-dashboard
Rabo Group,Profit After Tax,37,2018-Q3,rbnz-dashboard
Rabo Group,Total Assets,15019.3,2018-Q3,rbnz-dashboard
Rabo Group,Cash Position,1620.1,2018-Q3,rbnz-dashboard
Rabo Group,Net Loans and Advances,12601.6,2018-Q3,rbnz-dashboard
Rabo Group,Deposits,4610.5,2018-Q3,rbnz-dashboard
Rabo Group,Equity,1838.3,2018-Q3,rbnz-dashboard
Rabo Group,Core Funding Ratio (CFR),,2018-Q3,rbnz-dashboard
Rabobank,Total Capital Ratio,13.4,2018-Q3,rbnz-dashboard
Rabobank,CET1 Ratio,13.4,2018-Q3,rbnz-dashboard
Rabobank,Tier 1 Capital Ratio,13.4,2018-Q3,rbnz-dashboard
Rabobank,Total Non-Performing Loans,261.5,2018-Q3,rbnz-dashboard
Rabobank,NPL Ratio,2.5,2018-Q3,rbnz-dashboard
Rabobank,Return on Assets,0.9,2018-Q3,rbnz-dashboard
Rabobank,Return on Equity,7.1,2018-Q3,rbnz-dashboard
Rabobank,NIM,2.2,2018-Q3,rbnz-dashboard
Rabobank,Net Interest Income,64.1,2018-Q3,rbnz-dashboard
Rabobank,Trading and Hedging Gains,0.3,2018-Q3,rbnz-dashboard
Rabobank,Fees and Commission Income,0.3,2018-Q3,rbnz-dashboard
Rabobank,Other Income,0,2018-Q3,rbnz-dashboard
Rabobank,Operating Expenses,28.9,2018-Q3,rbnz-dashboard
Rabobank,Profit After Tax,27.5,2018-Q3,rbnz-dashboard
Rabobank,Total Assets,11765.1,2018-Q3,rbnz-dashboard
Rabobank,Cash Position,730.3,2018-Q3,rbnz-dashboard
Rabobank,Net Loans and Advances,10350.9,2018-Q3,rbnz-dashboard
Rabobank,Deposits,4177.3,2018-Q3,rbnz-dashboard
Rabobank,Equity,1558.1,2018-Q3,rbnz-dashboard
Rabobank,Core Funding Ratio (CFR),95,2018-Q3,rbnz-dashboard
SBS,Total Capital Ratio,13.1,2018-Q3,rbnz-dashboard
SBS,CET1 Ratio,11.2,2018-Q3,rbnz-dashboard
SBS,Tier 1 Capital Ratio,11.2,2018-Q3,rbnz-dashboard
SBS,Total Non-Performing Loans,13.5,2018-Q3,rbnz-dashboard
SBS,NPL Ratio,0.3,2018-Q3,rbnz-dashboard
SBS,Return on Assets,0.7,2018-Q3,rbnz-dashboard
SBS,Return on Equity,10.8,2018-Q3,rbnz-dashboard
SBS,NIM,2.6,2018-Q3,rbnz-dashboard
SBS,Net Interest Income,29.4,2018-Q3,rbnz-dashboard
SBS,Trading and Hedging Gains,-0.1,2018-Q3,rbnz-dashboard
SBS,Fees and Commission Income,3.8,2018-Q3,rbnz-dashboard
SBS,Other Income,6.3,2018-Q3,rbnz-dashboard
SBS,Operating Expenses,24,2018-Q3,rbnz-dashboard
SBS,Profit After Tax,8.4,2018-Q3,rbnz-dashboard
SBS,Total Assets,4573.8,2018-Q3,rbnz-dashboard
SBS,Cash Position,97.4,2018-Q3,rbnz-dashboard
SBS,Net Loans and Advances,3848.8,2018-Q3,rbnz-dashboard
SBS,Deposits,3375.7,2018-Q3,rbnz-dashboard
SBS,Equity,313.6,2018-Q3,rbnz-dashboard
SBS,Core Funding Ratio (CFR),96.8,2018-Q3,rbnz-dashboard
TSB,Total Capital Ratio,14.5,2018-Q3,rbnz-dashboard
TSB,CET1 Ratio,14.5,2018-Q3,rbnz-dashboard
TSB,Tier 1 Capital Ratio,14.5,2018-Q3,rbnz-dashboard
TSB,Total Non-Performing Loans,15,2018-Q3,rbnz-dashboard
TSB,NPL Ratio,0.3,2018-Q3,rbnz-dashboard
TSB,Return on Assets,0.7,2018-Q3,rbnz-dashboard
TSB,Return on Equity,8.1,2018-Q3,rbnz-dashboard
TSB,NIM,1.9,2018-Q3,rbnz-dashboard
TSB,Net Interest Income,34.7,2018-Q3,rbnz-dashboard
TSB,Trading and Hedging Gains,0.1,2018-Q3,rbnz-dashboard
TSB,Fees and Commission Income,4,2018-Q3,rbnz-dashboard
TSB,Other Income,2.5,2018-Q3,rbnz-dashboard
TSB,Operating Expenses,22.2,2018-Q3,rbnz-dashboard
TSB,Profit After Tax,13,2018-Q3,rbnz-dashboard
TSB,Total Assets,7526.6,2018-Q3,rbnz-dashboard
TSB,Cash Position,113.8,2018-Q3,rbnz-dashboard
TSB,Net Loans and Advances,5553.1,2018-Q3,rbnz-dashboard
TSB,Deposits,6802.2,2018-Q3,rbnz-dashboard
TSB,Equity,636.6,2018-Q3,rbnz-dashboard
TSB,Core Funding Ratio (CFR),124.8,2018-Q3,rbnz-dashboard
WBC Group,Total Capital Ratio,,2018-Q3,rbnz-dashboard
WBC Group,CET1 Ratio,,2018-Q3,rbnz-dashboard
WBC Group,Tier 1 Capital Ratio,,2018-Q3,rbnz-dashboard
WBC Group,Total Non-Performing Loans,231.2,2018-Q3,rbnz-dashboard
WBC Group,NPL Ratio,0.3,2018-Q3,rbnz-dashboard
WBC Group,Return on Assets,1.2,2018-Q3,rbnz-dashboard
WBC Group,Return on Equity,14,2018-Q3,rbnz-dashboard
WBC Group,NIM,2.1,2018-Q3,rbnz-dashboard
WBC Group,Net Interest Income,480.1,2018-Q3,rbnz-dashboard
WBC Group,Trading and Hedging Gains,49.2,2018-Q3,rbnz-dashboard
WBC Group,Fees and Commission Income,97.5,2018-Q3,rbnz-dashboard
WBC Group,Other Income,0.3,2018-Q3,rbnz-dashboard
WBC Group,Operating Expenses,239.9,2018-Q3,rbnz-dashboard
WBC Group,Profit After Tax,299.1,2018-Q3,rbnz-dashboard
WBC Group,Total Assets,96655.5,2018-Q3,rbnz-dashboard
WBC Group,Cash Position,3264.8,2018-Q3,rbnz-dashboard
WBC Group,Net Loans and Advances,80859.5,2018-Q3,rbnz-dashboard
WBC Group,Deposits,62578.9,2018-Q3,rbnz-dashboard
WBC Group,Equity,8383.4,2018-Q3,rbnz-dashboard
WBC Group,Core Funding Ratio (CFR),,2018-Q3,rbnz-dashboard
Westpac,Total Capital Ratio,16.6,2018-Q3,rbnz-dashboard
Westpac,CET1 Ratio,11.7,2018-Q3,rbnz-dashboard
Westpac,Tier 1 Capital Ratio,14.5,2018-Q3,rbnz-dashboard
Westpac,Total Non-Performing Loans,231.2,2018-Q3,rbnz-dashboard
Westpac,NPL Ratio,0.3,2018-Q3,rbnz-dashboard
Westpac,Return on Assets,1.1,2018-Q3,rbnz-dashboard
Westpac,Return on Equity,13.4,2018-Q3,rbnz-dashboard
Westpac,NIM,2.1,2018-Q3,rbnz-dashboard
Westpac,Net Interest Income,473.3,2018-Q3,rbnz-dashboard
Westpac,Trading and Hedging Gains,-0.8,2018-Q3,rbnz-dashboard
Westpac,Fees and Commission Income,78.2,2018-Q3,rbnz-dashboard
Westpac,Other Income,0.8,2018-Q3,rbnz-dashboard
Westpac,Operating Expenses,225.9,2018-Q3,rbnz-dashboard
Westpac,Profit After Tax,250.8,2018-Q3,rbnz-dashboard
Westpac,Total Assets,89871.3,2018-Q3,rbnz-dashboard
Westpac,Cash Position,2151.8,2018-Q3,rbnz-dashboard
Westpac,Net Loans and Advances,80377.6,2018-Q3,rbnz-dashboard
Westpac,Deposits,61960.1,2018-Q3,rbnz-dashboard
Westpac,Equity,7278.1,2018-Q3,rbnz-dashboard
Westpac,Core Funding Ratio (CFR),83.8,2018-Q3,rbnz-dashboard
ANZ,Total Capital Ratio,15.2,2018-Q4,rbnz-dashboard
ANZ,CET1 Ratio,11.8,2018-Q4,rbnz-dashboard
ANZ,Tier 1 Capital Ratio,15.2,2018-Q4,rbnz-dashboard
ANZ,Total Non-Performing Loans,565,2018-Q4,rbnz-dashboard
ANZ,NPL Ratio,0.4,2018-Q4,rbnz-dashboard
ANZ,Return on Assets,1.1,2018-Q4,rbnz-dashboard
ANZ,Return on Equity,13.9,2018-Q4,rbnz-dashboard
ANZ,NIM,2.2,2018-Q4,rbnz-dashboard
ANZ,Net Interest Income,824.5,2018-Q4,rbnz-dashboard
ANZ,Trading and Hedging Gains,-51.1,2018-Q4,rbnz-dashboard
ANZ,Fees and Commission Income,163,2018-Q4,rbnz-dashboard
ANZ,Other Income,89,2018-Q4,rbnz-dashboard
ANZ,Operating Expenses,385.1,2018-Q4,rbnz-dashboard
ANZ,Profit After Tax,466.6,2018-Q4,rbnz-dashboard
ANZ,Total Assets,162767.1,2018-Q4,rbnz-dashboard
ANZ,Cash Position,4661.2,2018-Q4,rbnz-dashboard
ANZ,Net Loans and Advances,128157.4,2018-Q4,rbnz-dashboard
ANZ,Deposits,107098.2,2018-Q4,rbnz-dashboard
ANZ,Equity,13526.9,2018-Q4,rbnz-dashboard
ANZ,Core Funding Ratio (CFR),88.3,2018-Q4,rbnz-dashboard
ANZ Group,Total Capital Ratio,,2018-Q4,rbnz-dashboard
ANZ Group,CET1 Ratio,,2018-Q4,rbnz-dashboard
ANZ Group,Tier 1 Capital Ratio,,2018-Q4,rbnz-dashboard
ANZ Group,Total Non-Performing Loans,582.2,2018-Q4,rbnz-dashboard
ANZ Group,NPL Ratio,0.4,2018-Q4,rbnz-dashboard
ANZ Group,Return on Assets,1.1,2018-Q4,rbnz-dashboard
ANZ Group,Return on Equity,15.9,2018-Q4,rbnz-dashboard
ANZ Group,NIM,2.2,2018-Q4,rbnz-dashboard
ANZ Group,Net Interest Income,821.4,2018-Q4,rbnz-dashboard
ANZ Group,Trading and Hedging Gains,-61.8,2018-Q4,rbnz-dashboard
ANZ Group,Fees and Commission Income,161.6,2018-Q4,rbnz-dashboard
ANZ Group,Other Income,89,2018-Q4,rbnz-dashboard
ANZ Group,Operating Expenses,385.3,2018-Q4,rbnz-dashboard
ANZ Group,Profit After Tax,455.8,2018-Q4,rbnz-dashboard
ANZ Group,Total Assets,164697.6,2018-Q4,rbnz-dashboard
ANZ Group,Cash Position,4745.4,2018-Q4,rbnz-dashboard
ANZ Group,Net Loans and Advances,130053.5,2018-Q4,rbnz-dashboard
ANZ Group,Deposits,107098.2,2018-Q4,rbnz-dashboard
ANZ Group,Equity,11642.8,2018-Q4,rbnz-dashboard
ANZ Group,Core Funding Ratio (CFR),,2018-Q4,rbnz-dashboard
ASB,Total Capital Ratio,14.8,2018-Q4,rbnz-dashboard
ASB,CET1 Ratio,11.5,2018-Q4,rbnz-dashboard
ASB,Tier 1 Capital Ratio,13.3,2018-Q4,rbnz-dashboard
ASB,Total Non-Performing Loans,493.1,2018-Q4,rbnz-dashboard
ASB,NPL Ratio,0.6,2018-Q4,rbnz-dashboard
ASB,Return on Assets,1.3,2018-Q4,rbnz-dashboard
ASB,Return on Equity,15.3,2018-Q4,rbnz-dashboard
ASB,NIM,2.3,2018-Q4,rbnz-dashboard
ASB,Net Interest Income,535.5,2018-Q4,rbnz-dashboard
ASB,Trading and Hedging Gains,38.1,2018-Q4,rbnz-dashboard
ASB,Fees and Commission Income,136.7,2018-Q4,rbnz-dashboard
ASB,Other Income,1,2018-Q4,rbnz-dashboard
ASB,Operating Expenses,240.5,2018-Q4,rbnz-dashboard
ASB,Profit After Tax,313,2018-Q4,rbnz-dashboard
ASB,Total Assets,97002,2018-Q4,rbnz-dashboard
ASB,Cash Position,1964.1,2018-Q4,rbnz-dashboard
ASB,Net Loans and Advances,85166.7,2018-Q4,rbnz-dashboard
ASB,Deposits,62048.5,2018-Q4,rbnz-dashboard
ASB,Equity,8239.1,2018-Q4,rbnz-dashboard
ASB,Core Funding Ratio (CFR),87.5,2018-Q4,rbnz-dashboard
BNZ,Total Capital Ratio,13.3,2018-Q4,rbnz-dashboard
BNZ,CET1 Ratio,10.3,2018-Q4,rbnz-dashboard
BNZ,Tier 1 Capital Ratio,11.7,2018-Q4,rbnz-dashboard
BNZ,Total Non-Performing Loans,375.3,2018-Q4,rbnz-dashboard
BNZ,NPL Ratio,0.4,2018-Q4,rbnz-dashboard
BNZ,Return on Assets,1,2018-Q4,rbnz-dashboard
BNZ,Return on Equity,13.5,2018-Q4,rbnz-dashboard
BNZ,NIM,2.2,2018-Q4,rbnz-dashboard
BNZ,Net Interest Income,524.1,2018-Q4,rbnz-dashboard
BNZ,Trading and Hedging Gains,-21.3,2018-Q4,rbnz-dashboard
BNZ,Fees and Commission Income,112,2018-Q4,rbnz-dashboard
BNZ,Other Income,0.1,2018-Q4,rbnz-dashboard
BNZ,Operating Expenses,248.5,2018-Q4,rbnz-dashboard
BNZ,Profit After Tax,253.4,2018-Q4,rbnz-dashboard
BNZ,Total Assets,102535.6,2018-Q4,rbnz-dashboard
BNZ,Cash Position,3110.6,2018-Q4,rbnz-dashboard
BNZ,Net Loans and Advances,84416.2,2018-Q4,rbnz-dashboard
BNZ,Deposits,63605,2018-Q4,rbnz-dashboard
BNZ,Equity,7342.5,2018-Q4,rbnz-dashboard
BNZ,Core Funding Ratio (CFR),85.3,2018-Q4,rbnz-dashboard
BOB,Total Capital Ratio,82.4,2018-Q4,rbnz-dashboard
BOB,CET1 Ratio,82.4,2018-Q4,rbnz-dashboard
BOB,Tier 1 Capital Ratio,82.4,2018-Q4,rbnz-dashboard
BOB,Total Non-Performing Loans,,2018-Q4,rbnz-dashboard
BOB,NPL Ratio,,2018-Q4,rbnz-dashboard
BOB,Return on Assets,1.1,2018-Q4,rbnz-dashboard
BOB,Return on Equity,2.7,2018-Q4,rbnz-dashboard
BOB,NIM,2.8,2018-Q4,rbnz-dashboard
BOB,Net Interest Income,0.8,2018-Q4,rbnz-dashboard
BOB,Trading and Hedging Gains,0.2,2018-Q4,rbnz-dashboard
BOB,Fees and Commission Income,0.1,2018-Q4,rbnz-dashboard
BOB,Other Income,0,2018-Q4,rbnz-dashboard
BOB,Operating Expenses,0.7,2018-Q4,rbnz-dashboard
BOB,Profit After Tax,0.3,2018-Q4,rbnz-dashboard
BOB,Total Assets,120,2018-Q4,rbnz-dashboard
BOB,Cash Position,32.1,2018-Q4,rbnz-dashboard
BOB,Net Loans and Advances,87.1,2018-Q4,rbnz-dashboard
BOB,Deposits,70.9,2018-Q4,rbnz-dashboard
BOB,Equity,48.2,2018-Q4,rbnz-dashboard
BOB,Core Funding Ratio (CFR),128,2018-Q4,rbnz-dashboard
BOC,Total Capital Ratio,12.6,2018-Q4,rbnz-dashboard
BOC,CET1 Ratio,12.6,2018-Q4,rbnz-dashboard
BOC,Tier 1 Capital Ratio,12.6,2018-Q4,rbnz-dashboard
BOC,Total Non-Performing Loans,32.8,2018-Q4,rbnz-dashboard
BOC,NPL Ratio,1.8,2018-Q4,rbnz-dashboard
BOC,Return on Assets,0.4,2018-Q4,rbnz-dashboard
BOC,Return on Equity,4.3,2018-Q4,rbnz-dashboard
BOC,NIM,1.6,2018-Q4,rbnz-dashboard
BOC,Net Interest Income,8.8,2018-Q4,rbnz-dashboard
BOC,Trading and Hedging Gains,0.4,2018-Q4,rbnz-dashboard
BOC,Fees and Commission Income,1.4,2018-Q4,rbnz-dashboard
BOC,Other Income,0,2018-Q4,rbnz-dashboard
BOC,Operating Expenses,5.4,2018-Q4,rbnz-dashboard
BOC,Profit After Tax,2.4,2018-Q4,rbnz-dashboard
BOC,Total Assets,2131.9,2018-Q4,rbnz-dashboard
BOC,Cash Position,221.8,2018-Q4,rbnz-dashboard
BOC,Net Loans and Advances,1747.1,2018-Q4,rbnz-dashboard
BOC,Deposits,742.2,2018-Q4,rbnz-dashboard
BOC,Equity,219.5,2018-Q4,rbnz-dashboard
BOC,Core Funding Ratio (CFR),91.3,2018-Q4,rbnz-dashboard
BOC Group,Total Capital Ratio,,2018-Q4,rbnz-dashboard
BOC Group,CET1 Ratio,,2018-Q4,rbnz-dashboard
BOC Group,Tier 1 Capital Ratio,,2018-Q4,rbnz-dashboard
BOC Group,Total Non-Performing Loans,32.8,2018-Q4,rbnz-dashboard
BOC Group,NPL Ratio,1.7,2018-Q4,rbnz-dashboard
BOC Group,Return on Assets,0.3,2018-Q4,rbnz-dashboard
BOC Group,Return on Equity,3.1,2018-Q4,rbnz-dashboard
BOC Group,NIM,1.6,2018-Q4,rbnz-dashboard
BOC Group,Net Interest Income,9,2018-Q4,rbnz-dashboard
BOC Group,Trading and Hedging Gains,0.4,2018-Q4,rbnz-dashboard
BOC Group,Fees and Commission Income,1.6,2018-Q4,rbnz-dashboard
BOC Group,Other Income,0,2018-Q4,rbnz-dashboard
BOC Group,Operating Expenses,5.5,2018-Q4,rbnz-dashboard
BOC Group,Profit After Tax,1.7,2018-Q4,rbnz-dashboard
BOC Group,Total Assets,2281.3,2018-Q4,rbnz-dashboard
BOC Group,Cash Position,221,2018-Q4,rbnz-dashboard
BOC Group,Net Loans and Advances,1896.8,2018-Q4,rbnz-dashboard
BOC Group,Deposits,740.4,2018-Q4,rbnz-dashboard
BOC Group,Equity,218.4,2018-Q4,rbnz-dashboard
BOC Group,Core Funding Ratio (CFR),,2018-Q4,rbnz-dashboard
BOI,Total Capital Ratio,66.6,2018-Q4,rbnz-dashboard
BOI,CET1 Ratio,66.6,2018-Q4,rbnz-dashboard
BOI,Tier 1 Capital Ratio,66.6,2018-Q4,rbnz-dashboard
BOI,Total Non-Performing Loans,,2018-Q4,rbnz-dashboard
BOI,NPL Ratio,,2018-Q4,rbnz-dashboard
BOI,Return on Assets,1.3,2018-Q4,rbnz-dashboard
BOI,Return on Equity,2.2,2018-Q4,rbnz-dashboard
BOI,NIM,3.9,2018-Q4,rbnz-dashboard
BOI,Net Interest Income,0.9,2018-Q4,rbnz-dashboard
BOI,Trading and Hedging Gains,0.1,2018-Q4,rbnz-dashboard
BOI,Fees and Commission Income,0,2018-Q4,rbnz-dashboard
BOI,Other Income,0,2018-Q4,rbnz-dashboard
BOI,Operating Expenses,0.6,2018-Q4,rbnz-dashboard
BOI,Profit After Tax,0.3,2018-Q4,rbnz-dashboard
BOI,Total Assets,89.4,2018-Q4,rbnz-dashboard
BOI,Cash Position,14,2018-Q4,rbnz-dashboard
BOI,Net Loans and Advances,74.4,2018-Q4,rbnz-dashboard
BOI,Deposits,33.9,2018-Q4,rbnz-dashboard
BOI,Equity,54.9,2018-Q4,rbnz-dashboard
BOI,Core Funding Ratio (CFR),108.7,2018-Q4,rbnz-dashboard
CBA Group,Total Capital Ratio,,2018-Q4,rbnz-dashboard
CBA Group,CET1 Ratio,,2018-Q4,rbnz-dashboard
CBA Group,Tier 1 Capital Ratio,,2018-Q4,rbnz-dashboard
CBA Group,Total Non-Performing Loans,493.1,2018-Q4,rbnz-dashboard
CBA Group,NPL Ratio,0.6,2018-Q4,rbnz-dashboard
CBA Group,Return on Assets,1.1,2018-Q4,rbnz-dashboard
CBA Group,Return on Equity,14.1,2018-Q4,rbnz-dashboard
CBA Group,NIM,2,2018-Q4,rbnz-dashboard
CBA Group,Net Interest Income,509.9,2018-Q4,rbnz-dashboard
CBA Group,Trading and Hedging Gains,37.2,2018-Q4,rbnz-dashboard
CBA Group,Fees and Commission Income,141.9,2018-Q4,rbnz-dashboard
CBA Group,Other Income,2.1,2018-Q4,rbnz-dashboard
CBA Group,Operating Expenses,243.4,2018-Q4,rbnz-dashboard
CBA Group,Profit After Tax,292.1,2018-Q4,rbnz-dashboard
CBA Group,Total Assets,103157,2018-Q4,rbnz-dashboard
CBA Group,Cash Position,1888.3,2018-Q4,rbnz-dashboard
CBA Group,Net Loans and Advances,88138.2,2018-Q4,rbnz-dashboard
CBA Group,Deposits,61962.8,2018-Q4,rbnz-dashboard
CBA Group,Equity,8341.9,2018-Q4,rbnz-dashboard
CBA Group,Core Funding Ratio (CFR),,2018-Q4,rbnz-dashboard
CCB,Total Capital Ratio,22.2,2018-Q4,rbnz-dashboard
CCB,CET1 Ratio,20.7,2018-Q4,rbnz-dashboard
CCB,Tier 1 Capital Ratio,20.7,2018-Q4,rbnz-dashboard
CCB,Total Non-Performing Loans,,2018-Q4,rbnz-dashboard
CCB,NPL Ratio,,2018-Q4,rbnz-dashboard
CCB,Return on Assets,0.2,2018-Q4,rbnz-dashboard
CCB,Return on Equity,1.6,2018-Q4,rbnz-dashboard
CCB,NIM,1.3,2018-Q4,rbnz-dashboard
CCB,Net Interest Income,4.9,2018-Q4,rbnz-dashboard
CCB,Trading and Hedging Gains,0.4,2018-Q4,rbnz-dashboard
CCB,Fees and Commission Income,0.8,2018-Q4,rbnz-dashboard
CCB,Other Income,1.9,2018-Q4,rbnz-dashboard
CCB,Operating Expenses,4.3,2018-Q4,rbnz-dashboard
CCB,Profit After Tax,0.9,2018-Q4,rbnz-dashboard
CCB,Total Assets,1555.6,2018-Q4,rbnz-dashboard
CCB,Cash Position,352,2018-Q4,rbnz-dashboard
CCB,Net Loans and Advances,983.5,2018-Q4,rbnz-dashboard
CCB,Deposits,211.3,2018-Q4,rbnz-dashboard
CCB,Equity,215.7,2018-Q4,rbnz-dashboard
CCB,Core Funding Ratio (CFR),113.9,2018-Q4,rbnz-dashboard
CCB Group,Total Capital Ratio,,2018-Q4,rbnz-dashboard
CCB Group,CET1 Ratio,,2018-Q4,rbnz-dashboard
CCB Group,Tier 1 Capital Ratio,,2018-Q4,rbnz-dashboard
CCB Group,Total Non-Performing Loans,,2018-Q4,rbnz-dashboard
CCB Group,NPL Ratio,,2018-Q4,rbnz-dashboard
CCB Group,Return on Assets,0.3,2018-Q4,rbnz-dashboard
CCB Group,Return on Equity,3.8,2018-Q4,rbnz-dashboard
CCB Group,NIM,1.3,2018-Q4,rbnz-dashboard
CCB Group,Net Interest Income,7.6,2018-Q4,rbnz-dashboard
CCB Group,Trading and Hedging Gains,-1.1,2018-Q4,rbnz-dashboard
CCB Group,Fees and Commission Income,0.8,2018-Q4,rbnz-dashboard
CCB Group,Other Income,0,2018-Q4,rbnz-dashboard
CCB Group,Operating Expenses,4.4,2018-Q4,rbnz-dashboard
CCB Group,Profit After Tax,2.1,2018-Q4,rbnz-dashboard
CCB Group,Total Assets,2577.2,2018-Q4,rbnz-dashboard
CCB Group,Cash Position,386.9,2018-Q4,rbnz-dashboard
CCB Group,Net Loans and Advances,1930.8,2018-Q4,rbnz-dashboard
CCB Group,Deposits,235.2,2018-Q4,rbnz-dashboard
CCB Group,Equity,215.9,2018-Q4,rbnz-dashboard
CCB Group,Core Funding Ratio (CFR),,2018-Q4,rbnz-dashboard
Co-op,Total Capital Ratio,17.2,2018-Q4,rbnz-dashboard
Co-op,CET1 Ratio,14.7,2018-Q4,rbnz-dashboard
Co-op,Tier 1 Capital Ratio,14.7,2018-Q4,rbnz-dashboard
Co-op,Total Non-Performing Loans,5.2,2018-Q4,rbnz-dashboard
Co-op,NPL Ratio,0.2,2018-Q4,rbnz-dashboard
Co-op,Return on Assets,0.4,2018-Q4,rbnz-dashboard
Co-op,Return on Equity,6.1,2018-Q4,rbnz-dashboard
Co-op,NIM,2.3,2018-Q4,rbnz-dashboard
Co-op,Net Interest Income,16,2018-Q4,rbnz-dashboard
Co-op,Trading and Hedging Gains,0.1,2018-Q4,rbnz-dashboard
Co-op,Fees and Commission Income,2.7,2018-Q4,rbnz-dashboard
Co-op,Other Income,1.9,2018-Q4,rbnz-dashboard
Co-op,Operating Expenses,15.8,2018-Q4,rbnz-dashboard
Co-op,Profit After Tax,3,2018-Q4,rbnz-dashboard
Co-op,Total Assets,2785.7,2018-Q4,rbnz-dashboard
Co-op,Cash Position,52.3,2018-Q4,rbnz-dashboard
Co-op,Net Loans and Advances,2435.4,2018-Q4,rbnz-dashboard
Co-op,Deposits,2328.9,2018-Q4,rbnz-dashboard
Co-op,Equity,196.9,2018-Q4,rbnz-dashboard
Co-op,Core Funding Ratio (CFR),104.4,2018-Q4,rbnz-dashboard
Heartland,Total Capital Ratio,13.3,2018-Q4,rbnz-dashboard
Heartland,CET1 Ratio,13.3,2018-Q4,rbnz-dashboard
Heartland,Tier 1 Capital Ratio,13.3,2018-Q4,rbnz-dashboard
Heartland,Total Non-Performing Loans,70.9,2018-Q4,rbnz-dashboard
Heartland,NPL Ratio,2,2018-Q4,rbnz-dashboard
Heartland,Return on Assets,1.2,2018-Q4,rbnz-dashboard
Heartland,Return on Equity,8.4,2018-Q4,rbnz-dashboard
Heartland,NIM,4.3,2018-Q4,rbnz-dashboard
Heartland,Net Interest Income,45.4,2018-Q4,rbnz-dashboard
Heartland,Trading and Hedging Gains,0,2018-Q4,rbnz-dashboard
Heartland,Fees and Commission Income,0.5,2018-Q4,rbnz-dashboard
Heartland,Other Income,2,2018-Q4,rbnz-dashboard
Heartland,Operating Expenses,22.8,2018-Q4,rbnz-dashboard
Heartland,Profit After Tax,13,2018-Q4,rbnz-dashboard
Heartland,Total Assets,4018,2018-Q4,rbnz-dashboard
Heartland,Cash Position,83.3,2018-Q4,rbnz-dashboard
Heartland,Net Loans and Advances,3464,2018-Q4,rbnz-dashboard
Heartland,Deposits,2988.4,2018-Q4,rbnz-dashboard
Heartland,Equity,589.1,2018-Q4,rbnz-dashboard
Heartland,Core Funding Ratio (CFR),86.9,2018-Q4,rbnz-dashboard
ICBC,Total Capital Ratio,18.2,2018-Q4,rbnz-dashboard
ICBC,CET1 Ratio,14.2,2018-Q4,rbnz-dashboard
ICBC,Tier 1 Capital Ratio,14.2,2018-Q4,rbnz-dashboard
ICBC,Total Non-Performing Loans,35.4,2018-Q4,rbnz-dashboard
ICBC,NPL Ratio,2,2018-Q4,rbnz-dashboard
ICBC,Return on Assets,0.4,2018-Q4,rbnz-dashboard
ICBC,Return on Equity,3.5,2018-Q4,rbnz-dashboard
ICBC,NIM,1.8,2018-Q4,rbnz-dashboard
ICBC,Net Interest Income,9.7,2018-Q4,rbnz-dashboard
ICBC,Trading and Hedging Gains,0.2,2018-Q4,rbnz-dashboard
ICBC,Fees and Commission Income,0.4,2018-Q4,rbnz-dashboard
ICBC,Other Income,0,2018-Q4,rbnz-dashboard
ICBC,Operating Expenses,3.8,2018-Q4,rbnz-dashboard
ICBC,Profit After Tax,2,2018-Q4,rbnz-dashboard
ICBC,Total Assets,2135.8,2018-Q4,rbnz-dashboard
ICBC,Cash Position,301.8,2018-Q4,rbnz-dashboard
ICBC,Net Loans and Advances,1704.3,2018-Q4,rbnz-dashboard
ICBC,Deposits,786.1,2018-Q4,rbnz-dashboard
ICBC,Equity,234.1,2018-Q4,rbnz-dashboard
ICBC,Core Funding Ratio (CFR),85.1,2018-Q4,rbnz-dashboard
Kiwibank,Total Capital Ratio,15.3,2018-Q4,rbnz-dashboard
Kiwibank,CET1 Ratio,13,2018-Q4,rbnz-dashboard
Kiwibank,Tier 1 Capital Ratio,14.4,2018-Q4,rbnz-dashboard
Kiwibank,Total Non-Performing Loans,19,2018-Q4,rbnz-dashboard
Kiwibank,NPL Ratio,0.1,2018-Q4,rbnz-dashboard
Kiwibank,Return on Assets,0.6,2018-Q4,rbnz-dashboard
Kiwibank,Return on Equity,8,2018-Q4,rbnz-dashboard
Kiwibank,NIM,2.1,2018-Q4,rbnz-dashboard
Kiwibank,Net Interest Income,111.1,2018-Q4,rbnz-dashboard
Kiwibank,Trading and Hedging Gains,0.4,2018-Q4,rbnz-dashboard
Kiwibank,Fees and Commission Income,37.9,2018-Q4,rbnz-dashboard
Kiwibank,Other Income,10.4,2018-Q4,rbnz-dashboard
Kiwibank,Operating Expenses,114.6,2018-Q4,rbnz-dashboard
Kiwibank,Profit After Tax,30.4,2018-Q4,rbnz-dashboard
Kiwibank,Total Assets,22039.9,2018-Q4,rbnz-dashboard
Kiwibank,Cash Position,712.4,2018-Q4,rbnz-dashboard
Kiwibank,Net Loans and Advances,19391.3,2018-Q4,rbnz-dashboard
Kiwibank,Deposits,17430,2018-Q4,rbnz-dashboard
Kiwibank,Equity,1527.6,2018-Q4,rbnz-dashboard
Kiwibank,Core Funding Ratio (CFR),89.5,2018-Q4,rbnz-dashboard
Rabo Group,Total Capital Ratio,,2018-Q4,rbnz-dashboard
Rabo Group,CET1 Ratio,,2018-Q4,rbnz-dashboard
Rabo Group,Tier 1 Capital Ratio,,2018-Q4,rbnz-dashboard
Rabo Group,Total Non-Performing Loans,258.4,2018-Q4,rbnz-dashboard
Rabo Group,NPL Ratio,2,2018-Q4,rbnz-dashboard
Rabo Group,Return on Assets,0.8,2018-Q4,rbnz-dashboard
Rabo Group,Return on Equity,6.5,2018-Q4,rbnz-dashboard
Rabo Group,NIM,2.3,2018-Q4,rbnz-dashboard
Rabo Group,Net Interest Income,89.4,2018-Q4,rbnz-dashboard
Rabo Group,Trading and Hedging Gains,-6,2018-Q4,rbnz-dashboard
Rabo Group,Fees and Commission Income,0.5,2018-Q4,rbnz-dashboard
Rabo Group,Other Income,0,2018-Q4,rbnz-dashboard
Rabo Group,Operating Expenses,36.7,2018-Q4,rbnz-dashboard
Rabo Group,Profit After Tax,30.2,2018-Q4,rbnz-dashboard
Rabo Group,Total Assets,16121.9,2018-Q4,rbnz-dashboard
Rabo Group,Cash Position,2375.1,2018-Q4,rbnz-dashboard
Rabo Group,Net Loans and Advances,12974.2,2018-Q4,rbnz-dashboard
Rabo Group,Deposits,4705.6,2018-Q4,rbnz-dashboard
Rabo Group,Equity,1869.2,2018-Q4,rbnz-dashboard
Rabo Group,Core Funding Ratio (CFR),,2018-Q4,rbnz-dashboard
Rabobank,Total Capital Ratio,13.3,2018-Q4,rbnz-dashboard
Rabobank,CET1 Ratio,13.3,2018-Q4,rbnz-dashboard
Rabobank,Tier 1 Capital Ratio,13.3,2018-Q4,rbnz-dashboard
Rabobank,Total Non-Performing Loans,258.4,2018-Q4,rbnz-dashboard
Rabobank,NPL Ratio,2.4,2018-Q4,rbnz-dashboard
Rabobank,Return on Assets,0.7,2018-Q4,rbnz-dashboard
Rabobank,Return on Equity,5,2018-Q4,rbnz-dashboard
Rabobank,NIM,2.2,2018-Q4,rbnz-dashboard
Rabobank,Net Interest Income,64.7,2018-Q4,rbnz-dashboard
Rabobank,Trading and Hedging Gains,0.1,2018-Q4,rbnz-dashboard
Rabobank,Fees and Commission Income,0.3,2018-Q4,rbnz-dashboard
Rabobank,Other Income,0,2018-Q4,rbnz-dashboard
Rabobank,Operating Expenses,34.4,2018-Q4,rbnz-dashboard
Rabobank,Profit After Tax,19.8,2018-Q4,rbnz-dashboard
Rabobank,Total Assets,11977.4,2018-Q4,rbnz-dashboard
Rabobank,Cash Position,692.3,2018-Q4,rbnz-dashboard
Rabobank,Net Loans and Advances,10608.9,2018-Q4,rbnz-dashboard
Rabobank,Deposits,4261.8,2018-Q4,rbnz-dashboard
Rabobank,Equity,1578.7,2018-Q4,rbnz-dashboard
Rabobank,Core Funding Ratio (CFR),92.1,2018-Q4,rbnz-dashboard
SBS,Total Capital Ratio,14.1,2018-Q4,rbnz-dashboard
SBS,CET1 Ratio,11.3,2018-Q4,rbnz-dashboard
SBS,Tier 1 Capital Ratio,11.3,2018-Q4,rbnz-dashboard
SBS,Total Non-Performing Loans,13.7,2018-Q4,rbnz-dashboard
SBS,NPL Ratio,0.3,2018-Q4,rbnz-dashboard
SBS,Return on Assets,0.7,2018-Q4,rbnz-dashboard
SBS,Return on Equity,10.3,2018-Q4,rbnz-dashboard
SBS,NIM,2.5,2018-Q4,rbnz-dashboard
SBS,Net Interest Income,29.1,2018-Q4,rbnz-dashboard
SBS,Trading and Hedging Gains,0,2018-Q4,rbnz-dashboard
SBS,Fees and Commission Income,3.7,2018-Q4,rbnz-dashboard
SBS,Other Income,6.9,2018-Q4,rbnz-dashboard
SBS,Operating Expenses,25,2018-Q4,rbnz-dashboard
SBS,Profit After Tax,8.2,2018-Q4,rbnz-dashboard
SBS,Total Assets,4660.4,2018-Q4,rbnz-dashboard
SBS,Cash Position,94.6,2018-Q4,rbnz-dashboard
SBS,Net Loans and Advances,3932.9,2018-Q4,rbnz-dashboard
SBS,Deposits,3411,2018-Q4,rbnz-dashboard
SBS,Equity,321.4,2018-Q4,rbnz-dashboard
SBS,Core Funding Ratio (CFR),96.2,2018-Q4,rbnz-dashboard
TSB,Total Capital Ratio,14.8,2018-Q4,rbnz-dashboard
TSB,CET1 Ratio,14.8,2018-Q4,rbnz-dashboard
TSB,Tier 1 Capital Ratio,14.8,2018-Q4,rbnz-dashboard
TSB,Total Non-Performing Loans,7.6,2018-Q4,rbnz-dashboard
TSB,NPL Ratio,0.1,2018-Q4,rbnz-dashboard
TSB,Return on Assets,0.7,2018-Q4,rbnz-dashboard
TSB,Return on Equity,8,2018-Q4,rbnz-dashboard
TSB,NIM,1.9,2018-Q4,rbnz-dashboard
TSB,Net Interest Income,35.2,2018-Q4,rbnz-dashboard
TSB,Trading and Hedging Gains,0.2,2018-Q4,rbnz-dashboard
TSB,Fees and Commission Income,4.1,2018-Q4,rbnz-dashboard
TSB,Other Income,1.9,2018-Q4,rbnz-dashboard
TSB,Operating Expenses,25.1,2018-Q4,rbnz-dashboard
TSB,Profit After Tax,13,2018-Q4,rbnz-dashboard
TSB,Total Assets,7733.4,2018-Q4,rbnz-dashboard
TSB,Cash Position,123.8,2018-Q4,rbnz-dashboard
TSB,Net Loans and Advances,5660.8,2018-Q4,rbnz-dashboard
TSB,Deposits,6982.9,2018-Q4,rbnz-dashboard
TSB,Equity,651.5,2018-Q4,rbnz-dashboard
TSB,Core Funding Ratio (CFR),123.8,2018-Q4,rbnz-dashboard
WBC Group,Total Capital Ratio,,2018-Q4,rbnz-dashboard
WBC Group,CET1 Ratio,,2018-Q4,rbnz-dashboard
WBC Group,Tier 1 Capital Ratio,,2018-Q4,rbnz-dashboard
WBC Group,Total Non-Performing Loans,221.7,2018-Q4,rbnz-dashboard
WBC Group,NPL Ratio,0.3,2018-Q4,rbnz-dashboard
WBC Group,Return on Assets,1.1,2018-Q4,rbnz-dashboard
WBC Group,Return on Equity,12.4,2018-Q4,rbnz-dashboard
WBC Group,NIM,2.3,2018-Q4,rbnz-dashboard
WBC Group,Net Interest Income,520.3,2018-Q4,rbnz-dashboard
WBC Group,Trading and Hedging Gains,-0.5,2018-Q4,rbnz-dashboard
WBC Group,Fees and Commission Income,98.5,2018-Q4,rbnz-dashboard
WBC Group,Other Income,5.8,2018-Q4,rbnz-dashboard
WBC Group,Operating Expenses,249,2018-Q4,rbnz-dashboard
WBC Group,Profit After Tax,265.6,2018-Q4,rbnz-dashboard
WBC Group,Total Assets,98536.5,2018-Q4,rbnz-dashboard
WBC Group,Cash Position,2918.2,2018-Q4,rbnz-dashboard
WBC Group,Net Loans and Advances,81379.8,2018-Q4,rbnz-dashboard
WBC Group,Deposits,63237.7,2018-Q4,rbnz-dashboard
WBC Group,Equity,8598.3,2018-Q4,rbnz-dashboard
WBC Group,Core Funding Ratio (CFR),,2018-Q4,rbnz-dashboard
Westpac,Total Capital Ratio,16.9,2018-Q4,rbnz-dashboard
Westpac,CET1 Ratio,12,2018-Q4,rbnz-dashboard
Westpac,Tier 1 Capital Ratio,14.8,2018-Q4,rbnz-dashboard
Westpac,Total Non-Performing Loans,221.7,2018-Q4,rbnz-dashboard
Westpac,NPL Ratio,0.3,2018-Q4,rbnz-dashboard
Westpac,Return on Assets,1.1,2018-Q4,rbnz-dashboard
Westpac,Return on Equity,13.1,2018-Q4,rbnz-dashboard
Westpac,NIM,2.2,2018-Q4,rbnz-dashboard
Westpac,Net Interest Income,500.6,2018-Q4,rbnz-dashboard
Westpac,Trading and Hedging Gains,-1.3,2018-Q4,rbnz-dashboard
Westpac,Fees and Commission Income,75.9,2018-Q4,rbnz-dashboard
Westpac,Other Income,4,2018-Q4,rbnz-dashboard
Westpac,Operating Expenses,235.7,2018-Q4,rbnz-dashboard
Westpac,Profit After Tax,243.4,2018-Q4,rbnz-dashboard
Westpac,Total Assets,91703.2,2018-Q4,rbnz-dashboard
Westpac,Cash Position,2902.5,2018-Q4,rbnz-dashboard
Westpac,Net Loans and Advances,80956.6,2018-Q4,rbnz-dashboard
Westpac,Deposits,62808,2018-Q4,rbnz-dashboard
Westpac,Equity,7464.4,2018-Q4,rbnz-dashboard
Westpac,Core Funding Ratio (CFR),82.3,2018-Q4,rbnz-dashboard
ANZ,Total Capital Ratio,14.6,2019-Q1,rbnz-dashboard
ANZ,CET1 Ratio,11.4,2019-Q1,rbnz-dashboard
ANZ,Tier 1 Capital Ratio,14.6,2019-Q1,rbnz-dashboard
ANZ,Total Non-Performing Loans,566.2,2019-Q1,rbnz-dashboard
ANZ,NPL Ratio,0.4,2019-Q1,rbnz-dashboard
ANZ,Return on Assets,1.2,2019-Q1,rbnz-dashboard
ANZ,Return on Equity,14.4,2019-Q1,rbnz-dashboard
ANZ,NIM,2.2,2019-Q1,rbnz-dashboard
ANZ,Net Interest Income,807.9,2019-Q1,rbnz-dashboard
ANZ,Trading and Hedging Gains,2.9,2019-Q1,rbnz-dashboard
ANZ,Fees and Commission Income,171.5,2019-Q1,rbnz-dashboard
ANZ,Other Income,50.4,2019-Q1,rbnz-dashboard
ANZ,Operating Expenses,359.3,2019-Q1,rbnz-dashboard
ANZ,Profit After Tax,482,2019-Q1,rbnz-dashboard
ANZ,Total Assets,163373.8,2019-Q1,rbnz-dashboard
ANZ,Cash Position,4648.8,2019-Q1,rbnz-dashboard
ANZ,Net Loans and Advances,130110,2019-Q1,rbnz-dashboard
ANZ,Deposits,107528,2019-Q1,rbnz-dashboard
ANZ,Equity,13590.7,2019-Q1,rbnz-dashboard
ANZ,Core Funding Ratio (CFR),88.8,2019-Q1,rbnz-dashboard
ANZ Group,Total Capital Ratio,,2019-Q1,rbnz-dashboard
ANZ Group,CET1 Ratio,,2019-Q1,rbnz-dashboard
ANZ Group,Tier 1 Capital Ratio,,2019-Q1,rbnz-dashboard
ANZ Group,Total Non-Performing Loans,580.6,2019-Q1,rbnz-dashboard
ANZ Group,NPL Ratio,0.4,2019-Q1,rbnz-dashboard
ANZ Group,Return on Assets,1.2,2019-Q1,rbnz-dashboard
ANZ Group,Return on Equity,16.3,2019-Q1,rbnz-dashboard
ANZ Group,NIM,2.2,2019-Q1,rbnz-dashboard
ANZ Group,Net Interest Income,804.9,2019-Q1,rbnz-dashboard
ANZ Group,Trading and Hedging Gains,-5.6,2019-Q1,rbnz-dashboard
ANZ Group,Fees and Commission Income,170.4,2019-Q1,rbnz-dashboard
ANZ Group,Other Income,50.4,2019-Q1,rbnz-dashboard
ANZ Group,Operating Expenses,359.4,2019-Q1,rbnz-dashboard
ANZ Group,Profit After Tax,473.2,2019-Q1,rbnz-dashboard
ANZ Group,Total Assets,164952.1,2019-Q1,rbnz-dashboard
ANZ Group,Cash Position,4648.8,2019-Q1,rbnz-dashboard
ANZ Group,Net Loans and Advances,131787.6,2019-Q1,rbnz-dashboard
ANZ Group,Deposits,107528,2019-Q1,rbnz-dashboard
ANZ Group,Equity,11728.4,2019-Q1,rbnz-dashboard
ANZ Group,Core Funding Ratio (CFR),,2019-Q1,rbnz-dashboard
ASB,Total Capital Ratio,14.3,2019-Q1,rbnz-dashboard
ASB,CET1 Ratio,11,2019-Q1,rbnz-dashboard
ASB,Tier 1 Capital Ratio,12.8,2019-Q1,rbnz-dashboard
ASB,Total Non-Performing Loans,523.8,2019-Q1,rbnz-dashboard
ASB,NPL Ratio,0.6,2019-Q1,rbnz-dashboard
ASB,Return on Assets,1.4,2019-Q1,rbnz-dashboard
ASB,Return on Equity,16.8,2019-Q1,rbnz-dashboard
ASB,NIM,2.3,2019-Q1,rbnz-dashboard
ASB,Net Interest Income,539.5,2019-Q1,rbnz-dashboard
ASB,Trading and Hedging Gains,17.2,2019-Q1,rbnz-dashboard
ASB,Fees and Commission Income,125.1,2019-Q1,rbnz-dashboard
ASB,Other Income,48.4,2019-Q1,rbnz-dashboard
ASB,Operating Expenses,238.1,2019-Q1,rbnz-dashboard
ASB,Profit After Tax,344.2,2019-Q1,rbnz-dashboard
ASB,Total Assets,97152.4,2019-Q1,rbnz-dashboard
ASB,Cash Position,1639.1,2019-Q1,rbnz-dashboard
ASB,Net Loans and Advances,86496,2019-Q1,rbnz-dashboard
ASB,Deposits,61633.8,2019-Q1,rbnz-dashboard
ASB,Equity,8044,2019-Q1,rbnz-dashboard
ASB,Core Funding Ratio (CFR),86.4,2019-Q1,rbnz-dashboard
BNZ,Total Capital Ratio,13.6,2019-Q1,rbnz-dashboard
BNZ,CET1 Ratio,10.6,2019-Q1,rbnz-dashboard
BNZ,Tier 1 Capital Ratio,12,2019-Q1,rbnz-dashboard
BNZ,Total Non-Performing Loans,443.6,2019-Q1,rbnz-dashboard
BNZ,NPL Ratio,0.5,2019-Q1,rbnz-dashboard
BNZ,Return on Assets,1.2,2019-Q1,rbnz-dashboard
BNZ,Return on Equity,16.1,2019-Q1,rbnz-dashboard
BNZ,NIM,2.2,2019-Q1,rbnz-dashboard
BNZ,Net Interest Income,509.7,2019-Q1,rbnz-dashboard
BNZ,Trading and Hedging Gains,41.4,2019-Q1,rbnz-dashboard
BNZ,Fees and Commission Income,94.5,2019-Q1,rbnz-dashboard
BNZ,Other Income,37.4,2019-Q1,rbnz-dashboard
BNZ,Operating Expenses,243.5,2019-Q1,rbnz-dashboard
BNZ,Profit After Tax,296.2,2019-Q1,rbnz-dashboard
BNZ,Total Assets,103757.7,2019-Q1,rbnz-dashboard
BNZ,Cash Position,2601,2019-Q1,rbnz-dashboard
BNZ,Net Loans and Advances,85556.2,2019-Q1,rbnz-dashboard
BNZ,Deposits,63057.7,2019-Q1,rbnz-dashboard
BNZ,Equity,7621.7,2019-Q1,rbnz-dashboard
BNZ,Core Funding Ratio (CFR),85.2,2019-Q1,rbnz-dashboard
BOB,Total Capital Ratio,72.5,2019-Q1,rbnz-dashboard
BOB,CET1 Ratio,72.5,2019-Q1,rbnz-dashboard
BOB,Tier 1 Capital Ratio,72.5,2019-Q1,rbnz-dashboard
BOB,Total Non-Performing Loans,,2019-Q1,rbnz-dashboard
BOB,NPL Ratio,,2019-Q1,rbnz-dashboard
BOB,Return on Assets,0,2019-Q1,rbnz-dashboard
BOB,Return on Equity,0,2019-Q1,rbnz-dashboard
BOB,NIM,2.6,2019-Q1,rbnz-dashboard
BOB,Net Interest Income,0.8,2019-Q1,rbnz-dashboard
BOB,Trading and Hedging Gains,0.2,2019-Q1,rbnz-dashboard
BOB,Fees and Commission Income,0.1,2019-Q1,rbnz-dashboard
BOB,Other Income,0,2019-Q1,rbnz-dashboard
BOB,Operating Expenses,0.8,2019-Q1,rbnz-dashboard
BOB,Profit After Tax,0,2019-Q1,rbnz-dashboard
BOB,Total Assets,125.3,2019-Q1,rbnz-dashboard
BOB,Cash Position,24,2019-Q1,rbnz-dashboard
BOB,Net Loans and Advances,100.6,2019-Q1,rbnz-dashboard
BOB,Deposits,76,2019-Q1,rbnz-dashboard
BOB,Equity,48.1,2019-Q1,rbnz-dashboard
BOB,Core Funding Ratio (CFR),126.4,2019-Q1,rbnz-dashboard
BOC,Total Capital Ratio,13.8,2019-Q1,rbnz-dashboard
BOC,CET1 Ratio,13.8,2019-Q1,rbnz-dashboard
BOC,Tier 1 Capital Ratio,13.8,2019-Q1,rbnz-dashboard
BOC,Total Non-Performing Loans,31.8,2019-Q1,rbnz-dashboard
BOC,NPL Ratio,1.9,2019-Q1,rbnz-dashboard
BOC,Return on Assets,1.2,2019-Q1,rbnz-dashboard
BOC,Return on Equity,11.1,2019-Q1,rbnz-dashboard
BOC,NIM,1.7,2019-Q1,rbnz-dashboard
BOC,Net Interest Income,8.7,2019-Q1,rbnz-dashboard
BOC,Trading and Hedging Gains,0.4,2019-Q1,rbnz-dashboard
BOC,Fees and Commission Income,2,2019-Q1,rbnz-dashboard
BOC,Other Income,0,2019-Q1,rbnz-dashboard
BOC,Operating Expenses,4.2,2019-Q1,rbnz-dashboard
BOC,Profit After Tax,6.1,2019-Q1,rbnz-dashboard
BOC,Total Assets,2052.4,2019-Q1,rbnz-dashboard
BOC,Cash Position,200.4,2019-Q1,rbnz-dashboard
BOC,Net Loans and Advances,1676.5,2019-Q1,rbnz-dashboard
BOC,Deposits,764.2,2019-Q1,rbnz-dashboard
BOC,Equity,225.3,2019-Q1,rbnz-dashboard
BOC,Core Funding Ratio (CFR),92.9,2019-Q1,rbnz-dashboard
BOC Group,Total Capital Ratio,,2019-Q1,rbnz-dashboard
BOC Group,CET1 Ratio,,2019-Q1,rbnz-dashboard
BOC Group,Tier 1 Capital Ratio,,2019-Q1,rbnz-dashboard
BOC Group,Total Non-Performing Loans,31.8,2019-Q1,rbnz-dashboard
BOC Group,NPL Ratio,1.5,2019-Q1,rbnz-dashboard
BOC Group,Return on Assets,1,2019-Q1,rbnz-dashboard
BOC Group,Return on Equity,10.6,2019-Q1,rbnz-dashboard
BOC Group,NIM,1.6,2019-Q1,rbnz-dashboard
BOC Group,Net Interest Income,9.1,2019-Q1,rbnz-dashboard
BOC Group,Trading and Hedging Gains,0.4,2019-Q1,rbnz-dashboard
BOC Group,Fees and Commission Income,1.8,2019-Q1,rbnz-dashboard
BOC Group,Other Income,0,2019-Q1,rbnz-dashboard
BOC Group,Operating Expenses,4.2,2019-Q1,rbnz-dashboard
BOC Group,Profit After Tax,5.8,2019-Q1,rbnz-dashboard
BOC Group,Total Assets,2433.5,2019-Q1,rbnz-dashboard
BOC Group,Cash Position,231.5,2019-Q1,rbnz-dashboard
BOC Group,Net Loans and Advances,2024.2,2019-Q1,rbnz-dashboard
BOC Group,Deposits,764.8,2019-Q1,rbnz-dashboard
BOC Group,Equity,223.8,2019-Q1,rbnz-dashboard
BOC Group,Core Funding Ratio (CFR),,2019-Q1,rbnz-dashboard
BOI,Total Capital Ratio,71.3,2019-Q1,rbnz-dashboard
BOI,CET1 Ratio,71.3,2019-Q1,rbnz-dashboard
BOI,Tier 1 Capital Ratio,71.3,2019-Q1,rbnz-dashboard
BOI,Total Non-Performing Loans,,2019-Q1,rbnz-dashboard
BOI,NPL Ratio,,2019-Q1,rbnz-dashboard
BOI,Return on Assets,1,2019-Q1,rbnz-dashboard
BOI,Return on Equity,1.7,2019-Q1,rbnz-dashboard
BOI,NIM,4,2019-Q1,rbnz-dashboard
BOI,Net Interest Income,0.9,2019-Q1,rbnz-dashboard
BOI,Trading and Hedging Gains,0.1,2019-Q1,rbnz-dashboard
BOI,Fees and Commission Income,0,2019-Q1,rbnz-dashboard
BOI,Other Income,0,2019-Q1,rbnz-dashboard
BOI,Operating Expenses,0.7,2019-Q1,rbnz-dashboard
BOI,Profit After Tax,0.2,2019-Q1,rbnz-dashboard
BOI,Total Assets,89,2019-Q1,rbnz-dashboard
BOI,Cash Position,17.5,2019-Q1,rbnz-dashboard
BOI,Net Loans and Advances,70.5,2019-Q1,rbnz-dashboard
BOI,Deposits,33.4,2019-Q1,rbnz-dashboard
BOI,Equity,55.2,2019-Q1,rbnz-dashboard
BOI,Core Funding Ratio (CFR),107.6,2019-Q1,rbnz-dashboard
CBA Group,Total Capital Ratio,,2019-Q1,rbnz-dashboard
CBA Group,CET1 Ratio,,2019-Q1,rbnz-dashboard
CBA Group,Tier 1 Capital Ratio,,2019-Q1,rbnz-dashboard
CBA Group,Total Non-Performing Loans,523.8,2019-Q1,rbnz-dashboard
CBA Group,NPL Ratio,0.6,2019-Q1,rbnz-dashboard
CBA Group,Return on Assets,1.3,2019-Q1,rbnz-dashboard
CBA Group,Return on Equity,16.2,2019-Q1,rbnz-dashboard
CBA Group,NIM,2,2019-Q1,rbnz-dashboard
CBA Group,Net Interest Income,514.3,2019-Q1,rbnz-dashboard
CBA Group,Trading and Hedging Gains,23.9,2019-Q1,rbnz-dashboard
CBA Group,Fees and Commission Income,131.7,2019-Q1,rbnz-dashboard
CBA Group,Other Income,48.1,2019-Q1,rbnz-dashboard
CBA Group,Operating Expenses,241.1,2019-Q1,rbnz-dashboard
CBA Group,Profit After Tax,328.9,2019-Q1,rbnz-dashboard
CBA Group,Total Assets,105388,2019-Q1,rbnz-dashboard
CBA Group,Cash Position,1465.3,2019-Q1,rbnz-dashboard
CBA Group,Net Loans and Advances,89608.4,2019-Q1,rbnz-dashboard
CBA Group,Deposits,61566.1,2019-Q1,rbnz-dashboard
CBA Group,Equity,7633.5,2019-Q1,rbnz-dashboard
CBA Group,Core Funding Ratio (CFR),,2019-Q1,rbnz-dashboard
CCB,Total Capital Ratio,21.9,2019-Q1,rbnz-dashboard
CCB,CET1 Ratio,20.4,2019-Q1,rbnz-dashboard
CCB,Tier 1 Capital Ratio,20.4,2019-Q1,rbnz-dashboard
CCB,Total Non-Performing Loans,,2019-Q1,rbnz-dashboard
CCB,NPL Ratio,,2019-Q1,rbnz-dashboard
CCB,Return on Assets,0.3,2019-Q1,rbnz-dashboard
CCB,Return on Equity,2.3,2019-Q1,rbnz-dashboard
CCB,NIM,1.4,2019-Q1,rbnz-dashboard
CCB,Net Interest Income,5.4,2019-Q1,rbnz-dashboard
CCB,Trading and Hedging Gains,-2.3,2019-Q1,rbnz-dashboard
CCB,Fees and Commission Income,0.7,2019-Q1,rbnz-dashboard
CCB,Other Income,1.5,2019-Q1,rbnz-dashboard
CCB,Operating Expenses,3.7,2019-Q1,rbnz-dashboard
CCB,Profit After Tax,1.2,2019-Q1,rbnz-dashboard
CCB,Total Assets,1602.9,2019-Q1,rbnz-dashboard
CCB,Cash Position,383.3,2019-Q1,rbnz-dashboard
CCB,Net Loans and Advances,1022.4,2019-Q1,rbnz-dashboard
CCB,Deposits,229,2019-Q1,rbnz-dashboard
CCB,Equity,215.8,2019-Q1,rbnz-dashboard
CCB,Core Funding Ratio (CFR),122.9,2019-Q1,rbnz-dashboard
CCB Group,Total Capital Ratio,,2019-Q1,rbnz-dashboard
CCB Group,CET1 Ratio,,2019-Q1,rbnz-dashboard
CCB Group,Tier 1 Capital Ratio,,2019-Q1,rbnz-dashboard
CCB Group,Total Non-Performing Loans,,2019-Q1,rbnz-dashboard
CCB Group,NPL Ratio,,2019-Q1,rbnz-dashboard
CCB Group,Return on Assets,0.6,2019-Q1,rbnz-dashboard
CCB Group,Return on Equity,7.5,2019-Q1,rbnz-dashboard
CCB Group,NIM,1.3,2019-Q1,rbnz-dashboard
CCB Group,Net Interest Income,7.7,2019-Q1,rbnz-dashboard
CCB Group,Trading and Hedging Gains,0,2019-Q1,rbnz-dashboard
CCB Group,Fees and Commission Income,1.2,2019-Q1,rbnz-dashboard
CCB Group,Other Income,0,2019-Q1,rbnz-dashboard
CCB Group,Operating Expenses,3.7,2019-Q1,rbnz-dashboard
CCB Group,Profit After Tax,4,2019-Q1,rbnz-dashboard
CCB Group,Total Assets,2587.2,2019-Q1,rbnz-dashboard
CCB Group,Cash Position,386.3,2019-Q1,rbnz-dashboard
CCB Group,Net Loans and Advances,1972.1,2019-Q1,rbnz-dashboard
CCB Group,Deposits,304.4,2019-Q1,rbnz-dashboard
CCB Group,Equity,215.6,2019-Q1,rbnz-dashboard
CCB Group,Core Funding Ratio (CFR),,2019-Q1,rbnz-dashboard
Co-op,Total Capital Ratio,17.1,2019-Q1,rbnz-dashboard
Co-op,CET1 Ratio,14.6,2019-Q1,rbnz-dashboard
Co-op,Tier 1 Capital Ratio,14.6,2019-Q1,rbnz-dashboard
Co-op,Total Non-Performing Loans,8.6,2019-Q1,rbnz-dashboard
Co-op,NPL Ratio,0.4,2019-Q1,rbnz-dashboard
Co-op,Return on Assets,0.1,2019-Q1,rbnz-dashboard
Co-op,Return on Equity,2,2019-Q1,rbnz-dashboard
Co-op,NIM,2.3,2019-Q1,rbnz-dashboard
Co-op,Net Interest Income,15.8,2019-Q1,rbnz-dashboard
Co-op,Trading and Hedging Gains,0.1,2019-Q1,rbnz-dashboard
Co-op,Fees and Commission Income,2.4,2019-Q1,rbnz-dashboard
Co-op,Other Income,1.4,2019-Q1,rbnz-dashboard
Co-op,Operating Expenses,17.4,2019-Q1,rbnz-dashboard
Co-op,Profit After Tax,1,2019-Q1,rbnz-dashboard
Co-op,Total Assets,2785.7,2019-Q1,rbnz-dashboard
Co-op,Cash Position,21,2019-Q1,rbnz-dashboard
Co-op,Net Loans and Advances,2460.5,2019-Q1,rbnz-dashboard
Co-op,Deposits,2320.4,2019-Q1,rbnz-dashboard
Co-op,Equity,197.7,2019-Q1,rbnz-dashboard
Co-op,Core Funding Ratio (CFR),103.5,2019-Q1,rbnz-dashboard
Heartland,Total Capital Ratio,13.1,2019-Q1,rbnz-dashboard
Heartland,CET1 Ratio,13.1,2019-Q1,rbnz-dashboard
Heartland,Tier 1 Capital Ratio,13.1,2019-Q1,rbnz-dashboard
Heartland,Total Non-Performing Loans,78.4,2019-Q1,rbnz-dashboard
Heartland,NPL Ratio,2.2,2019-Q1,rbnz-dashboard
Heartland,Return on Assets,1.8,2019-Q1,rbnz-dashboard
Heartland,Return on Equity,12.3,2019-Q1,rbnz-dashboard
Heartland,NIM,4.7,2019-Q1,rbnz-dashboard
Heartland,Net Interest Income,45,2019-Q1,rbnz-dashboard
Heartland,Trading and Hedging Gains,0,2019-Q1,rbnz-dashboard
Heartland,Fees and Commission Income,0.8,2019-Q1,rbnz-dashboard
Heartland,Other Income,2.4,2019-Q1,rbnz-dashboard
Heartland,Operating Expenses,19.3,2019-Q1,rbnz-dashboard
Heartland,Profit After Tax,18,2019-Q1,rbnz-dashboard
Heartland,Total Assets,4053.8,2019-Q1,rbnz-dashboard
Heartland,Cash Position,84.5,2019-Q1,rbnz-dashboard
Heartland,Net Loans and Advances,3488.1,2019-Q1,rbnz-dashboard
Heartland,Deposits,3001,2019-Q1,rbnz-dashboard
Heartland,Equity,587.1,2019-Q1,rbnz-dashboard
Heartland,Core Funding Ratio (CFR),96.7,2019-Q1,rbnz-dashboard
ICBC,Total Capital Ratio,18.2,2019-Q1,rbnz-dashboard
ICBC,CET1 Ratio,14.6,2019-Q1,rbnz-dashboard
ICBC,Tier 1 Capital Ratio,14.6,2019-Q1,rbnz-dashboard
ICBC,Total Non-Performing Loans,34.5,2019-Q1,rbnz-dashboard
ICBC,NPL Ratio,2.1,2019-Q1,rbnz-dashboard
ICBC,Return on Assets,0.8,2019-Q1,rbnz-dashboard
ICBC,Return on Equity,7.2,2019-Q1,rbnz-dashboard
ICBC,NIM,1.6,2019-Q1,rbnz-dashboard
ICBC,Net Interest Income,8.6,2019-Q1,rbnz-dashboard
ICBC,Trading and Hedging Gains,0.1,2019-Q1,rbnz-dashboard
ICBC,Fees and Commission Income,0.4,2019-Q1,rbnz-dashboard
ICBC,Other Income,0,2019-Q1,rbnz-dashboard
ICBC,Operating Expenses,4.3,2019-Q1,rbnz-dashboard
ICBC,Profit After Tax,4.2,2019-Q1,rbnz-dashboard
ICBC,Total Assets,2137.5,2019-Q1,rbnz-dashboard
ICBC,Cash Position,206.9,2019-Q1,rbnz-dashboard
ICBC,Net Loans and Advances,1632.3,2019-Q1,rbnz-dashboard
ICBC,Deposits,772.3,2019-Q1,rbnz-dashboard
ICBC,Equity,238.3,2019-Q1,rbnz-dashboard
ICBC,Core Funding Ratio (CFR),85.5,2019-Q1,rbnz-dashboard
Kiwibank,Total Capital Ratio,14.9,2019-Q1,rbnz-dashboard
Kiwibank,CET1 Ratio,12.7,2019-Q1,rbnz-dashboard
Kiwibank,Tier 1 Capital Ratio,14,2019-Q1,rbnz-dashboard
Kiwibank,Total Non-Performing Loans,20,2019-Q1,rbnz-dashboard
Kiwibank,NPL Ratio,0.1,2019-Q1,rbnz-dashboard
Kiwibank,Return on Assets,0.5,2019-Q1,rbnz-dashboard
Kiwibank,Return on Equity,6.7,2019-Q1,rbnz-dashboard
Kiwibank,NIM,2,2019-Q1,rbnz-dashboard
Kiwibank,Net Interest Income,108.8,2019-Q1,rbnz-dashboard
Kiwibank,Trading and Hedging Gains,0.9,2019-Q1,rbnz-dashboard
Kiwibank,Fees and Commission Income,33.6,2019-Q1,rbnz-dashboard
Kiwibank,Other Income,6.7,2019-Q1,rbnz-dashboard
Kiwibank,Operating Expenses,111.5,2019-Q1,rbnz-dashboard
Kiwibank,Profit After Tax,25.4,2019-Q1,rbnz-dashboard
Kiwibank,Total Assets,22513.8,2019-Q1,rbnz-dashboard
Kiwibank,Cash Position,636.1,2019-Q1,rbnz-dashboard
Kiwibank,Net Loans and Advances,19942,2019-Q1,rbnz-dashboard
Kiwibank,Deposits,17689.8,2019-Q1,rbnz-dashboard
Kiwibank,Equity,1540.5,2019-Q1,rbnz-dashboard
Kiwibank,Core Funding Ratio (CFR),89.4,2019-Q1,rbnz-dashboard
Rabo Group,Total Capital Ratio,,2019-Q1,rbnz-dashboard
Rabo Group,CET1 Ratio,,2019-Q1,rbnz-dashboard
Rabo Group,Tier 1 Capital Ratio,,2019-Q1,rbnz-dashboard
Rabo Group,Total Non-Performing Loans,255.4,2019-Q1,rbnz-dashboard
Rabo Group,NPL Ratio,1.9,2019-Q1,rbnz-dashboard
Rabo Group,Return on Assets,0.9,2019-Q1,rbnz-dashboard
Rabo Group,Return on Equity,7.9,2019-Q1,rbnz-dashboard
Rabo Group,NIM,2.2,2019-Q1,rbnz-dashboard
Rabo Group,Net Interest Income,84.8,2019-Q1,rbnz-dashboard
Rabo Group,Trading and Hedging Gains,1,2019-Q1,rbnz-dashboard
Rabo Group,Fees and Commission Income,0.1,2019-Q1,rbnz-dashboard
Rabo Group,Other Income,0.1,2019-Q1,rbnz-dashboard
Rabo Group,Operating Expenses,29.3,2019-Q1,rbnz-dashboard
Rabo Group,Profit After Tax,36.7,2019-Q1,rbnz-dashboard
Rabo Group,Total Assets,16642.6,2019-Q1,rbnz-dashboard
Rabo Group,Cash Position,2715.2,2019-Q1,rbnz-dashboard
Rabo Group,Net Loans and Advances,13072.5,2019-Q1,rbnz-dashboard
Rabo Group,Deposits,5198.4,2019-Q1,rbnz-dashboard
Rabo Group,Equity,1907,2019-Q1,rbnz-dashboard
Rabo Group,Core Funding Ratio (CFR),,2019-Q1,rbnz-dashboard
Rabobank,Total Capital Ratio,13.3,2019-Q1,rbnz-dashboard
Rabobank,CET1 Ratio,13.3,2019-Q1,rbnz-dashboard
Rabobank,Tier 1 Capital Ratio,13.3,2019-Q1,rbnz-dashboard
Rabobank,Total Non-Performing Loans,255.4,2019-Q1,rbnz-dashboard
Rabobank,NPL Ratio,2.4,2019-Q1,rbnz-dashboard
Rabobank,Return on Assets,0.8,2019-Q1,rbnz-dashboard
Rabobank,Return on Equity,6.1,2019-Q1,rbnz-dashboard
Rabobank,NIM,2.1,2019-Q1,rbnz-dashboard
Rabobank,Net Interest Income,63.5,2019-Q1,rbnz-dashboard
Rabobank,Trading and Hedging Gains,0,2019-Q1,rbnz-dashboard
Rabobank,Fees and Commission Income,0.3,2019-Q1,rbnz-dashboard
Rabobank,Other Income,0.1,2019-Q1,rbnz-dashboard
Rabobank,Operating Expenses,26.5,2019-Q1,rbnz-dashboard
Rabobank,Profit After Tax,24.1,2019-Q1,rbnz-dashboard
Rabobank,Total Assets,12199.9,2019-Q1,rbnz-dashboard
Rabobank,Cash Position,875.5,2019-Q1,rbnz-dashboard
Rabobank,Net Loans and Advances,10656.1,2019-Q1,rbnz-dashboard
Rabobank,Deposits,4445.2,2019-Q1,rbnz-dashboard
Rabobank,Equity,1603.7,2019-Q1,rbnz-dashboard
Rabobank,Core Funding Ratio (CFR),88.5,2019-Q1,rbnz-dashboard
SBS,Total Capital Ratio,14.2,2019-Q1,rbnz-dashboard
SBS,CET1 Ratio,11.4,2019-Q1,rbnz-dashboard
SBS,Tier 1 Capital Ratio,11.4,2019-Q1,rbnz-dashboard
SBS,Total Non-Performing Loans,14.3,2019-Q1,rbnz-dashboard
SBS,NPL Ratio,0.4,2019-Q1,rbnz-dashboard
SBS,Return on Assets,0.6,2019-Q1,rbnz-dashboard
SBS,Return on Equity,8.1,2019-Q1,rbnz-dashboard
SBS,NIM,2.5,2019-Q1,rbnz-dashboard
SBS,Net Interest Income,28.7,2019-Q1,rbnz-dashboard
SBS,Trading and Hedging Gains,0.2,2019-Q1,rbnz-dashboard
SBS,Fees and Commission Income,3.5,2019-Q1,rbnz-dashboard
SBS,Other Income,5.8,2019-Q1,rbnz-dashboard
SBS,Operating Expenses,25.2,2019-Q1,rbnz-dashboard
SBS,Profit After Tax,6.4,2019-Q1,rbnz-dashboard
SBS,Total Assets,4754.5,2019-Q1,rbnz-dashboard
SBS,Cash Position,139.4,2019-Q1,rbnz-dashboard
SBS,Net Loans and Advances,3977.5,2019-Q1,rbnz-dashboard
SBS,Deposits,3381.1,2019-Q1,rbnz-dashboard
SBS,Equity,325.3,2019-Q1,rbnz-dashboard
SBS,Core Funding Ratio (CFR),96.5,2019-Q1,rbnz-dashboard
TSB,Total Capital Ratio,14.6,2019-Q1,rbnz-dashboard
TSB,CET1 Ratio,14.6,2019-Q1,rbnz-dashboard
TSB,Tier 1 Capital Ratio,14.6,2019-Q1,rbnz-dashboard
TSB,Total Non-Performing Loans,10.1,2019-Q1,rbnz-dashboard
TSB,NPL Ratio,0.2,2019-Q1,rbnz-dashboard
TSB,Return on Assets,0.3,2019-Q1,rbnz-dashboard
TSB,Return on Equity,3.2,2019-Q1,rbnz-dashboard
TSB,NIM,1.8,2019-Q1,rbnz-dashboard
TSB,Net Interest Income,34.5,2019-Q1,rbnz-dashboard
TSB,Trading and Hedging Gains,0,2019-Q1,rbnz-dashboard
TSB,Fees and Commission Income,3.3,2019-Q1,rbnz-dashboard
TSB,Other Income,2.5,2019-Q1,rbnz-dashboard
TSB,Operating Expenses,28,2019-Q1,rbnz-dashboard
TSB,Profit After Tax,5.1,2019-Q1,rbnz-dashboard
TSB,Total Assets,7819,2019-Q1,rbnz-dashboard
TSB,Cash Position,149.1,2019-Q1,rbnz-dashboard
TSB,Net Loans and Advances,5792.1,2019-Q1,rbnz-dashboard
TSB,Deposits,7043.2,2019-Q1,rbnz-dashboard
TSB,Equity,653.1,2019-Q1,rbnz-dashboard
TSB,Core Funding Ratio (CFR),123.1,2019-Q1,rbnz-dashboard
WBC Group,Total Capital Ratio,,2019-Q1,rbnz-dashboard
WBC Group,CET1 Ratio,,2019-Q1,rbnz-dashboard
WBC Group,Tier 1 Capital Ratio,,2019-Q1,rbnz-dashboard
WBC Group,Total Non-Performing Loans,221.2,2019-Q1,rbnz-dashboard
WBC Group,NPL Ratio,0.3,2019-Q1,rbnz-dashboard
WBC Group,Return on Assets,1.2,2019-Q1,rbnz-dashboard
WBC Group,Return on Equity,14.3,2019-Q1,rbnz-dashboard
WBC Group,NIM,2.1,2019-Q1,rbnz-dashboard
WBC Group,Net Interest Income,481.4,2019-Q1,rbnz-dashboard
WBC Group,Trading and Hedging Gains,36.4,2019-Q1,rbnz-dashboard
WBC Group,Fees and Commission Income,96.2,2019-Q1,rbnz-dashboard
WBC Group,Other Income,38.8,2019-Q1,rbnz-dashboard
WBC Group,Operating Expenses,244.5,2019-Q1,rbnz-dashboard
WBC Group,Profit After Tax,300.3,2019-Q1,rbnz-dashboard
WBC Group,Total Assets,100179.5,2019-Q1,rbnz-dashboard
WBC Group,Cash Position,4856.2,2019-Q1,rbnz-dashboard
WBC Group,Net Loans and Advances,82469.3,2019-Q1,rbnz-dashboard
WBC Group,Deposits,65235,2019-Q1,rbnz-dashboard
WBC Group,Equity,8440.3,2019-Q1,rbnz-dashboard
WBC Group,Core Funding Ratio (CFR),,2019-Q1,rbnz-dashboard
Westpac,Total Capital Ratio,16.5,2019-Q1,rbnz-dashboard
Westpac,CET1 Ratio,11.7,2019-Q1,rbnz-dashboard
Westpac,Tier 1 Capital Ratio,14.5,2019-Q1,rbnz-dashboard
Westpac,Total Non-Performing Loans,221.2,2019-Q1,rbnz-dashboard
Westpac,NPL Ratio,0.3,2019-Q1,rbnz-dashboard
Westpac,Return on Assets,1.2,2019-Q1,rbnz-dashboard
Westpac,Return on Equity,14.6,2019-Q1,rbnz-dashboard
Westpac,NIM,2.2,2019-Q1,rbnz-dashboard
Westpac,Net Interest Income,482.3,2019-Q1,rbnz-dashboard
Westpac,Trading and Hedging Gains,1,2019-Q1,rbnz-dashboard
Westpac,Fees and Commission Income,66.7,2019-Q1,rbnz-dashboard
Westpac,Other Income,41.4,2019-Q1,rbnz-dashboard
Westpac,Operating Expenses,231.8,2019-Q1,rbnz-dashboard
Westpac,Profit After Tax,265.7,2019-Q1,rbnz-dashboard
Westpac,Total Assets,93004,2019-Q1,rbnz-dashboard
Westpac,Cash Position,3645.6,2019-Q1,rbnz-dashboard
Westpac,Net Loans and Advances,82058.5,2019-Q1,rbnz-dashboard
Westpac,Deposits,64261.5,2019-Q1,rbnz-dashboard
Westpac,Equity,7317.1,2019-Q1,rbnz-dashboard
Westpac,Core Funding Ratio (CFR),82.1,2019-Q1,rbnz-dashboard
ANZ,Total Capital Ratio,13.5,2019-Q2,rbnz-dashboard
ANZ,CET1 Ratio,10.6,2019-Q2,rbnz-dashboard
ANZ,Tier 1 Capital Ratio,13.5,2019-Q2,rbnz-dashboard
ANZ,Total Non-Performing Loans,570.9,2019-Q2,rbnz-dashboard
ANZ,NPL Ratio,0.4,2019-Q2,rbnz-dashboard
ANZ,Return on Assets,1.2,2019-Q2,rbnz-dashboard
ANZ,Return on Equity,14.4,2019-Q2,rbnz-dashboard
ANZ,NIM,2.2,2019-Q2,rbnz-dashboard
ANZ,Net Interest Income,825.5,2019-Q2,rbnz-dashboard
ANZ,Trading and Hedging Gains,92.4,2019-Q2,rbnz-dashboard
ANZ,Fees and Commission Income,165.8,2019-Q2,rbnz-dashboard
ANZ,Other Income,5.8,2019-Q2,rbnz-dashboard
ANZ,Operating Expenses,376.8,2019-Q2,rbnz-dashboard
ANZ,Profit After Tax,496.9,2019-Q2,rbnz-dashboard
ANZ,Total Assets,164964.2,2019-Q2,rbnz-dashboard
ANZ,Cash Position,4091.3,2019-Q2,rbnz-dashboard
ANZ,Net Loans and Advances,131418.8,2019-Q2,rbnz-dashboard
ANZ,Deposits,108366.3,2019-Q2,rbnz-dashboard
ANZ,Equity,14086.5,2019-Q2,rbnz-dashboard
ANZ,Core Funding Ratio (CFR),89.1,2019-Q2,rbnz-dashboard
ANZ Group,Total Capital Ratio,,2019-Q2,rbnz-dashboard
ANZ Group,CET1 Ratio,,2019-Q2,rbnz-dashboard
ANZ Group,Tier 1 Capital Ratio,,2019-Q2,rbnz-dashboard
ANZ Group,Total Non-Performing Loans,581.8,2019-Q2,rbnz-dashboard
ANZ Group,NPL Ratio,0.4,2019-Q2,rbnz-dashboard
ANZ Group,Return on Assets,1.2,2019-Q2,rbnz-dashboard
ANZ Group,Return on Equity,16.8,2019-Q2,rbnz-dashboard
ANZ Group,NIM,2.2,2019-Q2,rbnz-dashboard
ANZ Group,Net Interest Income,822.7,2019-Q2,rbnz-dashboard
ANZ Group,Trading and Hedging Gains,105.8,2019-Q2,rbnz-dashboard
ANZ Group,Fees and Commission Income,164.8,2019-Q2,rbnz-dashboard
ANZ Group,Other Income,5.8,2019-Q2,rbnz-dashboard
ANZ Group,Operating Expenses,376.9,2019-Q2,rbnz-dashboard
ANZ Group,Profit After Tax,504,2019-Q2,rbnz-dashboard
ANZ Group,Total Assets,166291.5,2019-Q2,rbnz-dashboard
ANZ Group,Cash Position,4091.3,2019-Q2,rbnz-dashboard
ANZ Group,Net Loans and Advances,132803,2019-Q2,rbnz-dashboard
ANZ Group,Deposits,108366.3,2019-Q2,rbnz-dashboard
ANZ Group,Equity,12231.3,2019-Q2,rbnz-dashboard
ANZ Group,Core Funding Ratio (CFR),,2019-Q2,rbnz-dashboard
ASB,Total Capital Ratio,14,2019-Q2,rbnz-dashboard
ASB,CET1 Ratio,11.4,2019-Q2,rbnz-dashboard
ASB,Tier 1 Capital Ratio,13.2,2019-Q2,rbnz-dashboard
ASB,Total Non-Performing Loans,464.8,2019-Q2,rbnz-dashboard
ASB,NPL Ratio,0.5,2019-Q2,rbnz-dashboard
ASB,Return on Assets,1.2,2019-Q2,rbnz-dashboard
ASB,Return on Equity,15.2,2019-Q2,rbnz-dashboard
ASB,NIM,2.2,2019-Q2,rbnz-dashboard
ASB,Net Interest Income,537.2,2019-Q2,rbnz-dashboard
ASB,Trading and Hedging Gains,26.7,2019-Q2,rbnz-dashboard
ASB,Fees and Commission Income,134.6,2019-Q2,rbnz-dashboard
ASB,Other Income,0.6,2019-Q2,rbnz-dashboard
ASB,Operating Expenses,255.6,2019-Q2,rbnz-dashboard
ASB,Profit After Tax,299.9,2019-Q2,rbnz-dashboard
ASB,Total Assets,98467.3,2019-Q2,rbnz-dashboard
ASB,Cash Position,1514.6,2019-Q2,rbnz-dashboard
ASB,Net Loans and Advances,87694.6,2019-Q2,rbnz-dashboard
ASB,Deposits,62839.1,2019-Q2,rbnz-dashboard
ASB,Equity,7791.9,2019-Q2,rbnz-dashboard
ASB,Core Funding Ratio (CFR),87.2,2019-Q2,rbnz-dashboard
BNZ,Total Capital Ratio,13.7,2019-Q2,rbnz-dashboard
BNZ,CET1 Ratio,10.7,2019-Q2,rbnz-dashboard
BNZ,Tier 1 Capital Ratio,12.1,2019-Q2,rbnz-dashboard
BNZ,Total Non-Performing Loans,493.2,2019-Q2,rbnz-dashboard
BNZ,NPL Ratio,0.6,2019-Q2,rbnz-dashboard
BNZ,Return on Assets,1.2,2019-Q2,rbnz-dashboard
BNZ,Return on Equity,16.2,2019-Q2,rbnz-dashboard
BNZ,NIM,2.1,2019-Q2,rbnz-dashboard
BNZ,Net Interest Income,509.5,2019-Q2,rbnz-dashboard
BNZ,Trading and Hedging Gains,65.3,2019-Q2,rbnz-dashboard
BNZ,Fees and Commission Income,107,2019-Q2,rbnz-dashboard
BNZ,Other Income,33.7,2019-Q2,rbnz-dashboard
BNZ,Operating Expenses,253.8,2019-Q2,rbnz-dashboard
BNZ,Profit After Tax,312.6,2019-Q2,rbnz-dashboard
BNZ,Total Assets,105313.1,2019-Q2,rbnz-dashboard
BNZ,Cash Position,3812,2019-Q2,rbnz-dashboard
BNZ,Net Loans and Advances,86881.6,2019-Q2,rbnz-dashboard
BNZ,Deposits,63294,2019-Q2,rbnz-dashboard
BNZ,Equity,7745.8,2019-Q2,rbnz-dashboard
BNZ,Core Funding Ratio (CFR),85.7,2019-Q2,rbnz-dashboard
BOB,Total Capital Ratio,69.8,2019-Q2,rbnz-dashboard
BOB,CET1 Ratio,69.8,2019-Q2,rbnz-dashboard
BOB,Tier 1 Capital Ratio,69.8,2019-Q2,rbnz-dashboard
BOB,Total Non-Performing Loans,,2019-Q2,rbnz-dashboard
BOB,NPL Ratio,,2019-Q2,rbnz-dashboard
BOB,Return on Assets,0.6,2019-Q2,rbnz-dashboard
BOB,Return on Equity,1.5,2019-Q2,rbnz-dashboard
BOB,NIM,2.5,2019-Q2,rbnz-dashboard
BOB,Net Interest Income,0.8,2019-Q2,rbnz-dashboard
BOB,Trading and Hedging Gains,0.2,2019-Q2,rbnz-dashboard
BOB,Fees and Commission Income,0.1,2019-Q2,rbnz-dashboard
BOB,Other Income,0,2019-Q2,rbnz-dashboard
BOB,Operating Expenses,0.7,2019-Q2,rbnz-dashboard
BOB,Profit After Tax,0.2,2019-Q2,rbnz-dashboard
BOB,Total Assets,130.5,2019-Q2,rbnz-dashboard
BOB,Cash Position,27.1,2019-Q2,rbnz-dashboard
BOB,Net Loans and Advances,100.1,2019-Q2,rbnz-dashboard
BOB,Deposits,79.1,2019-Q2,rbnz-dashboard
BOB,Equity,48.2,2019-Q2,rbnz-dashboard
BOB,Core Funding Ratio (CFR),119.6,2019-Q2,rbnz-dashboard
BOC,Total Capital Ratio,14.6,2019-Q2,rbnz-dashboard
BOC,CET1 Ratio,14.6,2019-Q2,rbnz-dashboard
BOC,Tier 1 Capital Ratio,14.6,2019-Q2,rbnz-dashboard
BOC,Total Non-Performing Loans,32.6,2019-Q2,rbnz-dashboard
BOC,NPL Ratio,1.9,2019-Q2,rbnz-dashboard
BOC,Return on Assets,1.2,2019-Q2,rbnz-dashboard
BOC,Return on Equity,11.1,2019-Q2,rbnz-dashboard
BOC,NIM,1.6,2019-Q2,rbnz-dashboard
BOC,Net Interest Income,8,2019-Q2,rbnz-dashboard
BOC,Trading and Hedging Gains,0.3,2019-Q2,rbnz-dashboard
BOC,Fees and Commission Income,2.7,2019-Q2,rbnz-dashboard
BOC,Other Income,0,2019-Q2,rbnz-dashboard
BOC,Operating Expenses,5.1,2019-Q2,rbnz-dashboard
BOC,Profit After Tax,6.3,2019-Q2,rbnz-dashboard
BOC,Total Assets,2040.7,2019-Q2,rbnz-dashboard
BOC,Cash Position,168.6,2019-Q2,rbnz-dashboard
BOC,Net Loans and Advances,1655.1,2019-Q2,rbnz-dashboard
BOC,Deposits,876.3,2019-Q2,rbnz-dashboard
BOC,Equity,231.6,2019-Q2,rbnz-dashboard
BOC,Core Funding Ratio (CFR),95.5,2019-Q2,rbnz-dashboard
BOC Group,Total Capital Ratio,,2019-Q2,rbnz-dashboard
BOC Group,CET1 Ratio,,2019-Q2,rbnz-dashboard
BOC Group,Tier 1 Capital Ratio,,2019-Q2,rbnz-dashboard
BOC Group,Total Non-Performing Loans,32.6,2019-Q2,rbnz-dashboard
BOC Group,NPL Ratio,1.2,2019-Q2,rbnz-dashboard
BOC Group,Return on Assets,0.8,2019-Q2,rbnz-dashboard
BOC Group,Return on Equity,9.7,2019-Q2,rbnz-dashboard
BOC Group,NIM,1.4,2019-Q2,rbnz-dashboard
BOC Group,Net Interest Income,9.2,2019-Q2,rbnz-dashboard
BOC Group,Trading and Hedging Gains,0.4,2019-Q2,rbnz-dashboard
BOC Group,Fees and Commission Income,1.8,2019-Q2,rbnz-dashboard
BOC Group,Other Income,0,2019-Q2,rbnz-dashboard
BOC Group,Operating Expenses,5.1,2019-Q2,rbnz-dashboard
BOC Group,Profit After Tax,5.5,2019-Q2,rbnz-dashboard
BOC Group,Total Assets,3019.9,2019-Q2,rbnz-dashboard
BOC Group,Cash Position,184.5,2019-Q2,rbnz-dashboard
BOC Group,Net Loans and Advances,2613.2,2019-Q2,rbnz-dashboard
BOC Group,Deposits,1074.4,2019-Q2,rbnz-dashboard
BOC Group,Equity,229.5,2019-Q2,rbnz-dashboard
BOC Group,Core Funding Ratio (CFR),,2019-Q2,rbnz-dashboard
BOI,Total Capital Ratio,76.5,2019-Q2,rbnz-dashboard
BOI,CET1 Ratio,76.5,2019-Q2,rbnz-dashboard
BOI,Tier 1 Capital Ratio,76.5,2019-Q2,rbnz-dashboard
BOI,Total Non-Performing Loans,1.7,2019-Q2,rbnz-dashboard
BOI,NPL Ratio,2.8,2019-Q2,rbnz-dashboard
BOI,Return on Assets,0.8,2019-Q2,rbnz-dashboard
BOI,Return on Equity,1.2,2019-Q2,rbnz-dashboard
BOI,NIM,3.8,2019-Q2,rbnz-dashboard
BOI,Net Interest Income,0.8,2019-Q2,rbnz-dashboard
BOI,Trading and Hedging Gains,0.1,2019-Q2,rbnz-dashboard
BOI,Fees and Commission Income,0,2019-Q2,rbnz-dashboard
BOI,Other Income,0,2019-Q2,rbnz-dashboard
BOI,Operating Expenses,0.6,2019-Q2,rbnz-dashboard
BOI,Profit After Tax,0.2,2019-Q2,rbnz-dashboard
BOI,Total Assets,86.3,2019-Q2,rbnz-dashboard
BOI,Cash Position,22.7,2019-Q2,rbnz-dashboard
BOI,Net Loans and Advances,62,2019-Q2,rbnz-dashboard
BOI,Deposits,29.8,2019-Q2,rbnz-dashboard
BOI,Equity,55.3,2019-Q2,rbnz-dashboard
BOI,Core Funding Ratio (CFR),93,2019-Q2,rbnz-dashboard
CBA Group,Total Capital Ratio,,2019-Q2,rbnz-dashboard
CBA Group,CET1 Ratio,,2019-Q2,rbnz-dashboard
CBA Group,Tier 1 Capital Ratio,,2019-Q2,rbnz-dashboard
CBA Group,Total Non-Performing Loans,464.8,2019-Q2,rbnz-dashboard
CBA Group,NPL Ratio,0.5,2019-Q2,rbnz-dashboard
CBA Group,Return on Assets,1.1,2019-Q2,rbnz-dashboard
CBA Group,Return on Equity,14.5,2019-Q2,rbnz-dashboard
CBA Group,NIM,2,2019-Q2,rbnz-dashboard
CBA Group,Net Interest Income,511.8,2019-Q2,rbnz-dashboard
CBA Group,Trading and Hedging Gains,30.9,2019-Q2,rbnz-dashboard
CBA Group,Fees and Commission Income,139.5,2019-Q2,rbnz-dashboard
CBA Group,Other Income,0.7,2019-Q2,rbnz-dashboard
CBA Group,Operating Expenses,257.6,2019-Q2,rbnz-dashboard
CBA Group,Profit After Tax,282.4,2019-Q2,rbnz-dashboard
CBA Group,Total Assets,107074.9,2019-Q2,rbnz-dashboard
CBA Group,Cash Position,1517.2,2019-Q2,rbnz-dashboard
CBA Group,Net Loans and Advances,90412.9,2019-Q2,rbnz-dashboard
CBA Group,Deposits,62749.9,2019-Q2,rbnz-dashboard
CBA Group,Equity,7931.6,2019-Q2,rbnz-dashboard
CBA Group,Core Funding Ratio (CFR),,2019-Q2,rbnz-dashboard
CCB,Total Capital Ratio,21.9,2019-Q2,rbnz-dashboard
CCB,CET1 Ratio,20.7,2019-Q2,rbnz-dashboard
CCB,Tier 1 Capital Ratio,20.7,2019-Q2,rbnz-dashboard
CCB,Total Non-Performing Loans,,2019-Q2,rbnz-dashboard
CCB,NPL Ratio,,2019-Q2,rbnz-dashboard
CCB,Return on Assets,1.3,2019-Q2,rbnz-dashboard
CCB,Return on Equity,9.7,2019-Q2,rbnz-dashboard
CCB,NIM,1.5,2019-Q2,rbnz-dashboard
CCB,Net Interest Income,5.9,2019-Q2,rbnz-dashboard
CCB,Trading and Hedging Gains,3.7,2019-Q2,rbnz-dashboard
CCB,Fees and Commission Income,0.2,2019-Q2,rbnz-dashboard
CCB,Other Income,1.8,2019-Q2,rbnz-dashboard
CCB,Operating Expenses,3.8,2019-Q2,rbnz-dashboard
CCB,Profit After Tax,5.3,2019-Q2,rbnz-dashboard
CCB,Total Assets,1543.7,2019-Q2,rbnz-dashboard
CCB,Cash Position,191.7,2019-Q2,rbnz-dashboard
CCB,Net Loans and Advances,1118,2019-Q2,rbnz-dashboard
CCB,Deposits,192.5,2019-Q2,rbnz-dashboard
CCB,Equity,222.3,2019-Q2,rbnz-dashboard
CCB,Core Funding Ratio (CFR),110.8,2019-Q2,rbnz-dashboard
CCB Group,Total Capital Ratio,,2019-Q2,rbnz-dashboard
CCB Group,CET1 Ratio,,2019-Q2,rbnz-dashboard
CCB Group,Tier 1 Capital Ratio,,2019-Q2,rbnz-dashboard
CCB Group,Total Non-Performing Loans,,2019-Q2,rbnz-dashboard
CCB Group,NPL Ratio,,2019-Q2,rbnz-dashboard
CCB Group,Return on Assets,1,2019-Q2,rbnz-dashboard
CCB Group,Return on Equity,11.5,2019-Q2,rbnz-dashboard
CCB Group,NIM,1.4,2019-Q2,rbnz-dashboard
CCB Group,Net Interest Income,8.7,2019-Q2,rbnz-dashboard
CCB Group,Trading and Hedging Gains,3.8,2019-Q2,rbnz-dashboard
CCB Group,Fees and Commission Income,0.9,2019-Q2,rbnz-dashboard
CCB Group,Other Income,0,2019-Q2,rbnz-dashboard
CCB Group,Operating Expenses,3.9,2019-Q2,rbnz-dashboard
CCB Group,Profit After Tax,6.3,2019-Q2,rbnz-dashboard
CCB Group,Total Assets,2528.4,2019-Q2,rbnz-dashboard
CCB Group,Cash Position,192.6,2019-Q2,rbnz-dashboard
CCB Group,Net Loans and Advances,2064.8,2019-Q2,rbnz-dashboard
CCB Group,Deposits,214.7,2019-Q2,rbnz-dashboard
CCB Group,Equity,225.4,2019-Q2,rbnz-dashboard
CCB Group,Core Funding Ratio (CFR),,2019-Q2,rbnz-dashboard
Co-op,Total Capital Ratio,16.6,2019-Q2,rbnz-dashboard
Co-op,CET1 Ratio,14.2,2019-Q2,rbnz-dashboard
Co-op,Tier 1 Capital Ratio,14.2,2019-Q2,rbnz-dashboard
Co-op,Total Non-Performing Loans,10.2,2019-Q2,rbnz-dashboard
Co-op,NPL Ratio,0.4,2019-Q2,rbnz-dashboard
Co-op,Return on Assets,0.3,2019-Q2,rbnz-dashboard
Co-op,Return on Equity,4.9,2019-Q2,rbnz-dashboard
Co-op,NIM,2.2,2019-Q2,rbnz-dashboard
Co-op,Net Interest Income,15.5,2019-Q2,rbnz-dashboard
Co-op,Trading and Hedging Gains,0.5,2019-Q2,rbnz-dashboard
Co-op,Fees and Commission Income,2.6,2019-Q2,rbnz-dashboard
Co-op,Other Income,1.9,2019-Q2,rbnz-dashboard
Co-op,Operating Expenses,16.4,2019-Q2,rbnz-dashboard
Co-op,Profit After Tax,2.4,2019-Q2,rbnz-dashboard
Co-op,Total Assets,2854.5,2019-Q2,rbnz-dashboard
Co-op,Cash Position,28.6,2019-Q2,rbnz-dashboard
Co-op,Net Loans and Advances,2479.3,2019-Q2,rbnz-dashboard
Co-op,Deposits,2349.6,2019-Q2,rbnz-dashboard
Co-op,Equity,198.1,2019-Q2,rbnz-dashboard
Co-op,Core Funding Ratio (CFR),103.6,2019-Q2,rbnz-dashboard
Heartland,Total Capital Ratio,13.5,2019-Q2,rbnz-dashboard
Heartland,CET1 Ratio,13.5,2019-Q2,rbnz-dashboard
Heartland,Tier 1 Capital Ratio,13.5,2019-Q2,rbnz-dashboard
Heartland,Total Non-Performing Loans,75.6,2019-Q2,rbnz-dashboard
Heartland,NPL Ratio,2.1,2019-Q2,rbnz-dashboard
Heartland,Return on Assets,1.9,2019-Q2,rbnz-dashboard
Heartland,Return on Equity,13.4,2019-Q2,rbnz-dashboard
Heartland,NIM,4.5,2019-Q2,rbnz-dashboard
Heartland,Net Interest Income,44.8,2019-Q2,rbnz-dashboard
Heartland,Trading and Hedging Gains,1.9,2019-Q2,rbnz-dashboard
Heartland,Fees and Commission Income,0.7,2019-Q2,rbnz-dashboard
Heartland,Other Income,1.9,2019-Q2,rbnz-dashboard
Heartland,Operating Expenses,19.8,2019-Q2,rbnz-dashboard
Heartland,Profit After Tax,19.9,2019-Q2,rbnz-dashboard
Heartland,Total Assets,4138.7,2019-Q2,rbnz-dashboard
Heartland,Cash Position,52.8,2019-Q2,rbnz-dashboard
Heartland,Net Loans and Advances,3590.4,2019-Q2,rbnz-dashboard
Heartland,Deposits,3153.7,2019-Q2,rbnz-dashboard
Heartland,Equity,603.4,2019-Q2,rbnz-dashboard
Heartland,Core Funding Ratio (CFR),96.9,2019-Q2,rbnz-dashboard
ICBC,Total Capital Ratio,17.6,2019-Q2,rbnz-dashboard
ICBC,CET1 Ratio,14.2,2019-Q2,rbnz-dashboard
ICBC,Tier 1 Capital Ratio,14.2,2019-Q2,rbnz-dashboard
ICBC,Total Non-Performing Loans,35.3,2019-Q2,rbnz-dashboard
ICBC,NPL Ratio,2.1,2019-Q2,rbnz-dashboard
ICBC,Return on Assets,0.6,2019-Q2,rbnz-dashboard
ICBC,Return on Equity,5.2,2019-Q2,rbnz-dashboard
ICBC,NIM,1.6,2019-Q2,rbnz-dashboard
ICBC,Net Interest Income,8.8,2019-Q2,rbnz-dashboard
ICBC,Trading and Hedging Gains,-0.3,2019-Q2,rbnz-dashboard
ICBC,Fees and Commission Income,0.4,2019-Q2,rbnz-dashboard
ICBC,Other Income,0,2019-Q2,rbnz-dashboard
ICBC,Operating Expenses,4.3,2019-Q2,rbnz-dashboard
ICBC,Profit After Tax,3.1,2019-Q2,rbnz-dashboard
ICBC,Total Assets,2246.8,2019-Q2,rbnz-dashboard
ICBC,Cash Position,345.1,2019-Q2,rbnz-dashboard
ICBC,Net Loans and Advances,1669.3,2019-Q2,rbnz-dashboard
ICBC,Deposits,929.2,2019-Q2,rbnz-dashboard
ICBC,Equity,241.4,2019-Q2,rbnz-dashboard
ICBC,Core Funding Ratio (CFR),89.6,2019-Q2,rbnz-dashboard
Kiwibank,Total Capital Ratio,14.5,2019-Q2,rbnz-dashboard
Kiwibank,CET1 Ratio,12.4,2019-Q2,rbnz-dashboard
Kiwibank,Tier 1 Capital Ratio,13.7,2019-Q2,rbnz-dashboard
Kiwibank,Total Non-Performing Loans,17.7,2019-Q2,rbnz-dashboard
Kiwibank,NPL Ratio,0.1,2019-Q2,rbnz-dashboard
Kiwibank,Return on Assets,0.4,2019-Q2,rbnz-dashboard
Kiwibank,Return on Equity,5.2,2019-Q2,rbnz-dashboard
Kiwibank,NIM,2.1,2019-Q2,rbnz-dashboard
Kiwibank,Net Interest Income,112.8,2019-Q2,rbnz-dashboard
Kiwibank,Trading and Hedging Gains,-0.3,2019-Q2,rbnz-dashboard
Kiwibank,Fees and Commission Income,36.5,2019-Q2,rbnz-dashboard
Kiwibank,Other Income,10.6,2019-Q2,rbnz-dashboard
Kiwibank,Operating Expenses,125.4,2019-Q2,rbnz-dashboard
Kiwibank,Profit After Tax,20.1,2019-Q2,rbnz-dashboard
Kiwibank,Total Assets,22734,2019-Q2,rbnz-dashboard
Kiwibank,Cash Position,491.7,2019-Q2,rbnz-dashboard
Kiwibank,Net Loans and Advances,20518.3,2019-Q2,rbnz-dashboard
Kiwibank,Deposits,18239.6,2019-Q2,rbnz-dashboard
Kiwibank,Equity,1548.9,2019-Q2,rbnz-dashboard
Kiwibank,Core Funding Ratio (CFR),89.2,2019-Q2,rbnz-dashboard
Rabo Group,Total Capital Ratio,,2019-Q2,rbnz-dashboard
Rabo Group,CET1 Ratio,,2019-Q2,rbnz-dashboard
Rabo Group,Tier 1 Capital Ratio,,2019-Q2,rbnz-dashboard
Rabo Group,Total Non-Performing Loans,329,2019-Q2,rbnz-dashboard
Rabo Group,NPL Ratio,2.5,2019-Q2,rbnz-dashboard
Rabo Group,Return on Assets,0.6,2019-Q2,rbnz-dashboard
Rabo Group,Return on Equity,5.2,2019-Q2,rbnz-dashboard
Rabo Group,NIM,2.1,2019-Q2,rbnz-dashboard
Rabo Group,Net Interest Income,85.7,2019-Q2,rbnz-dashboard
Rabo Group,Trading and Hedging Gains,-4,2019-Q2,rbnz-dashboard
Rabo Group,Fees and Commission Income,0.3,2019-Q2,rbnz-dashboard
Rabo Group,Other Income,0,2019-Q2,rbnz-dashboard
Rabo Group,Operating Expenses,32.4,2019-Q2,rbnz-dashboard
Rabo Group,Profit After Tax,24.7,2019-Q2,rbnz-dashboard
Rabo Group,Total Assets,16738.7,2019-Q2,rbnz-dashboard
Rabo Group,Cash Position,2891.7,2019-Q2,rbnz-dashboard
Rabo Group,Net Loans and Advances,12968,2019-Q2,rbnz-dashboard
Rabo Group,Deposits,5749.2,2019-Q2,rbnz-dashboard
Rabo Group,Equity,1932.4,2019-Q2,rbnz-dashboard
Rabo Group,Core Funding Ratio (CFR),,2019-Q2,rbnz-dashboard
Rabobank,Total Capital Ratio,13,2019-Q2,rbnz-dashboard
Rabobank,CET1 Ratio,13,2019-Q2,rbnz-dashboard
Rabobank,Tier 1 Capital Ratio,13,2019-Q2,rbnz-dashboard
Rabobank,Total Non-Performing Loans,329,2019-Q2,rbnz-dashboard
Rabobank,NPL Ratio,3,2019-Q2,rbnz-dashboard
Rabobank,Return on Assets,0.5,2019-Q2,rbnz-dashboard
Rabobank,Return on Equity,3.8,2019-Q2,rbnz-dashboard
Rabobank,NIM,2.1,2019-Q2,rbnz-dashboard
Rabobank,Net Interest Income,65.3,2019-Q2,rbnz-dashboard
Rabobank,Trading and Hedging Gains,0,2019-Q2,rbnz-dashboard
Rabobank,Fees and Commission Income,0.3,2019-Q2,rbnz-dashboard
Rabobank,Other Income,0,2019-Q2,rbnz-dashboard
Rabobank,Operating Expenses,30.4,2019-Q2,rbnz-dashboard
Rabobank,Profit After Tax,15.4,2019-Q2,rbnz-dashboard
Rabobank,Total Assets,12520.2,2019-Q2,rbnz-dashboard
Rabobank,Cash Position,920.4,2019-Q2,rbnz-dashboard
Rabobank,Net Loans and Advances,10967.6,2019-Q2,rbnz-dashboard
Rabobank,Deposits,4965.9,2019-Q2,rbnz-dashboard
Rabobank,Equity,1619.7,2019-Q2,rbnz-dashboard
Rabobank,Core Funding Ratio (CFR),87.8,2019-Q2,rbnz-dashboard
SBS,Total Capital Ratio,14.3,2019-Q2,rbnz-dashboard
SBS,CET1 Ratio,11.5,2019-Q2,rbnz-dashboard
SBS,Tier 1 Capital Ratio,11.5,2019-Q2,rbnz-dashboard
SBS,Total Non-Performing Loans,12.1,2019-Q2,rbnz-dashboard
SBS,NPL Ratio,0.3,2019-Q2,rbnz-dashboard
SBS,Return on Assets,0.7,2019-Q2,rbnz-dashboard
SBS,Return on Equity,10.2,2019-Q2,rbnz-dashboard
SBS,NIM,2.5,2019-Q2,rbnz-dashboard
SBS,Net Interest Income,29.3,2019-Q2,rbnz-dashboard
SBS,Trading and Hedging Gains,0.1,2019-Q2,rbnz-dashboard
SBS,Fees and Commission Income,6.4,2019-Q2,rbnz-dashboard
SBS,Other Income,2.5,2019-Q2,rbnz-dashboard
SBS,Operating Expenses,23.8,2019-Q2,rbnz-dashboard
SBS,Profit After Tax,8.4,2019-Q2,rbnz-dashboard
SBS,Total Assets,4790.9,2019-Q2,rbnz-dashboard
SBS,Cash Position,108.4,2019-Q2,rbnz-dashboard
SBS,Net Loans and Advances,4026.7,2019-Q2,rbnz-dashboard
SBS,Deposits,3409,2019-Q2,rbnz-dashboard
SBS,Equity,333.1,2019-Q2,rbnz-dashboard
SBS,Core Funding Ratio (CFR),97.8,2019-Q2,rbnz-dashboard
TSB,Total Capital Ratio,14.5,2019-Q2,rbnz-dashboard
TSB,CET1 Ratio,14.5,2019-Q2,rbnz-dashboard
TSB,Tier 1 Capital Ratio,14.5,2019-Q2,rbnz-dashboard
TSB,Total Non-Performing Loans,10.8,2019-Q2,rbnz-dashboard
TSB,NPL Ratio,0.2,2019-Q2,rbnz-dashboard
TSB,Return on Assets,0.7,2019-Q2,rbnz-dashboard
TSB,Return on Equity,8.4,2019-Q2,rbnz-dashboard
TSB,NIM,1.8,2019-Q2,rbnz-dashboard
TSB,Net Interest Income,34.5,2019-Q2,rbnz-dashboard
TSB,Trading and Hedging Gains,0.1,2019-Q2,rbnz-dashboard
TSB,Fees and Commission Income,4.1,2019-Q2,rbnz-dashboard
TSB,Other Income,1.2,2019-Q2,rbnz-dashboard
TSB,Operating Expenses,21.6,2019-Q2,rbnz-dashboard
TSB,Profit After Tax,13.8,2019-Q2,rbnz-dashboard
TSB,Total Assets,7920,2019-Q2,rbnz-dashboard
TSB,Cash Position,110.7,2019-Q2,rbnz-dashboard
TSB,Net Loans and Advances,6013,2019-Q2,rbnz-dashboard
TSB,Deposits,7117.2,2019-Q2,rbnz-dashboard
TSB,Equity,669.9,2019-Q2,rbnz-dashboard
TSB,Core Funding Ratio (CFR),122,2019-Q2,rbnz-dashboard
WBC Group,Total Capital Ratio,,2019-Q2,rbnz-dashboard
WBC Group,CET1 Ratio,,2019-Q2,rbnz-dashboard
WBC Group,Tier 1 Capital Ratio,,2019-Q2,rbnz-dashboard
WBC Group,Total Non-Performing Loans,193.6,2019-Q2,rbnz-dashboard
WBC Group,NPL Ratio,0.2,2019-Q2,rbnz-dashboard
WBC Group,Return on Assets,1.1,2019-Q2,rbnz-dashboard
WBC Group,Return on Equity,13.2,2019-Q2,rbnz-dashboard
WBC Group,NIM,2.1,2019-Q2,rbnz-dashboard
WBC Group,Net Interest Income,498.8,2019-Q2,rbnz-dashboard
WBC Group,Trading and Hedging Gains,54.4,2019-Q2,rbnz-dashboard
WBC Group,Fees and Commission Income,95.2,2019-Q2,rbnz-dashboard
WBC Group,Other Income,-0.2,2019-Q2,rbnz-dashboard
WBC Group,Operating Expenses,258.7,2019-Q2,rbnz-dashboard
WBC Group,Profit After Tax,283.8,2019-Q2,rbnz-dashboard
WBC Group,Total Assets,101464.3,2019-Q2,rbnz-dashboard
WBC Group,Cash Position,3635.3,2019-Q2,rbnz-dashboard
WBC Group,Net Loans and Advances,83143.6,2019-Q2,rbnz-dashboard
WBC Group,Deposits,66428.6,2019-Q2,rbnz-dashboard
WBC Group,Equity,8735.3,2019-Q2,rbnz-dashboard
WBC Group,Core Funding Ratio (CFR),,2019-Q2,rbnz-dashboard
Westpac,Total Capital Ratio,16.7,2019-Q2,rbnz-dashboard
Westpac,CET1 Ratio,12,2019-Q2,rbnz-dashboard
Westpac,Tier 1 Capital Ratio,14.7,2019-Q2,rbnz-dashboard
Westpac,Total Non-Performing Loans,193.6,2019-Q2,rbnz-dashboard
Westpac,NPL Ratio,0.2,2019-Q2,rbnz-dashboard
Westpac,Return on Assets,1,2019-Q2,rbnz-dashboard
Westpac,Return on Equity,12.6,2019-Q2,rbnz-dashboard
Westpac,NIM,2.2,2019-Q2,rbnz-dashboard
Westpac,Net Interest Income,492.7,2019-Q2,rbnz-dashboard
Westpac,Trading and Hedging Gains,-0.2,2019-Q2,rbnz-dashboard
Westpac,Fees and Commission Income,70.9,2019-Q2,rbnz-dashboard
Westpac,Other Income,0,2019-Q2,rbnz-dashboard
Westpac,Operating Expenses,245,2019-Q2,rbnz-dashboard
Westpac,Profit After Tax,234.2,2019-Q2,rbnz-dashboard
Westpac,Total Assets,92924.3,2019-Q2,rbnz-dashboard
Westpac,Cash Position,2480.6,2019-Q2,rbnz-dashboard
Westpac,Net Loans and Advances,82705.9,2019-Q2,rbnz-dashboard
Westpac,Deposits,65337.8,2019-Q2,rbnz-dashboard
Westpac,Equity,7560.5,2019-Q2,rbnz-dashboard
Westpac,Core Funding Ratio (CFR),81.1,2019-Q2,rbnz-dashboard
ANZ,Total Capital Ratio,13.6,2019-Q3,rbnz-dashboard
ANZ,CET1 Ratio,10.8,2019-Q3,rbnz-dashboard
ANZ,Tier 1 Capital Ratio,13.6,2019-Q3,rbnz-dashboard
ANZ,Total Non-Performing Loans,610,2019-Q3,rbnz-dashboard
ANZ,NPL Ratio,0.5,2019-Q3,rbnz-dashboard
ANZ,Return on Assets,0.9,2019-Q3,rbnz-dashboard
ANZ,Return on Equity,10.4,2019-Q3,rbnz-dashboard
ANZ,NIM,2,2019-Q3,rbnz-dashboard
ANZ,Net Interest Income,785.8,2019-Q3,rbnz-dashboard
ANZ,Trading and Hedging Gains,73.6,2019-Q3,rbnz-dashboard
ANZ,Fees and Commission Income,165.7,2019-Q3,rbnz-dashboard
ANZ,Other Income,17.5,2019-Q3,rbnz-dashboard
ANZ,Operating Expenses,487.1,2019-Q3,rbnz-dashboard
ANZ,Profit After Tax,373.5,2019-Q3,rbnz-dashboard
ANZ,Total Assets,169416,2019-Q3,rbnz-dashboard
ANZ,Cash Position,4303.8,2019-Q3,rbnz-dashboard
ANZ,Net Loans and Advances,132524.6,2019-Q3,rbnz-dashboard
ANZ,Deposits,109235.7,2019-Q3,rbnz-dashboard
ANZ,Equity,14429.8,2019-Q3,rbnz-dashboard
ANZ,Core Funding Ratio (CFR),88.3,2019-Q3,rbnz-dashboard
ANZ Group,Total Capital Ratio,,2019-Q3,rbnz-dashboard
ANZ Group,CET1 Ratio,,2019-Q3,rbnz-dashboard
ANZ Group,Tier 1 Capital Ratio,,2019-Q3,rbnz-dashboard
ANZ Group,Total Non-Performing Loans,620.6,2019-Q3,rbnz-dashboard
ANZ Group,NPL Ratio,0.5,2019-Q3,rbnz-dashboard
ANZ Group,Return on Assets,0.9,2019-Q3,rbnz-dashboard
ANZ Group,Return on Equity,12.5,2019-Q3,rbnz-dashboard
ANZ Group,NIM,2,2019-Q3,rbnz-dashboard
ANZ Group,Net Interest Income,782.9,2019-Q3,rbnz-dashboard
ANZ Group,Trading and Hedging Gains,103,2019-Q3,rbnz-dashboard
ANZ Group,Fees and Commission Income,165,2019-Q3,rbnz-dashboard
ANZ Group,Other Income,17.5,2019-Q3,rbnz-dashboard
ANZ Group,Operating Expenses,487.5,2019-Q3,rbnz-dashboard
ANZ Group,Profit After Tax,391.7,2019-Q3,rbnz-dashboard
ANZ Group,Total Assets,170491.9,2019-Q3,rbnz-dashboard
ANZ Group,Cash Position,4649.2,2019-Q3,rbnz-dashboard
ANZ Group,Net Loans and Advances,133263.9,2019-Q3,rbnz-dashboard
ANZ Group,Deposits,109235.7,2019-Q3,rbnz-dashboard
ANZ Group,Equity,12598.5,2019-Q3,rbnz-dashboard
ANZ Group,Core Funding Ratio (CFR),,2019-Q3,rbnz-dashboard
ASB,Total Capital Ratio,13.5,2019-Q3,rbnz-dashboard
ASB,CET1 Ratio,11.1,2019-Q3,rbnz-dashboard
ASB,Tier 1 Capital Ratio,12.8,2019-Q3,rbnz-dashboard
ASB,Total Non-Performing Loans,501.8,2019-Q3,rbnz-dashboard
ASB,NPL Ratio,0.6,2019-Q3,rbnz-dashboard
ASB,Return on Assets,1.3,2019-Q3,rbnz-dashboard
ASB,Return on Equity,16.4,2019-Q3,rbnz-dashboard
ASB,NIM,2.2,2019-Q3,rbnz-dashboard
ASB,Net Interest Income,542.2,2019-Q3,rbnz-dashboard
ASB,Trading and Hedging Gains,32.2,2019-Q3,rbnz-dashboard
ASB,Fees and Commission Income,137.7,2019-Q3,rbnz-dashboard
ASB,Other Income,2.2,2019-Q3,rbnz-dashboard
ASB,Operating Expenses,249.1,2019-Q3,rbnz-dashboard
ASB,Profit After Tax,325.6,2019-Q3,rbnz-dashboard
ASB,Total Assets,102276,2019-Q3,rbnz-dashboard
ASB,Cash Position,1503.1,2019-Q3,rbnz-dashboard
ASB,Net Loans and Advances,88705.4,2019-Q3,rbnz-dashboard
ASB,Deposits,64350.7,2019-Q3,rbnz-dashboard
ASB,Equity,7757.2,2019-Q3,rbnz-dashboard
ASB,Core Funding Ratio (CFR),87,2019-Q3,rbnz-dashboard
BNZ,Total Capital Ratio,13.9,2019-Q3,rbnz-dashboard
BNZ,CET1 Ratio,11,2019-Q3,rbnz-dashboard
BNZ,Tier 1 Capital Ratio,12.3,2019-Q3,rbnz-dashboard
BNZ,Total Non-Performing Loans,800.9,2019-Q3,rbnz-dashboard
BNZ,NPL Ratio,0.9,2019-Q3,rbnz-dashboard
BNZ,Return on Assets,0.6,2019-Q3,rbnz-dashboard
BNZ,Return on Equity,8.1,2019-Q3,rbnz-dashboard
BNZ,NIM,2.1,2019-Q3,rbnz-dashboard
BNZ,Net Interest Income,518.4,2019-Q3,rbnz-dashboard
BNZ,Trading and Hedging Gains,37.9,2019-Q3,rbnz-dashboard
BNZ,Fees and Commission Income,84.1,2019-Q3,rbnz-dashboard
BNZ,Other Income,-2.7,2019-Q3,rbnz-dashboard
BNZ,Operating Expenses,389.7,2019-Q3,rbnz-dashboard
BNZ,Profit After Tax,160.3,2019-Q3,rbnz-dashboard
BNZ,Total Assets,109111,2019-Q3,rbnz-dashboard
BNZ,Cash Position,3850.6,2019-Q3,rbnz-dashboard
BNZ,Net Loans and Advances,87796,2019-Q3,rbnz-dashboard
BNZ,Deposits,64603.4,2019-Q3,rbnz-dashboard
BNZ,Equity,7933.8,2019-Q3,rbnz-dashboard
BNZ,Core Funding Ratio (CFR),85.2,2019-Q3,rbnz-dashboard
BOB,Total Capital Ratio,65.2,2019-Q3,rbnz-dashboard
BOB,CET1 Ratio,65.2,2019-Q3,rbnz-dashboard
BOB,Tier 1 Capital Ratio,65.2,2019-Q3,rbnz-dashboard
BOB,Total Non-Performing Loans,,2019-Q3,rbnz-dashboard
BOB,NPL Ratio,,2019-Q3,rbnz-dashboard
BOB,Return on Assets,0.8,2019-Q3,rbnz-dashboard
BOB,Return on Equity,2.2,2019-Q3,rbnz-dashboard
BOB,NIM,2.8,2019-Q3,rbnz-dashboard
BOB,Net Interest Income,0.9,2019-Q3,rbnz-dashboard
BOB,Trading and Hedging Gains,0.2,2019-Q3,rbnz-dashboard
BOB,Fees and Commission Income,0.1,2019-Q3,rbnz-dashboard
BOB,Other Income,0,2019-Q3,rbnz-dashboard
BOB,Operating Expenses,0.7,2019-Q3,rbnz-dashboard
BOB,Profit After Tax,0.3,2019-Q3,rbnz-dashboard
BOB,Total Assets,131.4,2019-Q3,rbnz-dashboard
BOB,Cash Position,25.5,2019-Q3,rbnz-dashboard
BOB,Net Loans and Advances,102.8,2019-Q3,rbnz-dashboard
BOB,Deposits,79.9,2019-Q3,rbnz-dashboard
BOB,Equity,48.4,2019-Q3,rbnz-dashboard
BOB,Core Funding Ratio (CFR),118,2019-Q3,rbnz-dashboard
BOC,Total Capital Ratio,14.5,2019-Q3,rbnz-dashboard
BOC,CET1 Ratio,14.5,2019-Q3,rbnz-dashboard
BOC,Tier 1 Capital Ratio,14.5,2019-Q3,rbnz-dashboard
BOC,Total Non-Performing Loans,23.8,2019-Q3,rbnz-dashboard
BOC,NPL Ratio,1.4,2019-Q3,rbnz-dashboard
BOC,Return on Assets,0.6,2019-Q3,rbnz-dashboard
BOC,Return on Equity,5.2,2019-Q3,rbnz-dashboard
BOC,NIM,1.5,2019-Q3,rbnz-dashboard
BOC,Net Interest Income,7.8,2019-Q3,rbnz-dashboard
BOC,Trading and Hedging Gains,0.3,2019-Q3,rbnz-dashboard
BOC,Fees and Commission Income,2.5,2019-Q3,rbnz-dashboard
BOC,Other Income,0,2019-Q3,rbnz-dashboard
BOC,Operating Expenses,4.8,2019-Q3,rbnz-dashboard
BOC,Profit After Tax,3.1,2019-Q3,rbnz-dashboard
BOC,Total Assets,2019,2019-Q3,rbnz-dashboard
BOC,Cash Position,265.7,2019-Q3,rbnz-dashboard
BOC,Net Loans and Advances,1637.6,2019-Q3,rbnz-dashboard
BOC,Deposits,844.8,2019-Q3,rbnz-dashboard
BOC,Equity,235.1,2019-Q3,rbnz-dashboard
BOC,Core Funding Ratio (CFR),95.2,2019-Q3,rbnz-dashboard
BOC Group,Total Capital Ratio,,2019-Q3,rbnz-dashboard
BOC Group,CET1 Ratio,,2019-Q3,rbnz-dashboard
BOC Group,Tier 1 Capital Ratio,,2019-Q3,rbnz-dashboard
BOC Group,Total Non-Performing Loans,23.8,2019-Q3,rbnz-dashboard
BOC Group,NPL Ratio,0.8,2019-Q3,rbnz-dashboard
BOC Group,Return on Assets,0.5,2019-Q3,rbnz-dashboard
BOC Group,Return on Equity,6.5,2019-Q3,rbnz-dashboard
BOC Group,NIM,1.4,2019-Q3,rbnz-dashboard
BOC Group,Net Interest Income,10.9,2019-Q3,rbnz-dashboard
BOC Group,Trading and Hedging Gains,0.8,2019-Q3,rbnz-dashboard
BOC Group,Fees and Commission Income,1.2,2019-Q3,rbnz-dashboard
BOC Group,Other Income,0,2019-Q3,rbnz-dashboard
BOC Group,Operating Expenses,4.8,2019-Q3,rbnz-dashboard
BOC Group,Profit After Tax,3.7,2019-Q3,rbnz-dashboard
BOC Group,Total Assets,3318.3,2019-Q3,rbnz-dashboard
BOC Group,Cash Position,285.8,2019-Q3,rbnz-dashboard
BOC Group,Net Loans and Advances,2909.6,2019-Q3,rbnz-dashboard
BOC Group,Deposits,1050.4,2019-Q3,rbnz-dashboard
BOC Group,Equity,233.7,2019-Q3,rbnz-dashboard
BOC Group,Core Funding Ratio (CFR),,2019-Q3,rbnz-dashboard
BOI,Total Capital Ratio,78.1,2019-Q3,rbnz-dashboard
BOI,CET1 Ratio,78.1,2019-Q3,rbnz-dashboard
BOI,Tier 1 Capital Ratio,78.1,2019-Q3,rbnz-dashboard
BOI,Total Non-Performing Loans,1.7,2019-Q3,rbnz-dashboard
BOI,NPL Ratio,2.9,2019-Q3,rbnz-dashboard
BOI,Return on Assets,0,2019-Q3,rbnz-dashboard
BOI,Return on Equity,0.1,2019-Q3,rbnz-dashboard
BOI,NIM,3.3,2019-Q3,rbnz-dashboard
BOI,Net Interest Income,0.7,2019-Q3,rbnz-dashboard
BOI,Trading and Hedging Gains,0.1,2019-Q3,rbnz-dashboard
BOI,Fees and Commission Income,0,2019-Q3,rbnz-dashboard
BOI,Other Income,0,2019-Q3,rbnz-dashboard
BOI,Operating Expenses,0.7,2019-Q3,rbnz-dashboard
BOI,Profit After Tax,0,2019-Q3,rbnz-dashboard
BOI,Total Assets,86.7,2019-Q3,rbnz-dashboard
BOI,Cash Position,25.3,2019-Q3,rbnz-dashboard
BOI,Net Loans and Advances,59.8,2019-Q3,rbnz-dashboard
BOI,Deposits,30.4,2019-Q3,rbnz-dashboard
BOI,Equity,55.3,2019-Q3,rbnz-dashboard
BOI,Core Funding Ratio (CFR),104.2,2019-Q3,rbnz-dashboard
CBA Group,Total Capital Ratio,,2019-Q3,rbnz-dashboard
CBA Group,CET1 Ratio,,2019-Q3,rbnz-dashboard
CBA Group,Tier 1 Capital Ratio,,2019-Q3,rbnz-dashboard
CBA Group,Total Non-Performing Loans,501.8,2019-Q3,rbnz-dashboard
CBA Group,NPL Ratio,0.5,2019-Q3,rbnz-dashboard
CBA Group,Return on Assets,1.1,2019-Q3,rbnz-dashboard
CBA Group,Return on Equity,15.3,2019-Q3,rbnz-dashboard
CBA Group,NIM,1.9,2019-Q3,rbnz-dashboard
CBA Group,Net Interest Income,516.8,2019-Q3,rbnz-dashboard
CBA Group,Trading and Hedging Gains,36.9,2019-Q3,rbnz-dashboard
CBA Group,Fees and Commission Income,143.3,2019-Q3,rbnz-dashboard
CBA Group,Other Income,2.9,2019-Q3,rbnz-dashboard
CBA Group,Operating Expenses,251.2,2019-Q3,rbnz-dashboard
CBA Group,Profit After Tax,309.9,2019-Q3,rbnz-dashboard
CBA Group,Total Assets,111167,2019-Q3,rbnz-dashboard
CBA Group,Cash Position,1493.7,2019-Q3,rbnz-dashboard
CBA Group,Net Loans and Advances,91694.2,2019-Q3,rbnz-dashboard
CBA Group,Deposits,64268.7,2019-Q3,rbnz-dashboard
CBA Group,Equity,7939.2,2019-Q3,rbnz-dashboard
CBA Group,Core Funding Ratio (CFR),,2019-Q3,rbnz-dashboard
CCB,Total Capital Ratio,18.2,2019-Q3,rbnz-dashboard
CCB,CET1 Ratio,17.3,2019-Q3,rbnz-dashboard
CCB,Tier 1 Capital Ratio,17.3,2019-Q3,rbnz-dashboard
CCB,Total Non-Performing Loans,,2019-Q3,rbnz-dashboard
CCB,NPL Ratio,,2019-Q3,rbnz-dashboard
CCB,Return on Assets,0.9,2019-Q3,rbnz-dashboard
CCB,Return on Equity,6.3,2019-Q3,rbnz-dashboard
CCB,NIM,1.7,2019-Q3,rbnz-dashboard
CCB,Net Interest Income,6.6,2019-Q3,rbnz-dashboard
CCB,Trading and Hedging Gains,0,2019-Q3,rbnz-dashboard
CCB,Fees and Commission Income,1.6,2019-Q3,rbnz-dashboard
CCB,Other Income,1,2019-Q3,rbnz-dashboard
CCB,Operating Expenses,3.9,2019-Q3,rbnz-dashboard
CCB,Profit After Tax,3.5,2019-Q3,rbnz-dashboard
CCB,Total Assets,1806.7,2019-Q3,rbnz-dashboard
CCB,Cash Position,228.2,2019-Q3,rbnz-dashboard
CCB,Net Loans and Advances,1318.9,2019-Q3,rbnz-dashboard
CCB,Deposits,286.4,2019-Q3,rbnz-dashboard
CCB,Equity,225.9,2019-Q3,rbnz-dashboard
CCB,Core Funding Ratio (CFR),96.8,2019-Q3,rbnz-dashboard
CCB Group,Total Capital Ratio,,2019-Q3,rbnz-dashboard
CCB Group,CET1 Ratio,,2019-Q3,rbnz-dashboard
CCB Group,Tier 1 Capital Ratio,,2019-Q3,rbnz-dashboard
CCB Group,Total Non-Performing Loans,,2019-Q3,rbnz-dashboard
CCB Group,NPL Ratio,,2019-Q3,rbnz-dashboard
CCB Group,Return on Assets,0.9,2019-Q3,rbnz-dashboard
CCB Group,Return on Equity,9.9,2019-Q3,rbnz-dashboard
CCB Group,NIM,1.5,2019-Q3,rbnz-dashboard
CCB Group,Net Interest Income,9.5,2019-Q3,rbnz-dashboard
CCB Group,Trading and Hedging Gains,1,2019-Q3,rbnz-dashboard
CCB Group,Fees and Commission Income,2.4,2019-Q3,rbnz-dashboard
CCB Group,Other Income,0,2019-Q3,rbnz-dashboard
CCB Group,Operating Expenses,4.5,2019-Q3,rbnz-dashboard
CCB Group,Profit After Tax,5.7,2019-Q3,rbnz-dashboard
CCB Group,Total Assets,2906.1,2019-Q3,rbnz-dashboard
CCB Group,Cash Position,243.2,2019-Q3,rbnz-dashboard
CCB Group,Net Loans and Advances,2343.7,2019-Q3,rbnz-dashboard
CCB Group,Deposits,317.8,2019-Q3,rbnz-dashboard
CCB Group,Equity,231.1,2019-Q3,rbnz-dashboard
CCB Group,Core Funding Ratio (CFR),,2019-Q3,rbnz-dashboard
Co-op,Total Capital Ratio,16.7,2019-Q3,rbnz-dashboard
Co-op,CET1 Ratio,14.4,2019-Q3,rbnz-dashboard
Co-op,Tier 1 Capital Ratio,14.4,2019-Q3,rbnz-dashboard
Co-op,Total Non-Performing Loans,9.3,2019-Q3,rbnz-dashboard
Co-op,NPL Ratio,0.4,2019-Q3,rbnz-dashboard
Co-op,Return on Assets,0.3,2019-Q3,rbnz-dashboard
Co-op,Return on Equity,4.8,2019-Q3,rbnz-dashboard
Co-op,NIM,2.2,2019-Q3,rbnz-dashboard
Co-op,Net Interest Income,15.3,2019-Q3,rbnz-dashboard
Co-op,Trading and Hedging Gains,0.2,2019-Q3,rbnz-dashboard
Co-op,Fees and Commission Income,2.9,2019-Q3,rbnz-dashboard
Co-op,Other Income,1.7,2019-Q3,rbnz-dashboard
Co-op,Operating Expenses,16.5,2019-Q3,rbnz-dashboard
Co-op,Profit After Tax,2.4,2019-Q3,rbnz-dashboard
Co-op,Total Assets,2927.2,2019-Q3,rbnz-dashboard
Co-op,Cash Position,48.4,2019-Q3,rbnz-dashboard
Co-op,Net Loans and Advances,2504.1,2019-Q3,rbnz-dashboard
Co-op,Deposits,2380.9,2019-Q3,rbnz-dashboard
Co-op,Equity,200.9,2019-Q3,rbnz-dashboard
Co-op,Core Funding Ratio (CFR),104.7,2019-Q3,rbnz-dashboard
Heartland,Total Capital Ratio,12.9,2019-Q3,rbnz-dashboard
Heartland,CET1 Ratio,12.9,2019-Q3,rbnz-dashboard
Heartland,Tier 1 Capital Ratio,12.9,2019-Q3,rbnz-dashboard
Heartland,Total Non-Performing Loans,71.6,2019-Q3,rbnz-dashboard
Heartland,NPL Ratio,1.9,2019-Q3,rbnz-dashboard
Heartland,Return on Assets,1.7,2019-Q3,rbnz-dashboard
Heartland,Return on Equity,11.9,2019-Q3,rbnz-dashboard
Heartland,NIM,4.6,2019-Q3,rbnz-dashboard
Heartland,Net Interest Income,46.8,2019-Q3,rbnz-dashboard
Heartland,Trading and Hedging Gains,-0.2,2019-Q3,rbnz-dashboard
Heartland,Fees and Commission Income,0.6,2019-Q3,rbnz-dashboard
Heartland,Other Income,4,2019-Q3,rbnz-dashboard
Heartland,Operating Expenses,21.9,2019-Q3,rbnz-dashboard
Heartland,Profit After Tax,17.7,2019-Q3,rbnz-dashboard
Heartland,Total Assets,4206,2019-Q3,rbnz-dashboard
Heartland,Cash Position,87,2019-Q3,rbnz-dashboard
Heartland,Net Loans and Advances,3621.8,2019-Q3,rbnz-dashboard
Heartland,Deposits,3234.5,2019-Q3,rbnz-dashboard
Heartland,Equity,584.8,2019-Q3,rbnz-dashboard
Heartland,Core Funding Ratio (CFR),94.4,2019-Q3,rbnz-dashboard
ICBC,Total Capital Ratio,16.9,2019-Q3,rbnz-dashboard
ICBC,CET1 Ratio,13.7,2019-Q3,rbnz-dashboard
ICBC,Tier 1 Capital Ratio,13.7,2019-Q3,rbnz-dashboard
ICBC,Total Non-Performing Loans,26.5,2019-Q3,rbnz-dashboard
ICBC,NPL Ratio,1.5,2019-Q3,rbnz-dashboard
ICBC,Return on Assets,0.8,2019-Q3,rbnz-dashboard
ICBC,Return on Equity,7.8,2019-Q3,rbnz-dashboard
ICBC,NIM,1.3,2019-Q3,rbnz-dashboard
ICBC,Net Interest Income,7.3,2019-Q3,rbnz-dashboard
ICBC,Trading and Hedging Gains,3.6,2019-Q3,rbnz-dashboard
ICBC,Fees and Commission Income,0.4,2019-Q3,rbnz-dashboard
ICBC,Other Income,0,2019-Q3,rbnz-dashboard
ICBC,Operating Expenses,4.7,2019-Q3,rbnz-dashboard
ICBC,Profit After Tax,4.8,2019-Q3,rbnz-dashboard
ICBC,Total Assets,2247.5,2019-Q3,rbnz-dashboard
ICBC,Cash Position,354.8,2019-Q3,rbnz-dashboard
ICBC,Net Loans and Advances,1684.6,2019-Q3,rbnz-dashboard
ICBC,Deposits,969.6,2019-Q3,rbnz-dashboard
ICBC,Equity,246.2,2019-Q3,rbnz-dashboard
ICBC,Core Funding Ratio (CFR),88.7,2019-Q3,rbnz-dashboard
Kiwibank,Total Capital Ratio,13.5,2019-Q3,rbnz-dashboard
Kiwibank,CET1 Ratio,12.3,2019-Q3,rbnz-dashboard
Kiwibank,Tier 1 Capital Ratio,13.5,2019-Q3,rbnz-dashboard
Kiwibank,Total Non-Performing Loans,15.5,2019-Q3,rbnz-dashboard
Kiwibank,NPL Ratio,0.1,2019-Q3,rbnz-dashboard
Kiwibank,Return on Assets,0.4,2019-Q3,rbnz-dashboard
Kiwibank,Return on Equity,6.4,2019-Q3,rbnz-dashboard
Kiwibank,NIM,2,2019-Q3,rbnz-dashboard
Kiwibank,Net Interest Income,112.4,2019-Q3,rbnz-dashboard
Kiwibank,Trading and Hedging Gains,3.7,2019-Q3,rbnz-dashboard
Kiwibank,Fees and Commission Income,37.6,2019-Q3,rbnz-dashboard
Kiwibank,Other Income,8.3,2019-Q3,rbnz-dashboard
Kiwibank,Operating Expenses,126.5,2019-Q3,rbnz-dashboard
Kiwibank,Profit After Tax,25,2019-Q3,rbnz-dashboard
Kiwibank,Total Assets,23584.1,2019-Q3,rbnz-dashboard
Kiwibank,Cash Position,789.4,2019-Q3,rbnz-dashboard
Kiwibank,Net Loans and Advances,20854.1,2019-Q3,rbnz-dashboard
Kiwibank,Deposits,18734.8,2019-Q3,rbnz-dashboard
Kiwibank,Equity,1561.6,2019-Q3,rbnz-dashboard
Kiwibank,Core Funding Ratio (CFR),88.4,2019-Q3,rbnz-dashboard
Rabo Group,Total Capital Ratio,,2019-Q3,rbnz-dashboard
Rabo Group,CET1 Ratio,,2019-Q3,rbnz-dashboard
Rabo Group,Tier 1 Capital Ratio,,2019-Q3,rbnz-dashboard
Rabo Group,Total Non-Performing Loans,490.2,2019-Q3,rbnz-dashboard
Rabo Group,NPL Ratio,3.7,2019-Q3,rbnz-dashboard
Rabo Group,Return on Assets,0.9,2019-Q3,rbnz-dashboard
Rabo Group,Return on Equity,7.4,2019-Q3,rbnz-dashboard
Rabo Group,NIM,1.9,2019-Q3,rbnz-dashboard
Rabo Group,Net Interest Income,80.5,2019-Q3,rbnz-dashboard
Rabo Group,Trading and Hedging Gains,-1.6,2019-Q3,rbnz-dashboard
Rabo Group,Fees and Commission Income,0.4,2019-Q3,rbnz-dashboard
Rabo Group,Other Income,0,2019-Q3,rbnz-dashboard
Rabo Group,Operating Expenses,36.4,2019-Q3,rbnz-dashboard
Rabo Group,Profit After Tax,36.1,2019-Q3,rbnz-dashboard
Rabo Group,Total Assets,16667.3,2019-Q3,rbnz-dashboard
Rabo Group,Cash Position,2413.3,2019-Q3,rbnz-dashboard
Rabo Group,Net Loans and Advances,13241.3,2019-Q3,rbnz-dashboard
Rabo Group,Deposits,5648.8,2019-Q3,rbnz-dashboard
Rabo Group,Equity,1969.4,2019-Q3,rbnz-dashboard
Rabo Group,Core Funding Ratio (CFR),,2019-Q3,rbnz-dashboard
Rabobank,Total Capital Ratio,13.2,2019-Q3,rbnz-dashboard
Rabobank,CET1 Ratio,13.2,2019-Q3,rbnz-dashboard
Rabobank,Tier 1 Capital Ratio,13.2,2019-Q3,rbnz-dashboard
Rabobank,Total Non-Performing Loans,387.8,2019-Q3,rbnz-dashboard
Rabobank,NPL Ratio,3.5,2019-Q3,rbnz-dashboard
Rabobank,Return on Assets,0.9,2019-Q3,rbnz-dashboard
Rabobank,Return on Equity,7.2,2019-Q3,rbnz-dashboard
Rabobank,NIM,2.1,2019-Q3,rbnz-dashboard
Rabobank,Net Interest Income,66.5,2019-Q3,rbnz-dashboard
Rabobank,Trading and Hedging Gains,0.2,2019-Q3,rbnz-dashboard
Rabobank,Fees and Commission Income,0.3,2019-Q3,rbnz-dashboard
Rabobank,Other Income,-0.1,2019-Q3,rbnz-dashboard
Rabobank,Operating Expenses,33.4,2019-Q3,rbnz-dashboard
Rabobank,Profit After Tax,29.5,2019-Q3,rbnz-dashboard
Rabobank,Total Assets,12509.1,2019-Q3,rbnz-dashboard
Rabobank,Cash Position,656.4,2019-Q3,rbnz-dashboard
Rabobank,Net Loans and Advances,11116,2019-Q3,rbnz-dashboard
Rabobank,Deposits,5191.4,2019-Q3,rbnz-dashboard
Rabobank,Equity,1650,2019-Q3,rbnz-dashboard
Rabobank,Core Funding Ratio (CFR),87.4,2019-Q3,rbnz-dashboard
SBS,Total Capital Ratio,14.2,2019-Q3,rbnz-dashboard
SBS,CET1 Ratio,11.4,2019-Q3,rbnz-dashboard
SBS,Tier 1 Capital Ratio,11.4,2019-Q3,rbnz-dashboard
SBS,Total Non-Performing Loans,10.9,2019-Q3,rbnz-dashboard
SBS,NPL Ratio,0.3,2019-Q3,rbnz-dashboard
SBS,Return on Assets,0.6,2019-Q3,rbnz-dashboard
SBS,Return on Equity,9.1,2019-Q3,rbnz-dashboard
SBS,NIM,2.5,2019-Q3,rbnz-dashboard
SBS,Net Interest Income,30,2019-Q3,rbnz-dashboard
SBS,Trading and Hedging Gains,0.1,2019-Q3,rbnz-dashboard
SBS,Fees and Commission Income,6.3,2019-Q3,rbnz-dashboard
SBS,Other Income,3,2019-Q3,rbnz-dashboard
SBS,Operating Expenses,25.3,2019-Q3,rbnz-dashboard
SBS,Profit After Tax,7.6,2019-Q3,rbnz-dashboard
SBS,Total Assets,4863,2019-Q3,rbnz-dashboard
SBS,Cash Position,104.7,2019-Q3,rbnz-dashboard
SBS,Net Loans and Advances,4070.1,2019-Q3,rbnz-dashboard
SBS,Deposits,3444.2,2019-Q3,rbnz-dashboard
SBS,Equity,332.8,2019-Q3,rbnz-dashboard
SBS,Core Funding Ratio (CFR),97.1,2019-Q3,rbnz-dashboard
TSB,Total Capital Ratio,14.6,2019-Q3,rbnz-dashboard
TSB,CET1 Ratio,14.6,2019-Q3,rbnz-dashboard
TSB,Tier 1 Capital Ratio,14.6,2019-Q3,rbnz-dashboard
TSB,Total Non-Performing Loans,13.1,2019-Q3,rbnz-dashboard
TSB,NPL Ratio,0.2,2019-Q3,rbnz-dashboard
TSB,Return on Assets,0.6,2019-Q3,rbnz-dashboard
TSB,Return on Equity,7.6,2019-Q3,rbnz-dashboard
TSB,NIM,1.8,2019-Q3,rbnz-dashboard
TSB,Net Interest Income,35.7,2019-Q3,rbnz-dashboard
TSB,Trading and Hedging Gains,0.1,2019-Q3,rbnz-dashboard
TSB,Fees and Commission Income,4.1,2019-Q3,rbnz-dashboard
TSB,Other Income,1.6,2019-Q3,rbnz-dashboard
TSB,Operating Expenses,22.6,2019-Q3,rbnz-dashboard
TSB,Profit After Tax,13,2019-Q3,rbnz-dashboard
TSB,Total Assets,8075,2019-Q3,rbnz-dashboard
TSB,Cash Position,119.1,2019-Q3,rbnz-dashboard
TSB,Net Loans and Advances,6176.9,2019-Q3,rbnz-dashboard
TSB,Deposits,7243.6,2019-Q3,rbnz-dashboard
TSB,Equity,683.7,2019-Q3,rbnz-dashboard
TSB,Core Funding Ratio (CFR),118.9,2019-Q3,rbnz-dashboard
WBC Group,Total Capital Ratio,,2019-Q3,rbnz-dashboard
WBC Group,CET1 Ratio,,2019-Q3,rbnz-dashboard
WBC Group,Tier 1 Capital Ratio,,2019-Q3,rbnz-dashboard
WBC Group,Total Non-Performing Loans,184.6,2019-Q3,rbnz-dashboard
WBC Group,NPL Ratio,0.2,2019-Q3,rbnz-dashboard
WBC Group,Return on Assets,1.1,2019-Q3,rbnz-dashboard
WBC Group,Return on Equity,12.7,2019-Q3,rbnz-dashboard
WBC Group,NIM,1.8,2019-Q3,rbnz-dashboard
WBC Group,Net Interest Income,453.6,2019-Q3,rbnz-dashboard
WBC Group,Trading and Hedging Gains,78.4,2019-Q3,rbnz-dashboard
WBC Group,Fees and Commission Income,100.4,2019-Q3,rbnz-dashboard
WBC Group,Other Income,2.3,2019-Q3,rbnz-dashboard
WBC Group,Operating Expenses,265.4,2019-Q3,rbnz-dashboard
WBC Group,Profit After Tax,279.7,2019-Q3,rbnz-dashboard
WBC Group,Total Assets,106762.1,2019-Q3,rbnz-dashboard
WBC Group,Cash Position,3842.5,2019-Q3,rbnz-dashboard
WBC Group,Net Loans and Advances,84626.1,2019-Q3,rbnz-dashboard
WBC Group,Deposits,65561.5,2019-Q3,rbnz-dashboard
WBC Group,Equity,8657.3,2019-Q3,rbnz-dashboard
WBC Group,Core Funding Ratio (CFR),,2019-Q3,rbnz-dashboard
Westpac,Total Capital Ratio,15.9,2019-Q3,rbnz-dashboard
Westpac,CET1 Ratio,11.3,2019-Q3,rbnz-dashboard
Westpac,Tier 1 Capital Ratio,13.9,2019-Q3,rbnz-dashboard
Westpac,Total Non-Performing Loans,184.6,2019-Q3,rbnz-dashboard
Westpac,NPL Ratio,0.2,2019-Q3,rbnz-dashboard
Westpac,Return on Assets,0.9,2019-Q3,rbnz-dashboard
Westpac,Return on Equity,11.7,2019-Q3,rbnz-dashboard
Westpac,NIM,2,2019-Q3,rbnz-dashboard
Westpac,Net Interest Income,467.8,2019-Q3,rbnz-dashboard
Westpac,Trading and Hedging Gains,0.6,2019-Q3,rbnz-dashboard
Westpac,Fees and Commission Income,67.5,2019-Q3,rbnz-dashboard
Westpac,Other Income,1,2019-Q3,rbnz-dashboard
Westpac,Operating Expenses,248,2019-Q3,rbnz-dashboard
Westpac,Profit After Tax,220.7,2019-Q3,rbnz-dashboard
Westpac,Total Assets,96676.3,2019-Q3,rbnz-dashboard
Westpac,Cash Position,2861,2019-Q3,rbnz-dashboard
Westpac,Net Loans and Advances,84159.8,2019-Q3,rbnz-dashboard
Westpac,Deposits,64552.4,2019-Q3,rbnz-dashboard
Westpac,Equity,7416.7,2019-Q3,rbnz-dashboard
Westpac,Core Funding Ratio (CFR),82.6,2019-Q3,rbnz-dashboard
ANZ,Total Capital Ratio,13.6,2019-Q4,rbnz-dashboard
ANZ,CET1 Ratio,10.8,2019-Q4,rbnz-dashboard
ANZ,Tier 1 Capital Ratio,13.6,2019-Q4,rbnz-dashboard
ANZ,Total Non-Performing Loans,645.4,2019-Q4,rbnz-dashboard
ANZ,NPL Ratio,0.5,2019-Q4,rbnz-dashboard
ANZ,Return on Assets,0.9,2019-Q4,rbnz-dashboard
ANZ,Return on Equity,10.7,2019-Q4,rbnz-dashboard
ANZ,NIM,2.1,2019-Q4,rbnz-dashboard
ANZ,Net Interest Income,830.1,2019-Q4,rbnz-dashboard
ANZ,Trading and Hedging Gains,5.2,2019-Q4,rbnz-dashboard
ANZ,Fees and Commission Income,149,2019-Q4,rbnz-dashboard
ANZ,Other Income,5.8,2019-Q4,rbnz-dashboard
ANZ,Operating Expenses,428.2,2019-Q4,rbnz-dashboard
ANZ,Profit After Tax,392.5,2019-Q4,rbnz-dashboard
ANZ,Total Assets,169733.7,2019-Q4,rbnz-dashboard
ANZ,Cash Position,4468.6,2019-Q4,rbnz-dashboard
ANZ,Net Loans and Advances,134146.3,2019-Q4,rbnz-dashboard
ANZ,Deposits,110343.3,2019-Q4,rbnz-dashboard
ANZ,Equity,14813,2019-Q4,rbnz-dashboard
ANZ,Core Funding Ratio (CFR),88,2019-Q4,rbnz-dashboard
ANZ Group,Total Capital Ratio,,2019-Q4,rbnz-dashboard
ANZ Group,CET1 Ratio,,2019-Q4,rbnz-dashboard
ANZ Group,Tier 1 Capital Ratio,,2019-Q4,rbnz-dashboard
ANZ Group,Total Non-Performing Loans,649.9,2019-Q4,rbnz-dashboard
ANZ Group,NPL Ratio,0.5,2019-Q4,rbnz-dashboard
ANZ Group,Return on Assets,0.9,2019-Q4,rbnz-dashboard
ANZ Group,Return on Equity,11.4,2019-Q4,rbnz-dashboard
ANZ Group,NIM,2.1,2019-Q4,rbnz-dashboard
ANZ Group,Net Interest Income,821.5,2019-Q4,rbnz-dashboard
ANZ Group,Trading and Hedging Gains,-21.4,2019-Q4,rbnz-dashboard
ANZ Group,Fees and Commission Income,149,2019-Q4,rbnz-dashboard
ANZ Group,Other Income,5.4,2019-Q4,rbnz-dashboard
ANZ Group,Operating Expenses,428.4,2019-Q4,rbnz-dashboard
ANZ Group,Profit After Tax,366.9,2019-Q4,rbnz-dashboard
ANZ Group,Total Assets,170384.9,2019-Q4,rbnz-dashboard
ANZ Group,Cash Position,4815.3,2019-Q4,rbnz-dashboard
ANZ Group,Net Loans and Advances,134494.5,2019-Q4,rbnz-dashboard
ANZ Group,Deposits,110343.3,2019-Q4,rbnz-dashboard
ANZ Group,Equity,12956,2019-Q4,rbnz-dashboard
ANZ Group,Core Funding Ratio (CFR),,2019-Q4,rbnz-dashboard
ASB,Total Capital Ratio,14.2,2019-Q4,rbnz-dashboard
ASB,CET1 Ratio,11.7,2019-Q4,rbnz-dashboard
ASB,Tier 1 Capital Ratio,13.5,2019-Q4,rbnz-dashboard
ASB,Total Non-Performing Loans,380.5,2019-Q4,rbnz-dashboard
ASB,NPL Ratio,0.4,2019-Q4,rbnz-dashboard
ASB,Return on Assets,1.1,2019-Q4,rbnz-dashboard
ASB,Return on Equity,13.7,2019-Q4,rbnz-dashboard
ASB,NIM,2.1,2019-Q4,rbnz-dashboard
ASB,Net Interest Income,527.9,2019-Q4,rbnz-dashboard
ASB,Trading and Hedging Gains,20.6,2019-Q4,rbnz-dashboard
ASB,Fees and Commission Income,137.6,2019-Q4,rbnz-dashboard
ASB,Other Income,-2,2019-Q4,rbnz-dashboard
ASB,Operating Expenses,285,2019-Q4,rbnz-dashboard
ASB,Profit After Tax,273,2019-Q4,rbnz-dashboard
ASB,Total Assets,100547.5,2019-Q4,rbnz-dashboard
ASB,Cash Position,1841.9,2019-Q4,rbnz-dashboard
ASB,Net Loans and Advances,89322.5,2019-Q4,rbnz-dashboard
ASB,Deposits,64961.2,2019-Q4,rbnz-dashboard
ASB,Equity,8025.2,2019-Q4,rbnz-dashboard
ASB,Core Funding Ratio (CFR),87.9,2019-Q4,rbnz-dashboard
BNZ,Total Capital Ratio,14.4,2019-Q4,rbnz-dashboard
BNZ,CET1 Ratio,11.4,2019-Q4,rbnz-dashboard
BNZ,Tier 1 Capital Ratio,12.8,2019-Q4,rbnz-dashboard
BNZ,Total Non-Performing Loans,828.3,2019-Q4,rbnz-dashboard
BNZ,NPL Ratio,0.9,2019-Q4,rbnz-dashboard
BNZ,Return on Assets,0.9,2019-Q4,rbnz-dashboard
BNZ,Return on Equity,11.8,2019-Q4,rbnz-dashboard
BNZ,NIM,2.1,2019-Q4,rbnz-dashboard
BNZ,Net Interest Income,524.2,2019-Q4,rbnz-dashboard
BNZ,Trading and Hedging Gains,-24.4,2019-Q4,rbnz-dashboard
BNZ,Fees and Commission Income,106.1,2019-Q4,rbnz-dashboard
BNZ,Other Income,0.1,2019-Q4,rbnz-dashboard
BNZ,Operating Expenses,244.7,2019-Q4,rbnz-dashboard
BNZ,Profit After Tax,237.6,2019-Q4,rbnz-dashboard
BNZ,Total Assets,108288.5,2019-Q4,rbnz-dashboard
BNZ,Cash Position,3192.7,2019-Q4,rbnz-dashboard
BNZ,Net Loans and Advances,88145.1,2019-Q4,rbnz-dashboard
BNZ,Deposits,66035.2,2019-Q4,rbnz-dashboard
BNZ,Equity,8101.6,2019-Q4,rbnz-dashboard
BNZ,Core Funding Ratio (CFR),85.1,2019-Q4,rbnz-dashboard
BOB,Total Capital Ratio,66.3,2019-Q4,rbnz-dashboard
BOB,CET1 Ratio,66.3,2019-Q4,rbnz-dashboard
BOB,Tier 1 Capital Ratio,66.3,2019-Q4,rbnz-dashboard
BOB,Total Non-Performing Loans,,2019-Q4,rbnz-dashboard
BOB,NPL Ratio,,2019-Q4,rbnz-dashboard
BOB,Return on Assets,0.6,2019-Q4,rbnz-dashboard
BOB,Return on Equity,1.7,2019-Q4,rbnz-dashboard
BOB,NIM,2.7,2019-Q4,rbnz-dashboard
BOB,Net Interest Income,0.8,2019-Q4,rbnz-dashboard
BOB,Trading and Hedging Gains,0.2,2019-Q4,rbnz-dashboard
BOB,Fees and Commission Income,0.1,2019-Q4,rbnz-dashboard
BOB,Other Income,0,2019-Q4,rbnz-dashboard
BOB,Operating Expenses,0.8,2019-Q4,rbnz-dashboard
BOB,Profit After Tax,0.2,2019-Q4,rbnz-dashboard
BOB,Total Assets,129.9,2019-Q4,rbnz-dashboard
BOB,Cash Position,29.2,2019-Q4,rbnz-dashboard
BOB,Net Loans and Advances,97.9,2019-Q4,rbnz-dashboard
BOB,Deposits,78.3,2019-Q4,rbnz-dashboard
BOB,Equity,48.6,2019-Q4,rbnz-dashboard
BOB,Core Funding Ratio (CFR),118.6,2019-Q4,rbnz-dashboard
BOC,Total Capital Ratio,16,2019-Q4,rbnz-dashboard
BOC,CET1 Ratio,16,2019-Q4,rbnz-dashboard
BOC,Tier 1 Capital Ratio,16,2019-Q4,rbnz-dashboard
BOC,Total Non-Performing Loans,7.9,2019-Q4,rbnz-dashboard
BOC,NPL Ratio,0.4,2019-Q4,rbnz-dashboard
BOC,Return on Assets,2.9,2019-Q4,rbnz-dashboard
BOC,Return on Equity,25.1,2019-Q4,rbnz-dashboard
BOC,NIM,1.7,2019-Q4,rbnz-dashboard
BOC,Net Interest Income,8.8,2019-Q4,rbnz-dashboard
BOC,Trading and Hedging Gains,-0.2,2019-Q4,rbnz-dashboard
BOC,Fees and Commission Income,3.1,2019-Q4,rbnz-dashboard
BOC,Other Income,0,2019-Q4,rbnz-dashboard
BOC,Operating Expenses,6,2019-Q4,rbnz-dashboard
BOC,Profit After Tax,15.2,2019-Q4,rbnz-dashboard
BOC,Total Assets,2151.5,2019-Q4,rbnz-dashboard
BOC,Cash Position,215.6,2019-Q4,rbnz-dashboard
BOC,Net Loans and Advances,1789.4,2019-Q4,rbnz-dashboard
BOC,Deposits,808.5,2019-Q4,rbnz-dashboard
BOC,Equity,250.1,2019-Q4,rbnz-dashboard
BOC,Core Funding Ratio (CFR),95.2,2019-Q4,rbnz-dashboard
BOC Group,Total Capital Ratio,,2019-Q4,rbnz-dashboard
BOC Group,CET1 Ratio,,2019-Q4,rbnz-dashboard
BOC Group,Tier 1 Capital Ratio,,2019-Q4,rbnz-dashboard
BOC Group,Total Non-Performing Loans,7.9,2019-Q4,rbnz-dashboard
BOC Group,NPL Ratio,0.3,2019-Q4,rbnz-dashboard
BOC Group,Return on Assets,1.7,2019-Q4,rbnz-dashboard
BOC Group,Return on Equity,26.1,2019-Q4,rbnz-dashboard
BOC Group,NIM,1.4,2019-Q4,rbnz-dashboard
BOC Group,Net Interest Income,12.5,2019-Q4,rbnz-dashboard
BOC Group,Trading and Hedging Gains,0,2019-Q4,rbnz-dashboard
BOC Group,Fees and Commission Income,1.3,2019-Q4,rbnz-dashboard
BOC Group,Other Income,0,2019-Q4,rbnz-dashboard
BOC Group,Operating Expenses,6.1,2019-Q4,rbnz-dashboard
BOC Group,Profit After Tax,15.7,2019-Q4,rbnz-dashboard
BOC Group,Total Assets,3651.4,2019-Q4,rbnz-dashboard
BOC Group,Cash Position,365.9,2019-Q4,rbnz-dashboard
BOC Group,Net Loans and Advances,3129.3,2019-Q4,rbnz-dashboard
BOC Group,Deposits,1091.9,2019-Q4,rbnz-dashboard
BOC Group,Equity,249.2,2019-Q4,rbnz-dashboard
BOC Group,Core Funding Ratio (CFR),,2019-Q4,rbnz-dashboard
BOI,Total Capital Ratio,81.1,2019-Q4,rbnz-dashboard
BOI,CET1 Ratio,81.1,2019-Q4,rbnz-dashboard
BOI,Tier 1 Capital Ratio,81.1,2019-Q4,rbnz-dashboard
BOI,Total Non-Performing Loans,3.3,2019-Q4,rbnz-dashboard
BOI,NPL Ratio,5.9,2019-Q4,rbnz-dashboard
BOI,Return on Assets,0.6,2019-Q4,rbnz-dashboard
BOI,Return on Equity,1,2019-Q4,rbnz-dashboard
BOI,NIM,3,2019-Q4,rbnz-dashboard
BOI,Net Interest Income,0.7,2019-Q4,rbnz-dashboard
BOI,Trading and Hedging Gains,0.1,2019-Q4,rbnz-dashboard
BOI,Fees and Commission Income,0,2019-Q4,rbnz-dashboard
BOI,Other Income,0,2019-Q4,rbnz-dashboard
BOI,Operating Expenses,0.6,2019-Q4,rbnz-dashboard
BOI,Profit After Tax,0.1,2019-Q4,rbnz-dashboard
BOI,Total Assets,88,2019-Q4,rbnz-dashboard
BOI,Cash Position,29.6,2019-Q4,rbnz-dashboard
BOI,Net Loans and Advances,56.7,2019-Q4,rbnz-dashboard
BOI,Deposits,31.5,2019-Q4,rbnz-dashboard
BOI,Equity,55.4,2019-Q4,rbnz-dashboard
BOI,Core Funding Ratio (CFR),110.4,2019-Q4,rbnz-dashboard
CBA Group,Total Capital Ratio,,2019-Q4,rbnz-dashboard
CBA Group,CET1 Ratio,,2019-Q4,rbnz-dashboard
CBA Group,Tier 1 Capital Ratio,,2019-Q4,rbnz-dashboard
CBA Group,Total Non-Performing Loans,380.5,2019-Q4,rbnz-dashboard
CBA Group,NPL Ratio,0.4,2019-Q4,rbnz-dashboard
CBA Group,Return on Assets,0.9,2019-Q4,rbnz-dashboard
CBA Group,Return on Equity,12.4,2019-Q4,rbnz-dashboard
CBA Group,NIM,1.9,2019-Q4,rbnz-dashboard
CBA Group,Net Interest Income,503.7,2019-Q4,rbnz-dashboard
CBA Group,Trading and Hedging Gains,17.3,2019-Q4,rbnz-dashboard
CBA Group,Fees and Commission Income,142.7,2019-Q4,rbnz-dashboard
CBA Group,Other Income,-2.2,2019-Q4,rbnz-dashboard
CBA Group,Operating Expenses,287.6,2019-Q4,rbnz-dashboard
CBA Group,Profit After Tax,251.8,2019-Q4,rbnz-dashboard
CBA Group,Total Assets,109464,2019-Q4,rbnz-dashboard
CBA Group,Cash Position,1669.4,2019-Q4,rbnz-dashboard
CBA Group,Net Loans and Advances,92484.5,2019-Q4,rbnz-dashboard
CBA Group,Deposits,64907.2,2019-Q4,rbnz-dashboard
CBA Group,Equity,8150.3,2019-Q4,rbnz-dashboard
CBA Group,Core Funding Ratio (CFR),,2019-Q4,rbnz-dashboard
CCB,Total Capital Ratio,17.2,2019-Q4,rbnz-dashboard
CCB,CET1 Ratio,16.3,2019-Q4,rbnz-dashboard
CCB,Tier 1 Capital Ratio,16.3,2019-Q4,rbnz-dashboard
CCB,Total Non-Performing Loans,,2019-Q4,rbnz-dashboard
CCB,NPL Ratio,,2019-Q4,rbnz-dashboard
CCB,Return on Assets,0.5,2019-Q4,rbnz-dashboard
CCB,Return on Equity,3.8,2019-Q4,rbnz-dashboard
CCB,NIM,1.4,2019-Q4,rbnz-dashboard
CCB,Net Interest Income,6.4,2019-Q4,rbnz-dashboard
CCB,Trading and Hedging Gains,0,2019-Q4,rbnz-dashboard
CCB,Fees and Commission Income,0.6,2019-Q4,rbnz-dashboard
CCB,Other Income,0.1,2019-Q4,rbnz-dashboard
CCB,Operating Expenses,3.1,2019-Q4,rbnz-dashboard
CCB,Profit After Tax,2.1,2019-Q4,rbnz-dashboard
CCB,Total Assets,1863.4,2019-Q4,rbnz-dashboard
CCB,Cash Position,198.6,2019-Q4,rbnz-dashboard
CCB,Net Loans and Advances,1425.1,2019-Q4,rbnz-dashboard
CCB,Deposits,247,2019-Q4,rbnz-dashboard
CCB,Equity,227.7,2019-Q4,rbnz-dashboard
CCB,Core Funding Ratio (CFR),90.9,2019-Q4,rbnz-dashboard
CCB Group,Total Capital Ratio,,2019-Q4,rbnz-dashboard
CCB Group,CET1 Ratio,,2019-Q4,rbnz-dashboard
CCB Group,Tier 1 Capital Ratio,,2019-Q4,rbnz-dashboard
CCB Group,Total Non-Performing Loans,,2019-Q4,rbnz-dashboard
CCB Group,NPL Ratio,,2019-Q4,rbnz-dashboard
CCB Group,Return on Assets,0.5,2019-Q4,rbnz-dashboard
CCB Group,Return on Equity,6.5,2019-Q4,rbnz-dashboard
CCB Group,NIM,1.4,2019-Q4,rbnz-dashboard
CCB Group,Net Interest Income,9.9,2019-Q4,rbnz-dashboard
CCB Group,Trading and Hedging Gains,0.7,2019-Q4,rbnz-dashboard
CCB Group,Fees and Commission Income,1.1,2019-Q4,rbnz-dashboard
CCB Group,Other Income,0,2019-Q4,rbnz-dashboard
CCB Group,Operating Expenses,5.1,2019-Q4,rbnz-dashboard
CCB Group,Profit After Tax,3.8,2019-Q4,rbnz-dashboard
CCB Group,Total Assets,3066.4,2019-Q4,rbnz-dashboard
CCB Group,Cash Position,501.1,2019-Q4,rbnz-dashboard
CCB Group,Net Loans and Advances,2304.1,2019-Q4,rbnz-dashboard
CCB Group,Deposits,312.2,2019-Q4,rbnz-dashboard
CCB Group,Equity,234.4,2019-Q4,rbnz-dashboard
CCB Group,Core Funding Ratio (CFR),,2019-Q4,rbnz-dashboard
Co-op,Total Capital Ratio,16.4,2019-Q4,rbnz-dashboard
Co-op,CET1 Ratio,14.1,2019-Q4,rbnz-dashboard
Co-op,Tier 1 Capital Ratio,14.1,2019-Q4,rbnz-dashboard
Co-op,Total Non-Performing Loans,7.6,2019-Q4,rbnz-dashboard
Co-op,NPL Ratio,0.3,2019-Q4,rbnz-dashboard
Co-op,Return on Assets,0.4,2019-Q4,rbnz-dashboard
Co-op,Return on Equity,6.3,2019-Q4,rbnz-dashboard
Co-op,NIM,2.2,2019-Q4,rbnz-dashboard
Co-op,Net Interest Income,15.5,2019-Q4,rbnz-dashboard
Co-op,Trading and Hedging Gains,0,2019-Q4,rbnz-dashboard
Co-op,Fees and Commission Income,2.9,2019-Q4,rbnz-dashboard
Co-op,Other Income,2.3,2019-Q4,rbnz-dashboard
Co-op,Operating Expenses,15.7,2019-Q4,rbnz-dashboard
Co-op,Profit After Tax,3.2,2019-Q4,rbnz-dashboard
Co-op,Total Assets,2948.2,2019-Q4,rbnz-dashboard
Co-op,Cash Position,71.4,2019-Q4,rbnz-dashboard
Co-op,Net Loans and Advances,2531,2019-Q4,rbnz-dashboard
Co-op,Deposits,2404.2,2019-Q4,rbnz-dashboard
Co-op,Equity,204.8,2019-Q4,rbnz-dashboard
Co-op,Core Funding Ratio (CFR),105,2019-Q4,rbnz-dashboard
Heartland,Total Capital Ratio,12.6,2019-Q4,rbnz-dashboard
Heartland,CET1 Ratio,12.6,2019-Q4,rbnz-dashboard
Heartland,Tier 1 Capital Ratio,12.6,2019-Q4,rbnz-dashboard
Heartland,Total Non-Performing Loans,78.8,2019-Q4,rbnz-dashboard
Heartland,NPL Ratio,2.1,2019-Q4,rbnz-dashboard
Heartland,Return on Assets,1.6,2019-Q4,rbnz-dashboard
Heartland,Return on Equity,11.7,2019-Q4,rbnz-dashboard
Heartland,NIM,4.5,2019-Q4,rbnz-dashboard
Heartland,Net Interest Income,46.1,2019-Q4,rbnz-dashboard
Heartland,Trading and Hedging Gains,0.2,2019-Q4,rbnz-dashboard
Heartland,Fees and Commission Income,4,2019-Q4,rbnz-dashboard
Heartland,Other Income,-0.2,2019-Q4,rbnz-dashboard
Heartland,Operating Expenses,22.6,2019-Q4,rbnz-dashboard
Heartland,Profit After Tax,17.2,2019-Q4,rbnz-dashboard
Heartland,Total Assets,4261.6,2019-Q4,rbnz-dashboard
Heartland,Cash Position,129.7,2019-Q4,rbnz-dashboard
Heartland,Net Loans and Advances,3687.4,2019-Q4,rbnz-dashboard
Heartland,Deposits,3244,2019-Q4,rbnz-dashboard
Heartland,Equity,573.5,2019-Q4,rbnz-dashboard
Heartland,Core Funding Ratio (CFR),93.9,2019-Q4,rbnz-dashboard
ICBC,Total Capital Ratio,15.9,2019-Q4,rbnz-dashboard
ICBC,CET1 Ratio,13.3,2019-Q4,rbnz-dashboard
ICBC,Tier 1 Capital Ratio,13.3,2019-Q4,rbnz-dashboard
ICBC,Total Non-Performing Loans,8.5,2019-Q4,rbnz-dashboard
ICBC,NPL Ratio,0.5,2019-Q4,rbnz-dashboard
ICBC,Return on Assets,1.9,2019-Q4,rbnz-dashboard
ICBC,Return on Equity,17.4,2019-Q4,rbnz-dashboard
ICBC,NIM,1.7,2019-Q4,rbnz-dashboard
ICBC,Net Interest Income,9.8,2019-Q4,rbnz-dashboard
ICBC,Trading and Hedging Gains,-3.5,2019-Q4,rbnz-dashboard
ICBC,Fees and Commission Income,0.3,2019-Q4,rbnz-dashboard
ICBC,Other Income,0,2019-Q4,rbnz-dashboard
ICBC,Operating Expenses,5.5,2019-Q4,rbnz-dashboard
ICBC,Profit After Tax,10.9,2019-Q4,rbnz-dashboard
ICBC,Total Assets,2281.6,2019-Q4,rbnz-dashboard
ICBC,Cash Position,333.7,2019-Q4,rbnz-dashboard
ICBC,Net Loans and Advances,1740.8,2019-Q4,rbnz-dashboard
ICBC,Deposits,882.1,2019-Q4,rbnz-dashboard
ICBC,Equity,257,2019-Q4,rbnz-dashboard
ICBC,Core Funding Ratio (CFR),87.5,2019-Q4,rbnz-dashboard
Kiwibank,Total Capital Ratio,13.2,2019-Q4,rbnz-dashboard
Kiwibank,CET1 Ratio,12,2019-Q4,rbnz-dashboard
Kiwibank,Tier 1 Capital Ratio,13.2,2019-Q4,rbnz-dashboard
Kiwibank,Total Non-Performing Loans,15.6,2019-Q4,rbnz-dashboard
Kiwibank,NPL Ratio,0.1,2019-Q4,rbnz-dashboard
Kiwibank,Return on Assets,0.4,2019-Q4,rbnz-dashboard
Kiwibank,Return on Equity,6.7,2019-Q4,rbnz-dashboard
Kiwibank,NIM,1.9,2019-Q4,rbnz-dashboard
Kiwibank,Net Interest Income,112.4,2019-Q4,rbnz-dashboard
Kiwibank,Trading and Hedging Gains,2.1,2019-Q4,rbnz-dashboard
Kiwibank,Fees and Commission Income,36.9,2019-Q4,rbnz-dashboard
Kiwibank,Other Income,14.9,2019-Q4,rbnz-dashboard
Kiwibank,Operating Expenses,131.4,2019-Q4,rbnz-dashboard
Kiwibank,Profit After Tax,26.5,2019-Q4,rbnz-dashboard
Kiwibank,Total Assets,24085.5,2019-Q4,rbnz-dashboard
Kiwibank,Cash Position,806.9,2019-Q4,rbnz-dashboard
Kiwibank,Net Loans and Advances,21598.1,2019-Q4,rbnz-dashboard
Kiwibank,Deposits,19217.2,2019-Q4,rbnz-dashboard
Kiwibank,Equity,1588,2019-Q4,rbnz-dashboard
Kiwibank,Core Funding Ratio (CFR),90.1,2019-Q4,rbnz-dashboard
Rabo Group,Total Capital Ratio,,2019-Q4,rbnz-dashboard
Rabo Group,CET1 Ratio,,2019-Q4,rbnz-dashboard
Rabo Group,Tier 1 Capital Ratio,,2019-Q4,rbnz-dashboard
Rabo Group,Total Non-Performing Loans,534.3,2019-Q4,rbnz-dashboard
Rabo Group,NPL Ratio,3.9,2019-Q4,rbnz-dashboard
Rabo Group,Return on Assets,0.8,2019-Q4,rbnz-dashboard
Rabo Group,Return on Equity,6.4,2019-Q4,rbnz-dashboard
Rabo Group,NIM,2.5,2019-Q4,rbnz-dashboard
Rabo Group,Net Interest Income,101.9,2019-Q4,rbnz-dashboard
Rabo Group,Trading and Hedging Gains,-1.5,2019-Q4,rbnz-dashboard
Rabo Group,Fees and Commission Income,1.3,2019-Q4,rbnz-dashboard
Rabo Group,Other Income,15.3,2019-Q4,rbnz-dashboard
Rabo Group,Operating Expenses,60.9,2019-Q4,rbnz-dashboard
Rabo Group,Profit After Tax,32.1,2019-Q4,rbnz-dashboard
Rabo Group,Total Assets,16757.1,2019-Q4,rbnz-dashboard
Rabo Group,Cash Position,1961,2019-Q4,rbnz-dashboard
Rabo Group,Net Loans and Advances,13814,2019-Q4,rbnz-dashboard
Rabo Group,Deposits,5474.7,2019-Q4,rbnz-dashboard
Rabo Group,Equity,2020.7,2019-Q4,rbnz-dashboard
Rabo Group,Core Funding Ratio (CFR),,2019-Q4,rbnz-dashboard
Rabobank,Total Capital Ratio,13.1,2019-Q4,rbnz-dashboard
Rabobank,CET1 Ratio,13.1,2019-Q4,rbnz-dashboard
Rabobank,Tier 1 Capital Ratio,13.1,2019-Q4,rbnz-dashboard
Rabobank,Total Non-Performing Loans,414.7,2019-Q4,rbnz-dashboard
Rabobank,NPL Ratio,3.7,2019-Q4,rbnz-dashboard
Rabobank,Return on Assets,0.6,2019-Q4,rbnz-dashboard
Rabobank,Return on Equity,4.9,2019-Q4,rbnz-dashboard
Rabobank,NIM,2.1,2019-Q4,rbnz-dashboard
Rabobank,Net Interest Income,66.8,2019-Q4,rbnz-dashboard
Rabobank,Trading and Hedging Gains,0.2,2019-Q4,rbnz-dashboard
Rabobank,Fees and Commission Income,0.2,2019-Q4,rbnz-dashboard
Rabobank,Other Income,0.1,2019-Q4,rbnz-dashboard
Rabobank,Operating Expenses,36.6,2019-Q4,rbnz-dashboard
Rabobank,Profit After Tax,20.3,2019-Q4,rbnz-dashboard
Rabobank,Total Assets,12543.5,2019-Q4,rbnz-dashboard
Rabobank,Cash Position,592.7,2019-Q4,rbnz-dashboard
Rabobank,Net Loans and Advances,11178.1,2019-Q4,rbnz-dashboard
Rabobank,Deposits,4944.7,2019-Q4,rbnz-dashboard
Rabobank,Equity,1668.4,2019-Q4,rbnz-dashboard
Rabobank,Core Funding Ratio (CFR),83.4,2019-Q4,rbnz-dashboard
SBS,Total Capital Ratio,14.2,2019-Q4,rbnz-dashboard
SBS,CET1 Ratio,11.5,2019-Q4,rbnz-dashboard
SBS,Tier 1 Capital Ratio,11.5,2019-Q4,rbnz-dashboard
SBS,Total Non-Performing Loans,10.8,2019-Q4,rbnz-dashboard
SBS,NPL Ratio,0.3,2019-Q4,rbnz-dashboard
SBS,Return on Assets,0.5,2019-Q4,rbnz-dashboard
SBS,Return on Equity,7.5,2019-Q4,rbnz-dashboard
SBS,NIM,2.5,2019-Q4,rbnz-dashboard
SBS,Net Interest Income,29.8,2019-Q4,rbnz-dashboard
SBS,Trading and Hedging Gains,-0.1,2019-Q4,rbnz-dashboard
SBS,Fees and Commission Income,6.7,2019-Q4,rbnz-dashboard
SBS,Other Income,3.4,2019-Q4,rbnz-dashboard
SBS,Operating Expenses,26.1,2019-Q4,rbnz-dashboard
SBS,Profit After Tax,6.4,2019-Q4,rbnz-dashboard
SBS,Total Assets,4947.6,2019-Q4,rbnz-dashboard
SBS,Cash Position,137.4,2019-Q4,rbnz-dashboard
SBS,Net Loans and Advances,4135.2,2019-Q4,rbnz-dashboard
SBS,Deposits,3491.2,2019-Q4,rbnz-dashboard
SBS,Equity,344.9,2019-Q4,rbnz-dashboard
SBS,Core Funding Ratio (CFR),96.4,2019-Q4,rbnz-dashboard
TSB,Total Capital Ratio,14.6,2019-Q4,rbnz-dashboard
TSB,CET1 Ratio,14.6,2019-Q4,rbnz-dashboard
TSB,Tier 1 Capital Ratio,14.6,2019-Q4,rbnz-dashboard
TSB,Total Non-Performing Loans,17.1,2019-Q4,rbnz-dashboard
TSB,NPL Ratio,0.3,2019-Q4,rbnz-dashboard
TSB,Return on Assets,0.6,2019-Q4,rbnz-dashboard
TSB,Return on Equity,6.8,2019-Q4,rbnz-dashboard
TSB,NIM,1.8,2019-Q4,rbnz-dashboard
TSB,Net Interest Income,36.1,2019-Q4,rbnz-dashboard
TSB,Trading and Hedging Gains,0.2,2019-Q4,rbnz-dashboard
TSB,Fees and Commission Income,3.9,2019-Q4,rbnz-dashboard
TSB,Other Income,1.8,2019-Q4,rbnz-dashboard
TSB,Operating Expenses,25.2,2019-Q4,rbnz-dashboard
TSB,Profit After Tax,11.7,2019-Q4,rbnz-dashboard
TSB,Total Assets,8129.8,2019-Q4,rbnz-dashboard
TSB,Cash Position,117.9,2019-Q4,rbnz-dashboard
TSB,Net Loans and Advances,6158.4,2019-Q4,rbnz-dashboard
TSB,Deposits,7296,2019-Q4,rbnz-dashboard
TSB,Equity,686.9,2019-Q4,rbnz-dashboard
TSB,Core Funding Ratio (CFR),117.3,2019-Q4,rbnz-dashboard
WBC Group,Total Capital Ratio,,2019-Q4,rbnz-dashboard
WBC Group,CET1 Ratio,,2019-Q4,rbnz-dashboard
WBC Group,Tier 1 Capital Ratio,,2019-Q4,rbnz-dashboard
WBC Group,Total Non-Performing Loans,245.7,2019-Q4,rbnz-dashboard
WBC Group,NPL Ratio,0.3,2019-Q4,rbnz-dashboard
WBC Group,Return on Assets,0.8,2019-Q4,rbnz-dashboard
WBC Group,Return on Equity,9.2,2019-Q4,rbnz-dashboard
WBC Group,NIM,1.9,2019-Q4,rbnz-dashboard
WBC Group,Net Interest Income,475.1,2019-Q4,rbnz-dashboard
WBC Group,Trading and Hedging Gains,18.2,2019-Q4,rbnz-dashboard
WBC Group,Fees and Commission Income,80.4,2019-Q4,rbnz-dashboard
WBC Group,Other Income,0.5,2019-Q4,rbnz-dashboard
WBC Group,Operating Expenses,270.2,2019-Q4,rbnz-dashboard
WBC Group,Profit After Tax,203.3,2019-Q4,rbnz-dashboard
WBC Group,Total Assets,107111.4,2019-Q4,rbnz-dashboard
WBC Group,Cash Position,4546.6,2019-Q4,rbnz-dashboard
WBC Group,Net Loans and Advances,86041.4,2019-Q4,rbnz-dashboard
WBC Group,Deposits,67168,2019-Q4,rbnz-dashboard
WBC Group,Equity,8843.2,2019-Q4,rbnz-dashboard
WBC Group,Core Funding Ratio (CFR),,2019-Q4,rbnz-dashboard
Westpac,Total Capital Ratio,15.9,2019-Q4,rbnz-dashboard
Westpac,CET1 Ratio,11.4,2019-Q4,rbnz-dashboard
Westpac,Tier 1 Capital Ratio,14,2019-Q4,rbnz-dashboard
Westpac,Total Non-Performing Loans,245.7,2019-Q4,rbnz-dashboard
Westpac,NPL Ratio,0.3,2019-Q4,rbnz-dashboard
Westpac,Return on Assets,0.8,2019-Q4,rbnz-dashboard
Westpac,Return on Equity,10.1,2019-Q4,rbnz-dashboard
Westpac,NIM,2,2019-Q4,rbnz-dashboard
Westpac,Net Interest Income,475,2019-Q4,rbnz-dashboard
Westpac,Trading and Hedging Gains,-1.3,2019-Q4,rbnz-dashboard
Westpac,Fees and Commission Income,70.2,2019-Q4,rbnz-dashboard
Westpac,Other Income,0.2,2019-Q4,rbnz-dashboard
Westpac,Operating Expenses,257.3,2019-Q4,rbnz-dashboard
Westpac,Profit After Tax,191.6,2019-Q4,rbnz-dashboard
Westpac,Total Assets,97637.7,2019-Q4,rbnz-dashboard
Westpac,Cash Position,3166.7,2019-Q4,rbnz-dashboard
Westpac,Net Loans and Advances,85609.7,2019-Q4,rbnz-dashboard
Westpac,Deposits,66598,2019-Q4,rbnz-dashboard
Westpac,Equity,7595,2019-Q4,rbnz-dashboard
Westpac,Core Funding Ratio (CFR),83.1,2019-Q4,rbnz-dashboard
ANZ,Total Capital Ratio,13.9,2020-Q1,rbnz-dashboard
ANZ,CET1 Ratio,11.1,2020-Q1,rbnz-dashboard
ANZ,Tier 1 Capital Ratio,13.9,2020-Q1,rbnz-dashboard
ANZ,Total Non-Performing Loans,660.8,2020-Q1,rbnz-dashboard
ANZ,NPL Ratio,0.5,2020-Q1,rbnz-dashboard
ANZ,Return on Assets,0.9,2020-Q1,rbnz-dashboard
ANZ,Return on Equity,10.5,2020-Q1,rbnz-dashboard
ANZ,NIM,2.1,2020-Q1,rbnz-dashboard
ANZ,Net Interest Income,835.6,2020-Q1,rbnz-dashboard
ANZ,Trading and Hedging Gains,182.5,2020-Q1,rbnz-dashboard
ANZ,Fees and Commission Income,135.7,2020-Q1,rbnz-dashboard
ANZ,Other Income,4.8,2020-Q1,rbnz-dashboard
ANZ,Operating Expenses,407.3,2020-Q1,rbnz-dashboard
ANZ,Profit After Tax,391.1,2020-Q1,rbnz-dashboard
ANZ,Total Assets,183059.9,2020-Q1,rbnz-dashboard
ANZ,Cash Position,9562.4,2020-Q1,rbnz-dashboard
ANZ,Net Loans and Advances,135354.6,2020-Q1,rbnz-dashboard
ANZ,Deposits,113411.3,2020-Q1,rbnz-dashboard
ANZ,Equity,15142.7,2020-Q1,rbnz-dashboard
ANZ,Core Funding Ratio (CFR),87.2,2020-Q1,rbnz-dashboard
ANZ Group,Total Capital Ratio,,2020-Q1,rbnz-dashboard
ANZ Group,CET1 Ratio,,2020-Q1,rbnz-dashboard
ANZ Group,Tier 1 Capital Ratio,,2020-Q1,rbnz-dashboard
ANZ Group,Total Non-Performing Loans,662.8,2020-Q1,rbnz-dashboard
ANZ Group,NPL Ratio,0.5,2020-Q1,rbnz-dashboard
ANZ Group,Return on Assets,1,2020-Q1,rbnz-dashboard
ANZ Group,Return on Equity,12.9,2020-Q1,rbnz-dashboard
ANZ Group,NIM,2.1,2020-Q1,rbnz-dashboard
ANZ Group,Net Interest Income,826.9,2020-Q1,rbnz-dashboard
ANZ Group,Trading and Hedging Gains,233.7,2020-Q1,rbnz-dashboard
ANZ Group,Fees and Commission Income,135.7,2020-Q1,rbnz-dashboard
ANZ Group,Other Income,4.6,2020-Q1,rbnz-dashboard
ANZ Group,Operating Expenses,407.5,2020-Q1,rbnz-dashboard
ANZ Group,Profit After Tax,422,2020-Q1,rbnz-dashboard
ANZ Group,Total Assets,183424,2020-Q1,rbnz-dashboard
ANZ Group,Cash Position,9562.4,2020-Q1,rbnz-dashboard
ANZ Group,Net Loans and Advances,135678.6,2020-Q1,rbnz-dashboard
ANZ Group,Deposits,113411.3,2020-Q1,rbnz-dashboard
ANZ Group,Equity,13321.4,2020-Q1,rbnz-dashboard
ANZ Group,Core Funding Ratio (CFR),,2020-Q1,rbnz-dashboard
ASB,Total Capital Ratio,13.6,2020-Q1,rbnz-dashboard
ASB,CET1 Ratio,11.1,2020-Q1,rbnz-dashboard
ASB,Tier 1 Capital Ratio,12.8,2020-Q1,rbnz-dashboard
ASB,Total Non-Performing Loans,395,2020-Q1,rbnz-dashboard
ASB,NPL Ratio,0.4,2020-Q1,rbnz-dashboard
ASB,Return on Assets,0.8,2020-Q1,rbnz-dashboard
ASB,Return on Equity,10.5,2020-Q1,rbnz-dashboard
ASB,NIM,2.2,2020-Q1,rbnz-dashboard
ASB,Net Interest Income,554.7,2020-Q1,rbnz-dashboard
ASB,Trading and Hedging Gains,21.1,2020-Q1,rbnz-dashboard
ASB,Fees and Commission Income,123.3,2020-Q1,rbnz-dashboard
ASB,Other Income,1.5,2020-Q1,rbnz-dashboard
ASB,Operating Expenses,257.1,2020-Q1,rbnz-dashboard
ASB,Profit After Tax,209.1,2020-Q1,rbnz-dashboard
ASB,Total Assets,106595.3,2020-Q1,rbnz-dashboard
ASB,Cash Position,3917.4,2020-Q1,rbnz-dashboard
ASB,Net Loans and Advances,90009.7,2020-Q1,rbnz-dashboard
ASB,Deposits,67897.8,2020-Q1,rbnz-dashboard
ASB,Equity,7750.4,2020-Q1,rbnz-dashboard
ASB,Core Funding Ratio (CFR),87.1,2020-Q1,rbnz-dashboard
BNZ,Total Capital Ratio,14.1,2020-Q1,rbnz-dashboard
BNZ,CET1 Ratio,11.2,2020-Q1,rbnz-dashboard
BNZ,Tier 1 Capital Ratio,12.5,2020-Q1,rbnz-dashboard
BNZ,Total Non-Performing Loans,894.6,2020-Q1,rbnz-dashboard
BNZ,NPL Ratio,1,2020-Q1,rbnz-dashboard
BNZ,Return on Assets,0.5,2020-Q1,rbnz-dashboard
BNZ,Return on Equity,6.2,2020-Q1,rbnz-dashboard
BNZ,NIM,2.1,2020-Q1,rbnz-dashboard
BNZ,Net Interest Income,526.3,2020-Q1,rbnz-dashboard
BNZ,Trading and Hedging Gains,99.7,2020-Q1,rbnz-dashboard
BNZ,Fees and Commission Income,83.8,2020-Q1,rbnz-dashboard
BNZ,Other Income,-0.3,2020-Q1,rbnz-dashboard
BNZ,Operating Expenses,411.5,2020-Q1,rbnz-dashboard
BNZ,Profit After Tax,128.8,2020-Q1,rbnz-dashboard
BNZ,Total Assets,118500.6,2020-Q1,rbnz-dashboard
BNZ,Cash Position,8473,2020-Q1,rbnz-dashboard
BNZ,Net Loans and Advances,89292.2,2020-Q1,rbnz-dashboard
BNZ,Deposits,68257.1,2020-Q1,rbnz-dashboard
BNZ,Equity,8647.3,2020-Q1,rbnz-dashboard
BNZ,Core Funding Ratio (CFR),86,2020-Q1,rbnz-dashboard
BOB,Total Capital Ratio,64.9,2020-Q1,rbnz-dashboard
BOB,CET1 Ratio,64.9,2020-Q1,rbnz-dashboard
BOB,Tier 1 Capital Ratio,64.9,2020-Q1,rbnz-dashboard
BOB,Total Non-Performing Loans,,2020-Q1,rbnz-dashboard
BOB,NPL Ratio,,2020-Q1,rbnz-dashboard
BOB,Return on Assets,0.7,2020-Q1,rbnz-dashboard
BOB,Return on Equity,1.9,2020-Q1,rbnz-dashboard
BOB,NIM,2.7,2020-Q1,rbnz-dashboard
BOB,Net Interest Income,0.8,2020-Q1,rbnz-dashboard
BOB,Trading and Hedging Gains,0.3,2020-Q1,rbnz-dashboard
BOB,Fees and Commission Income,0.1,2020-Q1,rbnz-dashboard
BOB,Other Income,0,2020-Q1,rbnz-dashboard
BOB,Operating Expenses,0.8,2020-Q1,rbnz-dashboard
BOB,Profit After Tax,0.2,2020-Q1,rbnz-dashboard
BOB,Total Assets,131.9,2020-Q1,rbnz-dashboard
BOB,Cash Position,29.2,2020-Q1,rbnz-dashboard
BOB,Net Loans and Advances,99.8,2020-Q1,rbnz-dashboard
BOB,Deposits,80.2,2020-Q1,rbnz-dashboard
BOB,Equity,48.9,2020-Q1,rbnz-dashboard
BOB,Core Funding Ratio (CFR),120.3,2020-Q1,rbnz-dashboard
BOC,Total Capital Ratio,15,2020-Q1,rbnz-dashboard
BOC,CET1 Ratio,15,2020-Q1,rbnz-dashboard
BOC,Tier 1 Capital Ratio,15,2020-Q1,rbnz-dashboard
BOC,Total Non-Performing Loans,8.7,2020-Q1,rbnz-dashboard
BOC,NPL Ratio,0.4,2020-Q1,rbnz-dashboard
BOC,Return on Assets,1,2020-Q1,rbnz-dashboard
BOC,Return on Equity,8.7,2020-Q1,rbnz-dashboard
BOC,NIM,1.8,2020-Q1,rbnz-dashboard
BOC,Net Interest Income,9.7,2020-Q1,rbnz-dashboard
BOC,Trading and Hedging Gains,0.3,2020-Q1,rbnz-dashboard
BOC,Fees and Commission Income,2.8,2020-Q1,rbnz-dashboard
BOC,Other Income,0,2020-Q1,rbnz-dashboard
BOC,Operating Expenses,5.1,2020-Q1,rbnz-dashboard
BOC,Profit After Tax,5.5,2020-Q1,rbnz-dashboard
BOC,Total Assets,2312.8,2020-Q1,rbnz-dashboard
BOC,Cash Position,167.6,2020-Q1,rbnz-dashboard
BOC,Net Loans and Advances,1960.2,2020-Q1,rbnz-dashboard
BOC,Deposits,683.1,2020-Q1,rbnz-dashboard
BOC,Equity,256.9,2020-Q1,rbnz-dashboard
BOC,Core Funding Ratio (CFR),87.6,2020-Q1,rbnz-dashboard
BOC Group,Total Capital Ratio,,2020-Q1,rbnz-dashboard
BOC Group,CET1 Ratio,,2020-Q1,rbnz-dashboard
BOC Group,Tier 1 Capital Ratio,,2020-Q1,rbnz-dashboard
BOC Group,Total Non-Performing Loans,8.7,2020-Q1,rbnz-dashboard
BOC Group,NPL Ratio,0.2,2020-Q1,rbnz-dashboard
BOC Group,Return on Assets,1,2020-Q1,rbnz-dashboard
BOC Group,Return on Equity,15.2,2020-Q1,rbnz-dashboard
BOC Group,NIM,1.5,2020-Q1,rbnz-dashboard
BOC Group,Net Interest Income,14.3,2020-Q1,rbnz-dashboard
BOC Group,Trading and Hedging Gains,2.7,2020-Q1,rbnz-dashboard
BOC Group,Fees and Commission Income,1.2,2020-Q1,rbnz-dashboard
BOC Group,Other Income,0,2020-Q1,rbnz-dashboard
BOC Group,Operating Expenses,5.2,2020-Q1,rbnz-dashboard
BOC Group,Profit After Tax,9.6,2020-Q1,rbnz-dashboard
BOC Group,Total Assets,4371,2020-Q1,rbnz-dashboard
BOC Group,Cash Position,546.1,2020-Q1,rbnz-dashboard
BOC Group,Net Loans and Advances,3628.2,2020-Q1,rbnz-dashboard
BOC Group,Deposits,1170,2020-Q1,rbnz-dashboard
BOC Group,Equity,260.2,2020-Q1,rbnz-dashboard
BOC Group,Core Funding Ratio (CFR),,2020-Q1,rbnz-dashboard
BOI,Total Capital Ratio,79.1,2020-Q1,rbnz-dashboard
BOI,CET1 Ratio,79.1,2020-Q1,rbnz-dashboard
BOI,Tier 1 Capital Ratio,79.1,2020-Q1,rbnz-dashboard
BOI,Total Non-Performing Loans,1.6,2020-Q1,rbnz-dashboard
BOI,NPL Ratio,2.8,2020-Q1,rbnz-dashboard
BOI,Return on Assets,-0.3,2020-Q1,rbnz-dashboard
BOI,Return on Equity,-0.5,2020-Q1,rbnz-dashboard
BOI,NIM,3.2,2020-Q1,rbnz-dashboard
BOI,Net Interest Income,0.7,2020-Q1,rbnz-dashboard
BOI,Trading and Hedging Gains,0.1,2020-Q1,rbnz-dashboard
BOI,Fees and Commission Income,0,2020-Q1,rbnz-dashboard
BOI,Other Income,0,2020-Q1,rbnz-dashboard
BOI,Operating Expenses,0.7,2020-Q1,rbnz-dashboard
BOI,Profit After Tax,-0.1,2020-Q1,rbnz-dashboard
BOI,Total Assets,86.4,2020-Q1,rbnz-dashboard
BOI,Cash Position,26.7,2020-Q1,rbnz-dashboard
BOI,Net Loans and Advances,58.2,2020-Q1,rbnz-dashboard
BOI,Deposits,30,2020-Q1,rbnz-dashboard
BOI,Equity,55.4,2020-Q1,rbnz-dashboard
BOI,Core Funding Ratio (CFR),116.3,2020-Q1,rbnz-dashboard
CBA Group,Total Capital Ratio,,2020-Q1,rbnz-dashboard
CBA Group,CET1 Ratio,,2020-Q1,rbnz-dashboard
CBA Group,Tier 1 Capital Ratio,,2020-Q1,rbnz-dashboard
CBA Group,Total Non-Performing Loans,395,2020-Q1,rbnz-dashboard
CBA Group,NPL Ratio,0.4,2020-Q1,rbnz-dashboard
CBA Group,Return on Assets,0.7,2020-Q1,rbnz-dashboard
CBA Group,Return on Equity,9.4,2020-Q1,rbnz-dashboard
CBA Group,NIM,2,2020-Q1,rbnz-dashboard
CBA Group,Net Interest Income,531.8,2020-Q1,rbnz-dashboard
CBA Group,Trading and Hedging Gains,22.7,2020-Q1,rbnz-dashboard
CBA Group,Fees and Commission Income,126.3,2020-Q1,rbnz-dashboard
CBA Group,Other Income,1.5,2020-Q1,rbnz-dashboard
CBA Group,Operating Expenses,259.9,2020-Q1,rbnz-dashboard
CBA Group,Profit After Tax,191.6,2020-Q1,rbnz-dashboard
CBA Group,Total Assets,116041.8,2020-Q1,rbnz-dashboard
CBA Group,Cash Position,3808,2020-Q1,rbnz-dashboard
CBA Group,Net Loans and Advances,93306.9,2020-Q1,rbnz-dashboard
CBA Group,Deposits,67881.5,2020-Q1,rbnz-dashboard
CBA Group,Equity,7869.4,2020-Q1,rbnz-dashboard
CBA Group,Core Funding Ratio (CFR),,2020-Q1,rbnz-dashboard
CCB,Total Capital Ratio,15.9,2020-Q1,rbnz-dashboard
CCB,CET1 Ratio,15.1,2020-Q1,rbnz-dashboard
CCB,Tier 1 Capital Ratio,15.1,2020-Q1,rbnz-dashboard
CCB,Total Non-Performing Loans,,2020-Q1,rbnz-dashboard
CCB,NPL Ratio,,2020-Q1,rbnz-dashboard
CCB,Return on Assets,0.7,2020-Q1,rbnz-dashboard
CCB,Return on Equity,5.8,2020-Q1,rbnz-dashboard
CCB,NIM,1.6,2020-Q1,rbnz-dashboard
CCB,Net Interest Income,6.9,2020-Q1,rbnz-dashboard
CCB,Trading and Hedging Gains,1.1,2020-Q1,rbnz-dashboard
CCB,Fees and Commission Income,0.6,2020-Q1,rbnz-dashboard
CCB,Other Income,0.1,2020-Q1,rbnz-dashboard
CCB,Operating Expenses,2.5,2020-Q1,rbnz-dashboard
CCB,Profit After Tax,3.3,2020-Q1,rbnz-dashboard
CCB,Total Assets,1872.3,2020-Q1,rbnz-dashboard
CCB,Cash Position,208.8,2020-Q1,rbnz-dashboard
CCB,Net Loans and Advances,1532.4,2020-Q1,rbnz-dashboard
CCB,Deposits,317.7,2020-Q1,rbnz-dashboard
CCB,Equity,231.3,2020-Q1,rbnz-dashboard
CCB,Core Funding Ratio (CFR),86,2020-Q1,rbnz-dashboard
CCB Group,Total Capital Ratio,,2020-Q1,rbnz-dashboard
CCB Group,CET1 Ratio,,2020-Q1,rbnz-dashboard
CCB Group,Tier 1 Capital Ratio,,2020-Q1,rbnz-dashboard
CCB Group,Total Non-Performing Loans,,2020-Q1,rbnz-dashboard
CCB Group,NPL Ratio,,2020-Q1,rbnz-dashboard
CCB Group,Return on Assets,0.7,2020-Q1,rbnz-dashboard
CCB Group,Return on Equity,8.6,2020-Q1,rbnz-dashboard
CCB Group,NIM,1.3,2020-Q1,rbnz-dashboard
CCB Group,Net Interest Income,9.9,2020-Q1,rbnz-dashboard
CCB Group,Trading and Hedging Gains,1.6,2020-Q1,rbnz-dashboard
CCB Group,Fees and Commission Income,1.5,2020-Q1,rbnz-dashboard
CCB Group,Other Income,0,2020-Q1,rbnz-dashboard
CCB Group,Operating Expenses,4,2020-Q1,rbnz-dashboard
CCB Group,Profit After Tax,5.1,2020-Q1,rbnz-dashboard
CCB Group,Total Assets,3370.2,2020-Q1,rbnz-dashboard
CCB Group,Cash Position,390.5,2020-Q1,rbnz-dashboard
CCB Group,Net Loans and Advances,2801.4,2020-Q1,rbnz-dashboard
CCB Group,Deposits,349.8,2020-Q1,rbnz-dashboard
CCB Group,Equity,239.7,2020-Q1,rbnz-dashboard
CCB Group,Core Funding Ratio (CFR),,2020-Q1,rbnz-dashboard
Co-op,Total Capital Ratio,16.3,2020-Q1,rbnz-dashboard
Co-op,CET1 Ratio,14,2020-Q1,rbnz-dashboard
Co-op,Tier 1 Capital Ratio,14,2020-Q1,rbnz-dashboard
Co-op,Total Non-Performing Loans,12.4,2020-Q1,rbnz-dashboard
Co-op,NPL Ratio,0.5,2020-Q1,rbnz-dashboard
Co-op,Return on Assets,-0.2,2020-Q1,rbnz-dashboard
Co-op,Return on Equity,-2.6,2020-Q1,rbnz-dashboard
Co-op,NIM,2.2,2020-Q1,rbnz-dashboard
Co-op,Net Interest Income,15.7,2020-Q1,rbnz-dashboard
Co-op,Trading and Hedging Gains,0.6,2020-Q1,rbnz-dashboard
Co-op,Fees and Commission Income,1.7,2020-Q1,rbnz-dashboard
Co-op,Other Income,1.4,2020-Q1,rbnz-dashboard
Co-op,Operating Expenses,14.7,2020-Q1,rbnz-dashboard
Co-op,Profit After Tax,-1.3,2020-Q1,rbnz-dashboard
Co-op,Total Assets,2979.6,2020-Q1,rbnz-dashboard
Co-op,Cash Position,42.4,2020-Q1,rbnz-dashboard
Co-op,Net Loans and Advances,2558.7,2020-Q1,rbnz-dashboard
Co-op,Deposits,2404.7,2020-Q1,rbnz-dashboard
Co-op,Equity,202.4,2020-Q1,rbnz-dashboard
Co-op,Core Funding Ratio (CFR),104.4,2020-Q1,rbnz-dashboard
Heartland,Total Capital Ratio,12.9,2020-Q1,rbnz-dashboard
Heartland,CET1 Ratio,12.9,2020-Q1,rbnz-dashboard
Heartland,Tier 1 Capital Ratio,12.9,2020-Q1,rbnz-dashboard
Heartland,Total Non-Performing Loans,79.3,2020-Q1,rbnz-dashboard
Heartland,NPL Ratio,2.1,2020-Q1,rbnz-dashboard
Heartland,Return on Assets,1.6,2020-Q1,rbnz-dashboard
Heartland,Return on Equity,11.7,2020-Q1,rbnz-dashboard
Heartland,NIM,4.6,2020-Q1,rbnz-dashboard
Heartland,Net Interest Income,47.5,2020-Q1,rbnz-dashboard
Heartland,Trading and Hedging Gains,-0.2,2020-Q1,rbnz-dashboard
Heartland,Fees and Commission Income,1.4,2020-Q1,rbnz-dashboard
Heartland,Other Income,2.2,2020-Q1,rbnz-dashboard
Heartland,Operating Expenses,20.8,2020-Q1,rbnz-dashboard
Heartland,Profit After Tax,16.8,2020-Q1,rbnz-dashboard
Heartland,Total Assets,4315.3,2020-Q1,rbnz-dashboard
Heartland,Cash Position,129.7,2020-Q1,rbnz-dashboard
Heartland,Net Loans and Advances,3735,2020-Q1,rbnz-dashboard
Heartland,Deposits,3168.7,2020-Q1,rbnz-dashboard
Heartland,Equity,586.5,2020-Q1,rbnz-dashboard
Heartland,Core Funding Ratio (CFR),92.7,2020-Q1,rbnz-dashboard
ICBC,Total Capital Ratio,16.3,2020-Q1,rbnz-dashboard
ICBC,CET1 Ratio,14,2020-Q1,rbnz-dashboard
ICBC,Tier 1 Capital Ratio,14,2020-Q1,rbnz-dashboard
ICBC,Total Non-Performing Loans,9.3,2020-Q1,rbnz-dashboard
ICBC,NPL Ratio,0.6,2020-Q1,rbnz-dashboard
ICBC,Return on Assets,1.1,2020-Q1,rbnz-dashboard
ICBC,Return on Equity,9.7,2020-Q1,rbnz-dashboard
ICBC,NIM,1.4,2020-Q1,rbnz-dashboard
ICBC,Net Interest Income,7.9,2020-Q1,rbnz-dashboard
ICBC,Trading and Hedging Gains,4.9,2020-Q1,rbnz-dashboard
ICBC,Fees and Commission Income,0.3,2020-Q1,rbnz-dashboard
ICBC,Other Income,0,2020-Q1,rbnz-dashboard
ICBC,Operating Expenses,4,2020-Q1,rbnz-dashboard
ICBC,Profit After Tax,6.2,2020-Q1,rbnz-dashboard
ICBC,Total Assets,2570.7,2020-Q1,rbnz-dashboard
ICBC,Cash Position,726.1,2020-Q1,rbnz-dashboard
ICBC,Net Loans and Advances,1620.7,2020-Q1,rbnz-dashboard
ICBC,Deposits,838.6,2020-Q1,rbnz-dashboard
ICBC,Equity,263.3,2020-Q1,rbnz-dashboard
ICBC,Core Funding Ratio (CFR),90,2020-Q1,rbnz-dashboard
Kiwibank,Total Capital Ratio,13,2020-Q1,rbnz-dashboard
Kiwibank,CET1 Ratio,11.8,2020-Q1,rbnz-dashboard
Kiwibank,Tier 1 Capital Ratio,13,2020-Q1,rbnz-dashboard
Kiwibank,Total Non-Performing Loans,20,2020-Q1,rbnz-dashboard
Kiwibank,NPL Ratio,0.1,2020-Q1,rbnz-dashboard
Kiwibank,Return on Assets,0.3,2020-Q1,rbnz-dashboard
Kiwibank,Return on Equity,4.4,2020-Q1,rbnz-dashboard
Kiwibank,NIM,2,2020-Q1,rbnz-dashboard
Kiwibank,Net Interest Income,116.7,2020-Q1,rbnz-dashboard
Kiwibank,Trading and Hedging Gains,6.1,2020-Q1,rbnz-dashboard
Kiwibank,Fees and Commission Income,32.3,2020-Q1,rbnz-dashboard
Kiwibank,Other Income,18.2,2020-Q1,rbnz-dashboard
Kiwibank,Operating Expenses,131.3,2020-Q1,rbnz-dashboard
Kiwibank,Profit After Tax,17.3,2020-Q1,rbnz-dashboard
Kiwibank,Total Assets,25249,2020-Q1,rbnz-dashboard
Kiwibank,Cash Position,996.5,2020-Q1,rbnz-dashboard
Kiwibank,Net Loans and Advances,21996.5,2020-Q1,rbnz-dashboard
Kiwibank,Deposits,20144.4,2020-Q1,rbnz-dashboard
Kiwibank,Equity,1580,2020-Q1,rbnz-dashboard
Kiwibank,Core Funding Ratio (CFR),88.6,2020-Q1,rbnz-dashboard
Rabo Group,Total Capital Ratio,,2020-Q1,rbnz-dashboard
Rabo Group,CET1 Ratio,,2020-Q1,rbnz-dashboard
Rabo Group,Tier 1 Capital Ratio,,2020-Q1,rbnz-dashboard
Rabo Group,Total Non-Performing Loans,495.5,2020-Q1,rbnz-dashboard
Rabo Group,NPL Ratio,3.5,2020-Q1,rbnz-dashboard
Rabo Group,Return on Assets,0.2,2020-Q1,rbnz-dashboard
Rabo Group,Return on Equity,1.6,2020-Q1,rbnz-dashboard
Rabo Group,NIM,2.1,2020-Q1,rbnz-dashboard
Rabo Group,Net Interest Income,92.1,2020-Q1,rbnz-dashboard
Rabo Group,Trading and Hedging Gains,-20.9,2020-Q1,rbnz-dashboard
Rabo Group,Fees and Commission Income,0.5,2020-Q1,rbnz-dashboard
Rabo Group,Other Income,4.5,2020-Q1,rbnz-dashboard
Rabo Group,Operating Expenses,39.4,2020-Q1,rbnz-dashboard
Rabo Group,Profit After Tax,7.9,2020-Q1,rbnz-dashboard
Rabo Group,Total Assets,18531.4,2020-Q1,rbnz-dashboard
Rabo Group,Cash Position,3379.7,2020-Q1,rbnz-dashboard
Rabo Group,Net Loans and Advances,14002.3,2020-Q1,rbnz-dashboard
Rabo Group,Deposits,5679.5,2020-Q1,rbnz-dashboard
Rabo Group,Equity,2029,2020-Q1,rbnz-dashboard
Rabo Group,Core Funding Ratio (CFR),,2020-Q1,rbnz-dashboard
Rabobank,Total Capital Ratio,13.2,2020-Q1,rbnz-dashboard
Rabobank,CET1 Ratio,13.2,2020-Q1,rbnz-dashboard
Rabobank,Tier 1 Capital Ratio,13.2,2020-Q1,rbnz-dashboard
Rabobank,Total Non-Performing Loans,373.4,2020-Q1,rbnz-dashboard
Rabobank,NPL Ratio,3.3,2020-Q1,rbnz-dashboard
Rabobank,Return on Assets,0.6,2020-Q1,rbnz-dashboard
Rabobank,Return on Equity,4.2,2020-Q1,rbnz-dashboard
Rabobank,NIM,2.2,2020-Q1,rbnz-dashboard
Rabobank,Net Interest Income,69,2020-Q1,rbnz-dashboard
Rabobank,Trading and Hedging Gains,0.2,2020-Q1,rbnz-dashboard
Rabobank,Fees and Commission Income,0.3,2020-Q1,rbnz-dashboard
Rabobank,Other Income,0,2020-Q1,rbnz-dashboard
Rabobank,Operating Expenses,30.7,2020-Q1,rbnz-dashboard
Rabobank,Profit After Tax,17.7,2020-Q1,rbnz-dashboard
Rabobank,Total Assets,12831.9,2020-Q1,rbnz-dashboard
Rabobank,Cash Position,867,2020-Q1,rbnz-dashboard
Rabobank,Net Loans and Advances,11209.1,2020-Q1,rbnz-dashboard
Rabobank,Deposits,4839.1,2020-Q1,rbnz-dashboard
Rabobank,Equity,1687.4,2020-Q1,rbnz-dashboard
Rabobank,Core Funding Ratio (CFR),83.1,2020-Q1,rbnz-dashboard
SBS,Total Capital Ratio,13.8,2020-Q1,rbnz-dashboard
SBS,CET1 Ratio,11.1,2020-Q1,rbnz-dashboard
SBS,Tier 1 Capital Ratio,11.1,2020-Q1,rbnz-dashboard
SBS,Total Non-Performing Loans,13.2,2020-Q1,rbnz-dashboard
SBS,NPL Ratio,0.3,2020-Q1,rbnz-dashboard
SBS,Return on Assets,-0.3,2020-Q1,rbnz-dashboard
SBS,Return on Equity,-4.3,2020-Q1,rbnz-dashboard
SBS,NIM,2.5,2020-Q1,rbnz-dashboard
SBS,Net Interest Income,30,2020-Q1,rbnz-dashboard
SBS,Trading and Hedging Gains,-0.3,2020-Q1,rbnz-dashboard
SBS,Fees and Commission Income,6.2,2020-Q1,rbnz-dashboard
SBS,Other Income,2.8,2020-Q1,rbnz-dashboard
SBS,Operating Expenses,21.7,2020-Q1,rbnz-dashboard
SBS,Profit After Tax,-3.7,2020-Q1,rbnz-dashboard
SBS,Total Assets,4941.5,2020-Q1,rbnz-dashboard
SBS,Cash Position,142.9,2020-Q1,rbnz-dashboard
SBS,Net Loans and Advances,4138.4,2020-Q1,rbnz-dashboard
SBS,Deposits,3513,2020-Q1,rbnz-dashboard
SBS,Equity,331.3,2020-Q1,rbnz-dashboard
SBS,Core Funding Ratio (CFR),96.8,2020-Q1,rbnz-dashboard
TSB,Total Capital Ratio,14.3,2020-Q1,rbnz-dashboard
TSB,CET1 Ratio,14.3,2020-Q1,rbnz-dashboard
TSB,Tier 1 Capital Ratio,14.3,2020-Q1,rbnz-dashboard
TSB,Total Non-Performing Loans,19.3,2020-Q1,rbnz-dashboard
TSB,NPL Ratio,0.3,2020-Q1,rbnz-dashboard
TSB,Return on Assets,-0.4,2020-Q1,rbnz-dashboard
TSB,Return on Equity,-4.5,2020-Q1,rbnz-dashboard
TSB,NIM,1.8,2020-Q1,rbnz-dashboard
TSB,Net Interest Income,36.4,2020-Q1,rbnz-dashboard
TSB,Trading and Hedging Gains,-0.2,2020-Q1,rbnz-dashboard
TSB,Fees and Commission Income,3.7,2020-Q1,rbnz-dashboard
TSB,Other Income,1.5,2020-Q1,rbnz-dashboard
TSB,Operating Expenses,33.4,2020-Q1,rbnz-dashboard
TSB,Profit After Tax,-7.7,2020-Q1,rbnz-dashboard
TSB,Total Assets,8179.3,2020-Q1,rbnz-dashboard
TSB,Cash Position,232.6,2020-Q1,rbnz-dashboard
TSB,Net Loans and Advances,6126.6,2020-Q1,rbnz-dashboard
TSB,Deposits,7340.7,2020-Q1,rbnz-dashboard
TSB,Equity,680,2020-Q1,rbnz-dashboard
TSB,Core Funding Ratio (CFR),117.2,2020-Q1,rbnz-dashboard
WBC Group,Total Capital Ratio,,2020-Q1,rbnz-dashboard
WBC Group,CET1 Ratio,,2020-Q1,rbnz-dashboard
WBC Group,Tier 1 Capital Ratio,,2020-Q1,rbnz-dashboard
WBC Group,Total Non-Performing Loans,331.5,2020-Q1,rbnz-dashboard
WBC Group,NPL Ratio,0.4,2020-Q1,rbnz-dashboard
WBC Group,Return on Assets,0.5,2020-Q1,rbnz-dashboard
WBC Group,Return on Equity,6,2020-Q1,rbnz-dashboard
WBC Group,NIM,1.9,2020-Q1,rbnz-dashboard
WBC Group,Net Interest Income,488.2,2020-Q1,rbnz-dashboard
WBC Group,Trading and Hedging Gains,82.8,2020-Q1,rbnz-dashboard
WBC Group,Fees and Commission Income,84.9,2020-Q1,rbnz-dashboard
WBC Group,Other Income,0.7,2020-Q1,rbnz-dashboard
WBC Group,Operating Expenses,280.3,2020-Q1,rbnz-dashboard
WBC Group,Profit After Tax,131.8,2020-Q1,rbnz-dashboard
WBC Group,Total Assets,120525.4,2020-Q1,rbnz-dashboard
WBC Group,Cash Position,9980.6,2020-Q1,rbnz-dashboard
WBC Group,Net Loans and Advances,87425.2,2020-Q1,rbnz-dashboard
WBC Group,Deposits,71252.3,2020-Q1,rbnz-dashboard
WBC Group,Equity,8691.1,2020-Q1,rbnz-dashboard
WBC Group,Core Funding Ratio (CFR),,2020-Q1,rbnz-dashboard
Westpac,Total Capital Ratio,15.9,2020-Q1,rbnz-dashboard
Westpac,CET1 Ratio,11.4,2020-Q1,rbnz-dashboard
Westpac,Tier 1 Capital Ratio,14.1,2020-Q1,rbnz-dashboard
Westpac,Total Non-Performing Loans,331.5,2020-Q1,rbnz-dashboard
Westpac,NPL Ratio,0.4,2020-Q1,rbnz-dashboard
Westpac,Return on Assets,0.3,2020-Q1,rbnz-dashboard
Westpac,Return on Equity,3.4,2020-Q1,rbnz-dashboard
Westpac,NIM,2,2020-Q1,rbnz-dashboard
Westpac,Net Interest Income,478.6,2020-Q1,rbnz-dashboard
Westpac,Trading and Hedging Gains,18.1,2020-Q1,rbnz-dashboard
Westpac,Fees and Commission Income,51.8,2020-Q1,rbnz-dashboard
Westpac,Other Income,0.9,2020-Q1,rbnz-dashboard
Westpac,Operating Expenses,268.2,2020-Q1,rbnz-dashboard
Westpac,Profit After Tax,64.1,2020-Q1,rbnz-dashboard
Westpac,Total Assets,106577.5,2020-Q1,rbnz-dashboard
Westpac,Cash Position,6830.7,2020-Q1,rbnz-dashboard
Westpac,Net Loans and Advances,87005.2,2020-Q1,rbnz-dashboard
Westpac,Deposits,69203,2020-Q1,rbnz-dashboard
Westpac,Equity,7390.5,2020-Q1,rbnz-dashboard
Westpac,Core Funding Ratio (CFR),82.2,2020-Q1,rbnz-dashboard
ANZ,Total Capital Ratio,14,2020-Q2,rbnz-dashboard
ANZ,CET1 Ratio,11.3,2020-Q2,rbnz-dashboard
ANZ,Tier 1 Capital Ratio,14,2020-Q2,rbnz-dashboard
ANZ,Total Non-Performing Loans,850.1,2020-Q2,rbnz-dashboard
ANZ,NPL Ratio,0.6,2020-Q2,rbnz-dashboard
ANZ,Return on Assets,0.8,2020-Q2,rbnz-dashboard
ANZ,Return on Equity,9.2,2020-Q2,rbnz-dashboard
ANZ,NIM,1.9,2020-Q2,rbnz-dashboard
ANZ,Net Interest Income,803.2,2020-Q2,rbnz-dashboard
ANZ,Trading and Hedging Gains,41.4,2020-Q2,rbnz-dashboard
ANZ,Fees and Commission Income,130.1,2020-Q2,rbnz-dashboard
ANZ,Other Income,4.7,2020-Q2,rbnz-dashboard
ANZ,Operating Expenses,415.7,2020-Q2,rbnz-dashboard
ANZ,Profit After Tax,351.9,2020-Q2,rbnz-dashboard
ANZ,Total Assets,181314.4,2020-Q2,rbnz-dashboard
ANZ,Cash Position,9993.9,2020-Q2,rbnz-dashboard
ANZ,Net Loans and Advances,135308,2020-Q2,rbnz-dashboard
ANZ,Deposits,115838.3,2020-Q2,rbnz-dashboard
ANZ,Equity,15538.9,2020-Q2,rbnz-dashboard
ANZ,Core Funding Ratio (CFR),89.6,2020-Q2,rbnz-dashboard
ANZ Group,Total Capital Ratio,,2020-Q2,rbnz-dashboard
ANZ Group,CET1 Ratio,,2020-Q2,rbnz-dashboard
ANZ Group,Tier 1 Capital Ratio,,2020-Q2,rbnz-dashboard
ANZ Group,Total Non-Performing Loans,853.1,2020-Q2,rbnz-dashboard
ANZ Group,NPL Ratio,0.6,2020-Q2,rbnz-dashboard
ANZ Group,Return on Assets,0.7,2020-Q2,rbnz-dashboard
ANZ Group,Return on Equity,9.7,2020-Q2,rbnz-dashboard
ANZ Group,NIM,1.9,2020-Q2,rbnz-dashboard
ANZ Group,Net Interest Income,795.2,2020-Q2,rbnz-dashboard
ANZ Group,Trading and Hedging Gains,16.1,2020-Q2,rbnz-dashboard
ANZ Group,Fees and Commission Income,130.1,2020-Q2,rbnz-dashboard
ANZ Group,Other Income,4.5,2020-Q2,rbnz-dashboard
ANZ Group,Operating Expenses,415.9,2020-Q2,rbnz-dashboard
ANZ Group,Profit After Tax,327.4,2020-Q2,rbnz-dashboard
ANZ Group,Total Assets,181688,2020-Q2,rbnz-dashboard
ANZ Group,Cash Position,10034.5,2020-Q2,rbnz-dashboard
ANZ Group,Net Loans and Advances,135599.4,2020-Q2,rbnz-dashboard
ANZ Group,Deposits,115838.3,2020-Q2,rbnz-dashboard
ANZ Group,Equity,13693.1,2020-Q2,rbnz-dashboard
ANZ Group,Core Funding Ratio (CFR),,2020-Q2,rbnz-dashboard
ASB,Total Capital Ratio,14,2020-Q2,rbnz-dashboard
ASB,CET1 Ratio,11.5,2020-Q2,rbnz-dashboard
ASB,Tier 1 Capital Ratio,13.3,2020-Q2,rbnz-dashboard
ASB,Total Non-Performing Loans,664.8,2020-Q2,rbnz-dashboard
ASB,NPL Ratio,0.7,2020-Q2,rbnz-dashboard
ASB,Return on Assets,0.6,2020-Q2,rbnz-dashboard
ASB,Return on Equity,7.7,2020-Q2,rbnz-dashboard
ASB,NIM,2,2020-Q2,rbnz-dashboard
ASB,Net Interest Income,517.5,2020-Q2,rbnz-dashboard
ASB,Trading and Hedging Gains,18.1,2020-Q2,rbnz-dashboard
ASB,Fees and Commission Income,115.5,2020-Q2,rbnz-dashboard
ASB,Other Income,-0.6,2020-Q2,rbnz-dashboard
ASB,Operating Expenses,313.1,2020-Q2,rbnz-dashboard
ASB,Profit After Tax,149.8,2020-Q2,rbnz-dashboard
ASB,Total Assets,105211.8,2020-Q2,rbnz-dashboard
ASB,Cash Position,3903.8,2020-Q2,rbnz-dashboard
ASB,Net Loans and Advances,90183.7,2020-Q2,rbnz-dashboard
ASB,Deposits,70365.5,2020-Q2,rbnz-dashboard
ASB,Equity,7883.6,2020-Q2,rbnz-dashboard
ASB,Core Funding Ratio (CFR),89.1,2020-Q2,rbnz-dashboard
BNZ,Total Capital Ratio,14.6,2020-Q2,rbnz-dashboard
BNZ,CET1 Ratio,11.6,2020-Q2,rbnz-dashboard
BNZ,Tier 1 Capital Ratio,12.9,2020-Q2,rbnz-dashboard
BNZ,Total Non-Performing Loans,957.6,2020-Q2,rbnz-dashboard
BNZ,NPL Ratio,1.1,2020-Q2,rbnz-dashboard
BNZ,Return on Assets,0.6,2020-Q2,rbnz-dashboard
BNZ,Return on Equity,8.8,2020-Q2,rbnz-dashboard
BNZ,NIM,2,2020-Q2,rbnz-dashboard
BNZ,Net Interest Income,511.2,2020-Q2,rbnz-dashboard
BNZ,Trading and Hedging Gains,29.3,2020-Q2,rbnz-dashboard
BNZ,Fees and Commission Income,86.4,2020-Q2,rbnz-dashboard
BNZ,Other Income,0,2020-Q2,rbnz-dashboard
BNZ,Operating Expenses,263.1,2020-Q2,rbnz-dashboard
BNZ,Profit After Tax,187.2,2020-Q2,rbnz-dashboard
BNZ,Total Assets,114452,2020-Q2,rbnz-dashboard
BNZ,Cash Position,6360.6,2020-Q2,rbnz-dashboard
BNZ,Net Loans and Advances,87976.2,2020-Q2,rbnz-dashboard
BNZ,Deposits,69599.8,2020-Q2,rbnz-dashboard
BNZ,Equity,8505,2020-Q2,rbnz-dashboard
BNZ,Core Funding Ratio (CFR),88.8,2020-Q2,rbnz-dashboard
BOB,Total Capital Ratio,63.1,2020-Q2,rbnz-dashboard
BOB,CET1 Ratio,63.1,2020-Q2,rbnz-dashboard
BOB,Tier 1 Capital Ratio,63.1,2020-Q2,rbnz-dashboard
BOB,Total Non-Performing Loans,,2020-Q2,rbnz-dashboard
BOB,NPL Ratio,,2020-Q2,rbnz-dashboard
BOB,Return on Assets,0.7,2020-Q2,rbnz-dashboard
BOB,Return on Equity,2,2020-Q2,rbnz-dashboard
BOB,NIM,2.7,2020-Q2,rbnz-dashboard
BOB,Net Interest Income,0.8,2020-Q2,rbnz-dashboard
BOB,Trading and Hedging Gains,0.2,2020-Q2,rbnz-dashboard
BOB,Fees and Commission Income,0,2020-Q2,rbnz-dashboard
BOB,Other Income,0,2020-Q2,rbnz-dashboard
BOB,Operating Expenses,0.7,2020-Q2,rbnz-dashboard
BOB,Profit After Tax,0.2,2020-Q2,rbnz-dashboard
BOB,Total Assets,134.2,2020-Q2,rbnz-dashboard
BOB,Cash Position,28,2020-Q2,rbnz-dashboard
BOB,Net Loans and Advances,103.3,2020-Q2,rbnz-dashboard
BOB,Deposits,82.2,2020-Q2,rbnz-dashboard
BOB,Equity,49.1,2020-Q2,rbnz-dashboard
BOB,Core Funding Ratio (CFR),121.8,2020-Q2,rbnz-dashboard
BOC,Total Capital Ratio,15.9,2020-Q2,rbnz-dashboard
BOC,CET1 Ratio,15.9,2020-Q2,rbnz-dashboard
BOC,Tier 1 Capital Ratio,15.9,2020-Q2,rbnz-dashboard
BOC,Total Non-Performing Loans,8.3,2020-Q2,rbnz-dashboard
BOC,NPL Ratio,0.4,2020-Q2,rbnz-dashboard
BOC,Return on Assets,0.9,2020-Q2,rbnz-dashboard
BOC,Return on Equity,8.3,2020-Q2,rbnz-dashboard
BOC,NIM,1.3,2020-Q2,rbnz-dashboard
BOC,Net Interest Income,7.7,2020-Q2,rbnz-dashboard
BOC,Trading and Hedging Gains,0.2,2020-Q2,rbnz-dashboard
BOC,Fees and Commission Income,2.8,2020-Q2,rbnz-dashboard
BOC,Other Income,0,2020-Q2,rbnz-dashboard
BOC,Operating Expenses,4.6,2020-Q2,rbnz-dashboard
BOC,Profit After Tax,5.3,2020-Q2,rbnz-dashboard
BOC,Total Assets,2618.2,2020-Q2,rbnz-dashboard
BOC,Cash Position,517.5,2020-Q2,rbnz-dashboard
BOC,Net Loans and Advances,1906.4,2020-Q2,rbnz-dashboard
BOC,Deposits,972.3,2020-Q2,rbnz-dashboard
BOC,Equity,262.4,2020-Q2,rbnz-dashboard
BOC,Core Funding Ratio (CFR),86.8,2020-Q2,rbnz-dashboard
BOC Group,Total Capital Ratio,,2020-Q2,rbnz-dashboard
BOC Group,CET1 Ratio,,2020-Q2,rbnz-dashboard
BOC Group,Tier 1 Capital Ratio,,2020-Q2,rbnz-dashboard
BOC Group,Total Non-Performing Loans,8.3,2020-Q2,rbnz-dashboard
BOC Group,NPL Ratio,0.2,2020-Q2,rbnz-dashboard
BOC Group,Return on Assets,0.4,2020-Q2,rbnz-dashboard
BOC Group,Return on Equity,5.8,2020-Q2,rbnz-dashboard
BOC Group,NIM,0.9,2020-Q2,rbnz-dashboard
BOC Group,Net Interest Income,10,2020-Q2,rbnz-dashboard
BOC Group,Trading and Hedging Gains,-2.1,2020-Q2,rbnz-dashboard
BOC Group,Fees and Commission Income,1.4,2020-Q2,rbnz-dashboard
BOC Group,Other Income,0,2020-Q2,rbnz-dashboard
BOC Group,Operating Expenses,4.6,2020-Q2,rbnz-dashboard
BOC Group,Profit After Tax,3.8,2020-Q2,rbnz-dashboard
BOC Group,Total Assets,4187.5,2020-Q2,rbnz-dashboard
BOC Group,Cash Position,554.5,2020-Q2,rbnz-dashboard
BOC Group,Net Loans and Advances,3426.4,2020-Q2,rbnz-dashboard
BOC Group,Deposits,1354.2,2020-Q2,rbnz-dashboard
BOC Group,Equity,264.1,2020-Q2,rbnz-dashboard
BOC Group,Core Funding Ratio (CFR),,2020-Q2,rbnz-dashboard
BOI,Total Capital Ratio,81.1,2020-Q2,rbnz-dashboard
BOI,CET1 Ratio,81.1,2020-Q2,rbnz-dashboard
BOI,Tier 1 Capital Ratio,81.1,2020-Q2,rbnz-dashboard
BOI,Total Non-Performing Loans,0,2020-Q2,rbnz-dashboard
BOI,NPL Ratio,0,2020-Q2,rbnz-dashboard
BOI,Return on Assets,1.7,2020-Q2,rbnz-dashboard
BOI,Return on Equity,2.6,2020-Q2,rbnz-dashboard
BOI,NIM,3.8,2020-Q2,rbnz-dashboard
BOI,Net Interest Income,0.8,2020-Q2,rbnz-dashboard
BOI,Trading and Hedging Gains,0.1,2020-Q2,rbnz-dashboard
BOI,Fees and Commission Income,0,2020-Q2,rbnz-dashboard
BOI,Other Income,0,2020-Q2,rbnz-dashboard
BOI,Operating Expenses,0.5,2020-Q2,rbnz-dashboard
BOI,Profit After Tax,0.4,2020-Q2,rbnz-dashboard
BOI,Total Assets,85.2,2020-Q2,rbnz-dashboard
BOI,Cash Position,25.5,2020-Q2,rbnz-dashboard
BOI,Net Loans and Advances,58.4,2020-Q2,rbnz-dashboard
BOI,Deposits,28.8,2020-Q2,rbnz-dashboard
BOI,Equity,55.7,2020-Q2,rbnz-dashboard
BOI,Core Funding Ratio (CFR),116,2020-Q2,rbnz-dashboard
CBA Group,Total Capital Ratio,,2020-Q2,rbnz-dashboard
CBA Group,CET1 Ratio,,2020-Q2,rbnz-dashboard
CBA Group,Tier 1 Capital Ratio,,2020-Q2,rbnz-dashboard
CBA Group,Total Non-Performing Loans,664.8,2020-Q2,rbnz-dashboard
CBA Group,NPL Ratio,0.7,2020-Q2,rbnz-dashboard
CBA Group,Return on Assets,0.5,2020-Q2,rbnz-dashboard
CBA Group,Return on Equity,6.6,2020-Q2,rbnz-dashboard
CBA Group,NIM,1.8,2020-Q2,rbnz-dashboard
CBA Group,Net Interest Income,494,2020-Q2,rbnz-dashboard
CBA Group,Trading and Hedging Gains,24.7,2020-Q2,rbnz-dashboard
CBA Group,Fees and Commission Income,121,2020-Q2,rbnz-dashboard
CBA Group,Other Income,0.8,2020-Q2,rbnz-dashboard
CBA Group,Operating Expenses,316.8,2020-Q2,rbnz-dashboard
CBA Group,Profit After Tax,130.3,2020-Q2,rbnz-dashboard
CBA Group,Total Assets,113463.9,2020-Q2,rbnz-dashboard
CBA Group,Cash Position,3906.6,2020-Q2,rbnz-dashboard
CBA Group,Net Loans and Advances,93266.1,2020-Q2,rbnz-dashboard
CBA Group,Deposits,70348.2,2020-Q2,rbnz-dashboard
CBA Group,Equity,7989.3,2020-Q2,rbnz-dashboard
CBA Group,Core Funding Ratio (CFR),,2020-Q2,rbnz-dashboard
CCB,Total Capital Ratio,15.8,2020-Q2,rbnz-dashboard
CCB,CET1 Ratio,15.2,2020-Q2,rbnz-dashboard
CCB,Tier 1 Capital Ratio,15.2,2020-Q2,rbnz-dashboard
CCB,Total Non-Performing Loans,,2020-Q2,rbnz-dashboard
CCB,NPL Ratio,,2020-Q2,rbnz-dashboard
CCB,Return on Assets,0.3,2020-Q2,rbnz-dashboard
CCB,Return on Equity,2.4,2020-Q2,rbnz-dashboard
CCB,NIM,1.6,2020-Q2,rbnz-dashboard
CCB,Net Interest Income,7.4,2020-Q2,rbnz-dashboard
CCB,Trading and Hedging Gains,-0.6,2020-Q2,rbnz-dashboard
CCB,Fees and Commission Income,0.6,2020-Q2,rbnz-dashboard
CCB,Other Income,0.1,2020-Q2,rbnz-dashboard
CCB,Operating Expenses,3,2020-Q2,rbnz-dashboard
CCB,Profit After Tax,1.4,2020-Q2,rbnz-dashboard
CCB,Total Assets,1919,2020-Q2,rbnz-dashboard
CCB,Cash Position,245.9,2020-Q2,rbnz-dashboard
CCB,Net Loans and Advances,1586.3,2020-Q2,rbnz-dashboard
CCB,Deposits,244.1,2020-Q2,rbnz-dashboard
CCB,Equity,232.9,2020-Q2,rbnz-dashboard
CCB,Core Funding Ratio (CFR),78.7,2020-Q2,rbnz-dashboard
CCB Group,Total Capital Ratio,,2020-Q2,rbnz-dashboard
CCB Group,CET1 Ratio,,2020-Q2,rbnz-dashboard
CCB Group,Tier 1 Capital Ratio,,2020-Q2,rbnz-dashboard
CCB Group,Total Non-Performing Loans,,2020-Q2,rbnz-dashboard
CCB Group,NPL Ratio,,2020-Q2,rbnz-dashboard
CCB Group,Return on Assets,0.2,2020-Q2,rbnz-dashboard
CCB Group,Return on Equity,2.6,2020-Q2,rbnz-dashboard
CCB Group,NIM,1.3,2020-Q2,rbnz-dashboard
CCB Group,Net Interest Income,10.5,2020-Q2,rbnz-dashboard
CCB Group,Trading and Hedging Gains,-1.9,2020-Q2,rbnz-dashboard
CCB Group,Fees and Commission Income,2.6,2020-Q2,rbnz-dashboard
CCB Group,Other Income,0,2020-Q2,rbnz-dashboard
CCB Group,Operating Expenses,4.9,2020-Q2,rbnz-dashboard
CCB Group,Profit After Tax,1.6,2020-Q2,rbnz-dashboard
CCB Group,Total Assets,3443.2,2020-Q2,rbnz-dashboard
CCB Group,Cash Position,327.5,2020-Q2,rbnz-dashboard
CCB Group,Net Loans and Advances,3016.5,2020-Q2,rbnz-dashboard
CCB Group,Deposits,299.9,2020-Q2,rbnz-dashboard
CCB Group,Equity,241.7,2020-Q2,rbnz-dashboard
CCB Group,Core Funding Ratio (CFR),,2020-Q2,rbnz-dashboard
Co-op,Total Capital Ratio,16.9,2020-Q2,rbnz-dashboard
Co-op,CET1 Ratio,14.6,2020-Q2,rbnz-dashboard
Co-op,Tier 1 Capital Ratio,14.6,2020-Q2,rbnz-dashboard
Co-op,Total Non-Performing Loans,13,2020-Q2,rbnz-dashboard
Co-op,NPL Ratio,0.5,2020-Q2,rbnz-dashboard
Co-op,Return on Assets,0.4,2020-Q2,rbnz-dashboard
Co-op,Return on Equity,6.4,2020-Q2,rbnz-dashboard
Co-op,NIM,2.2,2020-Q2,rbnz-dashboard
Co-op,Net Interest Income,15.8,2020-Q2,rbnz-dashboard
Co-op,Trading and Hedging Gains,0.3,2020-Q2,rbnz-dashboard
Co-op,Fees and Commission Income,2.7,2020-Q2,rbnz-dashboard
Co-op,Other Income,2,2020-Q2,rbnz-dashboard
Co-op,Operating Expenses,15.5,2020-Q2,rbnz-dashboard
Co-op,Profit After Tax,3.3,2020-Q2,rbnz-dashboard
Co-op,Total Assets,3007.7,2020-Q2,rbnz-dashboard
Co-op,Cash Position,31.1,2020-Q2,rbnz-dashboard
Co-op,Net Loans and Advances,2550.2,2020-Q2,rbnz-dashboard
Co-op,Deposits,2454.9,2020-Q2,rbnz-dashboard
Co-op,Equity,207.8,2020-Q2,rbnz-dashboard
Co-op,Core Funding Ratio (CFR),105.7,2020-Q2,rbnz-dashboard
Heartland,Total Capital Ratio,12.7,2020-Q2,rbnz-dashboard
Heartland,CET1 Ratio,12.7,2020-Q2,rbnz-dashboard
Heartland,Tier 1 Capital Ratio,12.7,2020-Q2,rbnz-dashboard
Heartland,Total Non-Performing Loans,83.9,2020-Q2,rbnz-dashboard
Heartland,NPL Ratio,2.3,2020-Q2,rbnz-dashboard
Heartland,Return on Assets,0.8,2020-Q2,rbnz-dashboard
Heartland,Return on Equity,6.1,2020-Q2,rbnz-dashboard
Heartland,NIM,4.6,2020-Q2,rbnz-dashboard
Heartland,Net Interest Income,48.5,2020-Q2,rbnz-dashboard
Heartland,Trading and Hedging Gains,-0.2,2020-Q2,rbnz-dashboard
Heartland,Fees and Commission Income,4.5,2020-Q2,rbnz-dashboard
Heartland,Other Income,-0.2,2020-Q2,rbnz-dashboard
Heartland,Operating Expenses,25.5,2020-Q2,rbnz-dashboard
Heartland,Profit After Tax,9,2020-Q2,rbnz-dashboard
Heartland,Total Assets,4314.6,2020-Q2,rbnz-dashboard
Heartland,Cash Position,112.8,2020-Q2,rbnz-dashboard
Heartland,Net Loans and Advances,3654.3,2020-Q2,rbnz-dashboard
Heartland,Deposits,3269.2,2020-Q2,rbnz-dashboard
Heartland,Equity,597,2020-Q2,rbnz-dashboard
Heartland,Core Funding Ratio (CFR),93.9,2020-Q2,rbnz-dashboard
ICBC,Total Capital Ratio,16,2020-Q2,rbnz-dashboard
ICBC,CET1 Ratio,13.8,2020-Q2,rbnz-dashboard
ICBC,Tier 1 Capital Ratio,13.8,2020-Q2,rbnz-dashboard
ICBC,Total Non-Performing Loans,8.9,2020-Q2,rbnz-dashboard
ICBC,NPL Ratio,0.5,2020-Q2,rbnz-dashboard
ICBC,Return on Assets,0.5,2020-Q2,rbnz-dashboard
ICBC,Return on Equity,4.6,2020-Q2,rbnz-dashboard
ICBC,NIM,1.2,2020-Q2,rbnz-dashboard
ICBC,Net Interest Income,7.3,2020-Q2,rbnz-dashboard
ICBC,Trading and Hedging Gains,0.5,2020-Q2,rbnz-dashboard
ICBC,Fees and Commission Income,0.3,2020-Q2,rbnz-dashboard
ICBC,Other Income,0,2020-Q2,rbnz-dashboard
ICBC,Operating Expenses,4.2,2020-Q2,rbnz-dashboard
ICBC,Profit After Tax,3,2020-Q2,rbnz-dashboard
ICBC,Total Assets,2460.1,2020-Q2,rbnz-dashboard
ICBC,Cash Position,548.6,2020-Q2,rbnz-dashboard
ICBC,Net Loans and Advances,1683.4,2020-Q2,rbnz-dashboard
ICBC,Deposits,990.3,2020-Q2,rbnz-dashboard
ICBC,Equity,266.3,2020-Q2,rbnz-dashboard
ICBC,Core Funding Ratio (CFR),101,2020-Q2,rbnz-dashboard
ICBC Group,Total Capital Ratio,,2020-Q2,rbnz-dashboard
ICBC Group,CET1 Ratio,,2020-Q2,rbnz-dashboard
ICBC Group,Tier 1 Capital Ratio,,2020-Q2,rbnz-dashboard
ICBC Group,Total Non-Performing Loans,8.9,2020-Q2,rbnz-dashboard
ICBC Group,NPL Ratio,0.5,2020-Q2,rbnz-dashboard
ICBC Group,Return on Assets,,2020-Q2,rbnz-dashboard
ICBC Group,Return on Equity,,2020-Q2,rbnz-dashboard
ICBC Group,NIM,,2020-Q2,rbnz-dashboard
ICBC Group,Net Interest Income,,2020-Q2,rbnz-dashboard
ICBC Group,Trading and Hedging Gains,,2020-Q2,rbnz-dashboard
ICBC Group,Fees and Commission Income,,2020-Q2,rbnz-dashboard
ICBC Group,Other Income,,2020-Q2,rbnz-dashboard
ICBC Group,Operating Expenses,,2020-Q2,rbnz-dashboard
ICBC Group,Profit After Tax,,2020-Q2,rbnz-dashboard
ICBC Group,Total Assets,2460.1,2020-Q2,rbnz-dashboard
ICBC Group,Cash Position,548.6,2020-Q2,rbnz-dashboard
ICBC Group,Net Loans and Advances,1683.4,2020-Q2,rbnz-dashboard
ICBC Group,Deposits,990.3,2020-Q2,rbnz-dashboard
ICBC Group,Equity,266.3,2020-Q2,rbnz-dashboard
ICBC Group,Core Funding Ratio (CFR),,2020-Q2,rbnz-dashboard
Kiwibank,Total Capital Ratio,12.6,2020-Q2,rbnz-dashboard
Kiwibank,CET1 Ratio,11.4,2020-Q2,rbnz-dashboard
Kiwibank,Tier 1 Capital Ratio,12.6,2020-Q2,rbnz-dashboard
Kiwibank,Total Non-Performing Loans,21.8,2020-Q2,rbnz-dashboard
Kiwibank,NPL Ratio,0.1,2020-Q2,rbnz-dashboard
Kiwibank,Return on Assets,-0.2,2020-Q2,rbnz-dashboard
Kiwibank,Return on Equity,-2.9,2020-Q2,rbnz-dashboard
Kiwibank,NIM,1.9,2020-Q2,rbnz-dashboard
Kiwibank,Net Interest Income,113.8,2020-Q2,rbnz-dashboard
Kiwibank,Trading and Hedging Gains,0.9,2020-Q2,rbnz-dashboard
Kiwibank,Fees and Commission Income,26.2,2020-Q2,rbnz-dashboard
Kiwibank,Other Income,6.8,2020-Q2,rbnz-dashboard
Kiwibank,Operating Expenses,134.4,2020-Q2,rbnz-dashboard
Kiwibank,Profit After Tax,-11.6,2020-Q2,rbnz-dashboard
Kiwibank,Total Assets,25509.7,2020-Q2,rbnz-dashboard
Kiwibank,Cash Position,596.8,2020-Q2,rbnz-dashboard
Kiwibank,Net Loans and Advances,22297.7,2020-Q2,rbnz-dashboard
Kiwibank,Deposits,20596.5,2020-Q2,rbnz-dashboard
Kiwibank,Equity,1570.8,2020-Q2,rbnz-dashboard
Kiwibank,Core Funding Ratio (CFR),91.4,2020-Q2,rbnz-dashboard
Rabo Group,Total Capital Ratio,,2020-Q2,rbnz-dashboard
Rabo Group,CET1 Ratio,,2020-Q2,rbnz-dashboard
Rabo Group,Tier 1 Capital Ratio,,2020-Q2,rbnz-dashboard
Rabo Group,Total Non-Performing Loans,498.5,2020-Q2,rbnz-dashboard
Rabo Group,NPL Ratio,3.5,2020-Q2,rbnz-dashboard
Rabo Group,Return on Assets,0.5,2020-Q2,rbnz-dashboard
Rabo Group,Return on Equity,4.2,2020-Q2,rbnz-dashboard
Rabo Group,NIM,1.9,2020-Q2,rbnz-dashboard
Rabo Group,Net Interest Income,87.1,2020-Q2,rbnz-dashboard
Rabo Group,Trading and Hedging Gains,-12.4,2020-Q2,rbnz-dashboard
Rabo Group,Fees and Commission Income,0.4,2020-Q2,rbnz-dashboard
Rabo Group,Other Income,4.6,2020-Q2,rbnz-dashboard
Rabo Group,Operating Expenses,41.6,2020-Q2,rbnz-dashboard
Rabo Group,Profit After Tax,21.5,2020-Q2,rbnz-dashboard
Rabo Group,Total Assets,17823.4,2020-Q2,rbnz-dashboard
Rabo Group,Cash Position,2542.7,2020-Q2,rbnz-dashboard
Rabo Group,Net Loans and Advances,14063.2,2020-Q2,rbnz-dashboard
Rabo Group,Deposits,6190.8,2020-Q2,rbnz-dashboard
Rabo Group,Equity,2050.9,2020-Q2,rbnz-dashboard
Rabo Group,Core Funding Ratio (CFR),,2020-Q2,rbnz-dashboard
Rabobank,Total Capital Ratio,13.3,2020-Q2,rbnz-dashboard
Rabobank,CET1 Ratio,13.3,2020-Q2,rbnz-dashboard
Rabobank,Tier 1 Capital Ratio,13.3,2020-Q2,rbnz-dashboard
Rabobank,Total Non-Performing Loans,365.4,2020-Q2,rbnz-dashboard
Rabobank,NPL Ratio,3.2,2020-Q2,rbnz-dashboard
Rabobank,Return on Assets,0.7,2020-Q2,rbnz-dashboard
Rabobank,Return on Equity,5.6,2020-Q2,rbnz-dashboard
Rabobank,NIM,2.1,2020-Q2,rbnz-dashboard
Rabobank,Net Interest Income,66.4,2020-Q2,rbnz-dashboard
Rabobank,Trading and Hedging Gains,0.5,2020-Q2,rbnz-dashboard
Rabobank,Fees and Commission Income,0.2,2020-Q2,rbnz-dashboard
Rabobank,Other Income,0,2020-Q2,rbnz-dashboard
Rabobank,Operating Expenses,32.8,2020-Q2,rbnz-dashboard
Rabobank,Profit After Tax,23.6,2020-Q2,rbnz-dashboard
Rabobank,Total Assets,12492.2,2020-Q2,rbnz-dashboard
Rabobank,Cash Position,265.4,2020-Q2,rbnz-dashboard
Rabobank,Net Loans and Advances,11288.3,2020-Q2,rbnz-dashboard
Rabobank,Deposits,5376.7,2020-Q2,rbnz-dashboard
Rabobank,Equity,1711.5,2020-Q2,rbnz-dashboard
Rabobank,Core Funding Ratio (CFR),82.3,2020-Q2,rbnz-dashboard
SBS,Total Capital Ratio,14.3,2020-Q2,rbnz-dashboard
SBS,CET1 Ratio,11.5,2020-Q2,rbnz-dashboard
SBS,Tier 1 Capital Ratio,11.5,2020-Q2,rbnz-dashboard
SBS,Total Non-Performing Loans,19.9,2020-Q2,rbnz-dashboard
SBS,NPL Ratio,0.5,2020-Q2,rbnz-dashboard
SBS,Return on Assets,0.6,2020-Q2,rbnz-dashboard
SBS,Return on Equity,9.2,2020-Q2,rbnz-dashboard
SBS,NIM,2.4,2020-Q2,rbnz-dashboard
SBS,Net Interest Income,28.5,2020-Q2,rbnz-dashboard
SBS,Trading and Hedging Gains,0.2,2020-Q2,rbnz-dashboard
SBS,Fees and Commission Income,5.8,2020-Q2,rbnz-dashboard
SBS,Other Income,2.3,2020-Q2,rbnz-dashboard
SBS,Operating Expenses,22,2020-Q2,rbnz-dashboard
SBS,Profit After Tax,7.7,2020-Q2,rbnz-dashboard
SBS,Total Assets,4836.2,2020-Q2,rbnz-dashboard
SBS,Cash Position,79.8,2020-Q2,rbnz-dashboard
SBS,Net Loans and Advances,4081.6,2020-Q2,rbnz-dashboard
SBS,Deposits,3548.4,2020-Q2,rbnz-dashboard
SBS,Equity,343.7,2020-Q2,rbnz-dashboard
SBS,Core Funding Ratio (CFR),96.2,2020-Q2,rbnz-dashboard
TSB,Total Capital Ratio,14.9,2020-Q2,rbnz-dashboard
TSB,CET1 Ratio,14.9,2020-Q2,rbnz-dashboard
TSB,Tier 1 Capital Ratio,14.9,2020-Q2,rbnz-dashboard
TSB,Total Non-Performing Loans,30.7,2020-Q2,rbnz-dashboard
TSB,NPL Ratio,0.5,2020-Q2,rbnz-dashboard
TSB,Return on Assets,0.4,2020-Q2,rbnz-dashboard
TSB,Return on Equity,5.3,2020-Q2,rbnz-dashboard
TSB,NIM,1.6,2020-Q2,rbnz-dashboard
TSB,Net Interest Income,32.9,2020-Q2,rbnz-dashboard
TSB,Trading and Hedging Gains,0.1,2020-Q2,rbnz-dashboard
TSB,Fees and Commission Income,3.3,2020-Q2,rbnz-dashboard
TSB,Other Income,1.1,2020-Q2,rbnz-dashboard
TSB,Operating Expenses,24.8,2020-Q2,rbnz-dashboard
TSB,Profit After Tax,9.1,2020-Q2,rbnz-dashboard
TSB,Total Assets,8332,2020-Q2,rbnz-dashboard
TSB,Cash Position,273,2020-Q2,rbnz-dashboard
TSB,Net Loans and Advances,6109.8,2020-Q2,rbnz-dashboard
TSB,Deposits,7521.4,2020-Q2,rbnz-dashboard
TSB,Equity,699.9,2020-Q2,rbnz-dashboard
TSB,Core Funding Ratio (CFR),120.1,2020-Q2,rbnz-dashboard
WBC Group,Total Capital Ratio,,2020-Q2,rbnz-dashboard
WBC Group,CET1 Ratio,,2020-Q2,rbnz-dashboard
WBC Group,Tier 1 Capital Ratio,,2020-Q2,rbnz-dashboard
WBC Group,Total Non-Performing Loans,474.4,2020-Q2,rbnz-dashboard
WBC Group,NPL Ratio,0.5,2020-Q2,rbnz-dashboard
WBC Group,Return on Assets,0.4,2020-Q2,rbnz-dashboard
WBC Group,Return on Equity,4.9,2020-Q2,rbnz-dashboard
WBC Group,NIM,1.7,2020-Q2,rbnz-dashboard
WBC Group,Net Interest Income,448.2,2020-Q2,rbnz-dashboard
WBC Group,Trading and Hedging Gains,14.4,2020-Q2,rbnz-dashboard
WBC Group,Fees and Commission Income,78.9,2020-Q2,rbnz-dashboard
WBC Group,Other Income,1.1,2020-Q2,rbnz-dashboard
WBC Group,Operating Expenses,275.6,2020-Q2,rbnz-dashboard
WBC Group,Profit After Tax,107.1,2020-Q2,rbnz-dashboard
WBC Group,Total Assets,114222.6,2020-Q2,rbnz-dashboard
WBC Group,Cash Position,7856.4,2020-Q2,rbnz-dashboard
WBC Group,Net Loans and Advances,87053.3,2020-Q2,rbnz-dashboard
WBC Group,Deposits,69767.2,2020-Q2,rbnz-dashboard
WBC Group,Equity,8796.8,2020-Q2,rbnz-dashboard
WBC Group,Core Funding Ratio (CFR),,2020-Q2,rbnz-dashboard
Westpac,Total Capital Ratio,16.6,2020-Q2,rbnz-dashboard
Westpac,CET1 Ratio,11.9,2020-Q2,rbnz-dashboard
Westpac,Tier 1 Capital Ratio,14.5,2020-Q2,rbnz-dashboard
Westpac,Total Non-Performing Loans,463.9,2020-Q2,rbnz-dashboard
Westpac,NPL Ratio,0.5,2020-Q2,rbnz-dashboard
Westpac,Return on Assets,0.3,2020-Q2,rbnz-dashboard
Westpac,Return on Equity,4.4,2020-Q2,rbnz-dashboard
Westpac,NIM,1.8,2020-Q2,rbnz-dashboard
Westpac,Net Interest Income,447,2020-Q2,rbnz-dashboard
Westpac,Trading and Hedging Gains,-9.7,2020-Q2,rbnz-dashboard
Westpac,Fees and Commission Income,56.3,2020-Q2,rbnz-dashboard
Westpac,Other Income,0.6,2020-Q2,rbnz-dashboard
Westpac,Operating Expenses,259.3,2020-Q2,rbnz-dashboard
Westpac,Profit After Tax,81.5,2020-Q2,rbnz-dashboard
Westpac,Total Assets,102986.6,2020-Q2,rbnz-dashboard
Westpac,Cash Position,5960.4,2020-Q2,rbnz-dashboard
Westpac,Net Loans and Advances,86652.3,2020-Q2,rbnz-dashboard
Westpac,Deposits,69013.3,2020-Q2,rbnz-dashboard
Westpac,Equity,7467,2020-Q2,rbnz-dashboard
Westpac,Core Funding Ratio (CFR),82.8,2020-Q2,rbnz-dashboard
ANZ,Total Capital Ratio,14.4,2020-Q3,rbnz-dashboard
ANZ,CET1 Ratio,11.7,2020-Q3,rbnz-dashboard
ANZ,Tier 1 Capital Ratio,14.4,2020-Q3,rbnz-dashboard
ANZ,Total Non-Performing Loans,883.9,2020-Q3,rbnz-dashboard
ANZ,NPL Ratio,0.7,2020-Q3,rbnz-dashboard
ANZ,Return on Assets,0.5,2020-Q3,rbnz-dashboard
ANZ,Return on Equity,6,2020-Q3,rbnz-dashboard
ANZ,NIM,1.9,2020-Q3,rbnz-dashboard
ANZ,Net Interest Income,793.1,2020-Q3,rbnz-dashboard
ANZ,Trading and Hedging Gains,32.2,2020-Q3,rbnz-dashboard
ANZ,Fees and Commission Income,143.3,2020-Q3,rbnz-dashboard
ANZ,Other Income,-27.1,2020-Q3,rbnz-dashboard
ANZ,Operating Expenses,501.3,2020-Q3,rbnz-dashboard
ANZ,Profit After Tax,237.1,2020-Q3,rbnz-dashboard
ANZ,Total Assets,179743.8,2020-Q3,rbnz-dashboard
ANZ,Cash Position,8810.1,2020-Q3,rbnz-dashboard
ANZ,Net Loans and Advances,132698.1,2020-Q3,rbnz-dashboard
ANZ,Deposits,120862.7,2020-Q3,rbnz-dashboard
ANZ,Equity,15868.6,2020-Q3,rbnz-dashboard
ANZ,Core Funding Ratio (CFR),90.1,2020-Q3,rbnz-dashboard
ANZ Group,Total Capital Ratio,,2020-Q3,rbnz-dashboard
ANZ Group,CET1 Ratio,,2020-Q3,rbnz-dashboard
ANZ Group,Tier 1 Capital Ratio,,2020-Q3,rbnz-dashboard
ANZ Group,Total Non-Performing Loans,887.1,2020-Q3,rbnz-dashboard
ANZ Group,NPL Ratio,0.7,2020-Q3,rbnz-dashboard
ANZ Group,Return on Assets,0.5,2020-Q3,rbnz-dashboard
ANZ Group,Return on Equity,6.3,2020-Q3,rbnz-dashboard
ANZ Group,NIM,1.9,2020-Q3,rbnz-dashboard
ANZ Group,Net Interest Income,787.1,2020-Q3,rbnz-dashboard
ANZ Group,Trading and Hedging Gains,15.5,2020-Q3,rbnz-dashboard
ANZ Group,Fees and Commission Income,143.3,2020-Q3,rbnz-dashboard
ANZ Group,Other Income,-27.3,2020-Q3,rbnz-dashboard
ANZ Group,Operating Expenses,501.6,2020-Q3,rbnz-dashboard
ANZ Group,Profit After Tax,219.9,2020-Q3,rbnz-dashboard
ANZ Group,Total Assets,180087.4,2020-Q3,rbnz-dashboard
ANZ Group,Cash Position,8810.1,2020-Q3,rbnz-dashboard
ANZ Group,Net Loans and Advances,132984.1,2020-Q3,rbnz-dashboard
ANZ Group,Deposits,120862.7,2020-Q3,rbnz-dashboard
ANZ Group,Equity,14009.7,2020-Q3,rbnz-dashboard
ANZ Group,Core Funding Ratio (CFR),,2020-Q3,rbnz-dashboard
ASB,Total Capital Ratio,14.2,2020-Q3,rbnz-dashboard
ASB,CET1 Ratio,11.7,2020-Q3,rbnz-dashboard
ASB,Tier 1 Capital Ratio,13.5,2020-Q3,rbnz-dashboard
ASB,Total Non-Performing Loans,556.5,2020-Q3,rbnz-dashboard
ASB,NPL Ratio,0.6,2020-Q3,rbnz-dashboard
ASB,Return on Assets,1.1,2020-Q3,rbnz-dashboard
ASB,Return on Equity,14.3,2020-Q3,rbnz-dashboard
ASB,NIM,2.1,2020-Q3,rbnz-dashboard
ASB,Net Interest Income,533.7,2020-Q3,rbnz-dashboard
ASB,Trading and Hedging Gains,24.8,2020-Q3,rbnz-dashboard
ASB,Fees and Commission Income,125.8,2020-Q3,rbnz-dashboard
ASB,Other Income,4.8,2020-Q3,rbnz-dashboard
ASB,Operating Expenses,257.9,2020-Q3,rbnz-dashboard
ASB,Profit After Tax,288.1,2020-Q3,rbnz-dashboard
ASB,Total Assets,106034.1,2020-Q3,rbnz-dashboard
ASB,Cash Position,1985.1,2020-Q3,rbnz-dashboard
ASB,Net Loans and Advances,92227.2,2020-Q3,rbnz-dashboard
ASB,Deposits,71653.6,2020-Q3,rbnz-dashboard
ASB,Equity,8189,2020-Q3,rbnz-dashboard
ASB,Core Funding Ratio (CFR),88.9,2020-Q3,rbnz-dashboard
BNZ,Total Capital Ratio,14.9,2020-Q3,rbnz-dashboard
BNZ,CET1 Ratio,11.9,2020-Q3,rbnz-dashboard
BNZ,Tier 1 Capital Ratio,13.2,2020-Q3,rbnz-dashboard
BNZ,Total Non-Performing Loans,776.3,2020-Q3,rbnz-dashboard
BNZ,NPL Ratio,0.9,2020-Q3,rbnz-dashboard
BNZ,Return on Assets,0.7,2020-Q3,rbnz-dashboard
BNZ,Return on Equity,9.7,2020-Q3,rbnz-dashboard
BNZ,NIM,2,2020-Q3,rbnz-dashboard
BNZ,Net Interest Income,519.8,2020-Q3,rbnz-dashboard
BNZ,Trading and Hedging Gains,4.9,2020-Q3,rbnz-dashboard
BNZ,Fees and Commission Income,94.1,2020-Q3,rbnz-dashboard
BNZ,Other Income,-1.1,2020-Q3,rbnz-dashboard
BNZ,Operating Expenses,257.3,2020-Q3,rbnz-dashboard
BNZ,Profit After Tax,208.7,2020-Q3,rbnz-dashboard
BNZ,Total Assets,112309.9,2020-Q3,rbnz-dashboard
BNZ,Cash Position,4211,2020-Q3,rbnz-dashboard
BNZ,Net Loans and Advances,87669.5,2020-Q3,rbnz-dashboard
BNZ,Deposits,69487.3,2020-Q3,rbnz-dashboard
BNZ,Equity,8656.9,2020-Q3,rbnz-dashboard
BNZ,Core Funding Ratio (CFR),89.2,2020-Q3,rbnz-dashboard
BOB,Total Capital Ratio,61,2020-Q3,rbnz-dashboard
BOB,CET1 Ratio,61,2020-Q3,rbnz-dashboard
BOB,Tier 1 Capital Ratio,61,2020-Q3,rbnz-dashboard
BOB,Total Non-Performing Loans,,2020-Q3,rbnz-dashboard
BOB,NPL Ratio,,2020-Q3,rbnz-dashboard
BOB,Return on Assets,0.7,2020-Q3,rbnz-dashboard
BOB,Return on Equity,2,2020-Q3,rbnz-dashboard
BOB,NIM,2.5,2020-Q3,rbnz-dashboard
BOB,Net Interest Income,0.8,2020-Q3,rbnz-dashboard
BOB,Trading and Hedging Gains,0.2,2020-Q3,rbnz-dashboard
BOB,Fees and Commission Income,0.1,2020-Q3,rbnz-dashboard
BOB,Other Income,0,2020-Q3,rbnz-dashboard
BOB,Operating Expenses,0.8,2020-Q3,rbnz-dashboard
BOB,Profit After Tax,0.2,2020-Q3,rbnz-dashboard
BOB,Total Assets,142.8,2020-Q3,rbnz-dashboard
BOB,Cash Position,36.3,2020-Q3,rbnz-dashboard
BOB,Net Loans and Advances,103.7,2020-Q3,rbnz-dashboard
BOB,Deposits,90.6,2020-Q3,rbnz-dashboard
BOB,Equity,49.4,2020-Q3,rbnz-dashboard
BOB,Core Funding Ratio (CFR),122.1,2020-Q3,rbnz-dashboard
BOC,Total Capital Ratio,15.2,2020-Q3,rbnz-dashboard
BOC,CET1 Ratio,15.2,2020-Q3,rbnz-dashboard
BOC,Tier 1 Capital Ratio,15.2,2020-Q3,rbnz-dashboard
BOC,Total Non-Performing Loans,5.6,2020-Q3,rbnz-dashboard
BOC,NPL Ratio,0.3,2020-Q3,rbnz-dashboard
BOC,Return on Assets,0.6,2020-Q3,rbnz-dashboard
BOC,Return on Equity,5.7,2020-Q3,rbnz-dashboard
BOC,NIM,1.2,2020-Q3,rbnz-dashboard
BOC,Net Interest Income,8.1,2020-Q3,rbnz-dashboard
BOC,Trading and Hedging Gains,-0.5,2020-Q3,rbnz-dashboard
BOC,Fees and Commission Income,2.5,2020-Q3,rbnz-dashboard
BOC,Other Income,0,2020-Q3,rbnz-dashboard
BOC,Operating Expenses,4.8,2020-Q3,rbnz-dashboard
BOC,Profit After Tax,3.8,2020-Q3,rbnz-dashboard
BOC,Total Assets,2664.7,2020-Q3,rbnz-dashboard
BOC,Cash Position,374.4,2020-Q3,rbnz-dashboard
BOC,Net Loans and Advances,2094.4,2020-Q3,rbnz-dashboard
BOC,Deposits,1066.8,2020-Q3,rbnz-dashboard
BOC,Equity,266.8,2020-Q3,rbnz-dashboard
BOC,Core Funding Ratio (CFR),85.4,2020-Q3,rbnz-dashboard
BOC Group,Total Capital Ratio,,2020-Q3,rbnz-dashboard
BOC Group,CET1 Ratio,,2020-Q3,rbnz-dashboard
BOC Group,Tier 1 Capital Ratio,,2020-Q3,rbnz-dashboard
BOC Group,Total Non-Performing Loans,5.6,2020-Q3,rbnz-dashboard
BOC Group,NPL Ratio,0.1,2020-Q3,rbnz-dashboard
BOC Group,Return on Assets,0.7,2020-Q3,rbnz-dashboard
BOC Group,Return on Equity,11,2020-Q3,rbnz-dashboard
BOC Group,NIM,1.2,2020-Q3,rbnz-dashboard
BOC Group,Net Interest Income,13.2,2020-Q3,rbnz-dashboard
BOC Group,Trading and Hedging Gains,0.6,2020-Q3,rbnz-dashboard
BOC Group,Fees and Commission Income,1.2,2020-Q3,rbnz-dashboard
BOC Group,Other Income,0,2020-Q3,rbnz-dashboard
BOC Group,Operating Expenses,4.9,2020-Q3,rbnz-dashboard
BOC Group,Profit After Tax,7.4,2020-Q3,rbnz-dashboard
BOC Group,Total Assets,4866.8,2020-Q3,rbnz-dashboard
BOC Group,Cash Position,508.7,2020-Q3,rbnz-dashboard
BOC Group,Net Loans and Advances,4149.3,2020-Q3,rbnz-dashboard
BOC Group,Deposits,1250.9,2020-Q3,rbnz-dashboard
BOC Group,Equity,272.1,2020-Q3,rbnz-dashboard
BOC Group,Core Funding Ratio (CFR),,2020-Q3,rbnz-dashboard
BOI,Total Capital Ratio,65.7,2020-Q3,rbnz-dashboard
BOI,CET1 Ratio,65.7,2020-Q3,rbnz-dashboard
BOI,Tier 1 Capital Ratio,65.7,2020-Q3,rbnz-dashboard
BOI,Total Non-Performing Loans,0,2020-Q3,rbnz-dashboard
BOI,NPL Ratio,0,2020-Q3,rbnz-dashboard
BOI,Return on Assets,0.8,2020-Q3,rbnz-dashboard
BOI,Return on Equity,1.2,2020-Q3,rbnz-dashboard
BOI,NIM,3.9,2020-Q3,rbnz-dashboard
BOI,Net Interest Income,0.9,2020-Q3,rbnz-dashboard
BOI,Trading and Hedging Gains,0.1,2020-Q3,rbnz-dashboard
BOI,Fees and Commission Income,0,2020-Q3,rbnz-dashboard
BOI,Other Income,0,2020-Q3,rbnz-dashboard
BOI,Operating Expenses,0.6,2020-Q3,rbnz-dashboard
BOI,Profit After Tax,0.2,2020-Q3,rbnz-dashboard
BOI,Total Assets,96.1,2020-Q3,rbnz-dashboard
BOI,Cash Position,17,2020-Q3,rbnz-dashboard
BOI,Net Loans and Advances,77.9,2020-Q3,rbnz-dashboard
BOI,Deposits,39.5,2020-Q3,rbnz-dashboard
BOI,Equity,55.9,2020-Q3,rbnz-dashboard
BOI,Core Funding Ratio (CFR),120,2020-Q3,rbnz-dashboard
CBA Group,Total Capital Ratio,,2020-Q3,rbnz-dashboard
CBA Group,CET1 Ratio,,2020-Q3,rbnz-dashboard
CBA Group,Tier 1 Capital Ratio,,2020-Q3,rbnz-dashboard
CBA Group,Total Non-Performing Loans,556.5,2020-Q3,rbnz-dashboard
CBA Group,NPL Ratio,0.6,2020-Q3,rbnz-dashboard
CBA Group,Return on Assets,0.9,2020-Q3,rbnz-dashboard
CBA Group,Return on Equity,13.2,2020-Q3,rbnz-dashboard
CBA Group,NIM,1.8,2020-Q3,rbnz-dashboard
CBA Group,Net Interest Income,509.9,2020-Q3,rbnz-dashboard
CBA Group,Trading and Hedging Gains,28.8,2020-Q3,rbnz-dashboard
CBA Group,Fees and Commission Income,131.3,2020-Q3,rbnz-dashboard
CBA Group,Other Income,5.8,2020-Q3,rbnz-dashboard
CBA Group,Operating Expenses,260.5,2020-Q3,rbnz-dashboard
CBA Group,Profit After Tax,270.4,2020-Q3,rbnz-dashboard
CBA Group,Total Assets,115064.2,2020-Q3,rbnz-dashboard
CBA Group,Cash Position,1838,2020-Q3,rbnz-dashboard
CBA Group,Net Loans and Advances,95503.5,2020-Q3,rbnz-dashboard
CBA Group,Deposits,71642.3,2020-Q3,rbnz-dashboard
CBA Group,Equity,8293.4,2020-Q3,rbnz-dashboard
CBA Group,Core Funding Ratio (CFR),,2020-Q3,rbnz-dashboard
CCB,Total Capital Ratio,16,2020-Q3,rbnz-dashboard
CCB,CET1 Ratio,15.4,2020-Q3,rbnz-dashboard
CCB,Tier 1 Capital Ratio,15.4,2020-Q3,rbnz-dashboard
CCB,Total Non-Performing Loans,,2020-Q3,rbnz-dashboard
CCB,NPL Ratio,,2020-Q3,rbnz-dashboard
CCB,Return on Assets,0.8,2020-Q3,rbnz-dashboard
CCB,Return on Equity,6.1,2020-Q3,rbnz-dashboard
CCB,NIM,1.9,2020-Q3,rbnz-dashboard
CCB,Net Interest Income,8.9,2020-Q3,rbnz-dashboard
CCB,Trading and Hedging Gains,-0.4,2020-Q3,rbnz-dashboard
CCB,Fees and Commission Income,0.4,2020-Q3,rbnz-dashboard
CCB,Other Income,0.1,2020-Q3,rbnz-dashboard
CCB,Operating Expenses,2.7,2020-Q3,rbnz-dashboard
CCB,Profit After Tax,3.6,2020-Q3,rbnz-dashboard
CCB,Total Assets,1964.5,2020-Q3,rbnz-dashboard
CCB,Cash Position,259.8,2020-Q3,rbnz-dashboard
CCB,Net Loans and Advances,1619.2,2020-Q3,rbnz-dashboard
CCB,Deposits,280,2020-Q3,rbnz-dashboard
CCB,Equity,236.3,2020-Q3,rbnz-dashboard
CCB,Core Funding Ratio (CFR),75.1,2020-Q3,rbnz-dashboard
CCB Group,Total Capital Ratio,,2020-Q3,rbnz-dashboard
CCB Group,CET1 Ratio,,2020-Q3,rbnz-dashboard
CCB Group,Tier 1 Capital Ratio,,2020-Q3,rbnz-dashboard
CCB Group,Total Non-Performing Loans,,2020-Q3,rbnz-dashboard
CCB Group,NPL Ratio,,2020-Q3,rbnz-dashboard
CCB Group,Return on Assets,0.7,2020-Q3,rbnz-dashboard
CCB Group,Return on Equity,8.9,2020-Q3,rbnz-dashboard
CCB Group,NIM,1.6,2020-Q3,rbnz-dashboard
CCB Group,Net Interest Income,13.4,2020-Q3,rbnz-dashboard
CCB Group,Trading and Hedging Gains,-0.8,2020-Q3,rbnz-dashboard
CCB Group,Fees and Commission Income,1.4,2020-Q3,rbnz-dashboard
CCB Group,Other Income,0,2020-Q3,rbnz-dashboard
CCB Group,Operating Expenses,4.5,2020-Q3,rbnz-dashboard
CCB Group,Profit After Tax,5.5,2020-Q3,rbnz-dashboard
CCB Group,Total Assets,3265.4,2020-Q3,rbnz-dashboard
CCB Group,Cash Position,263.5,2020-Q3,rbnz-dashboard
CCB Group,Net Loans and Advances,2908.4,2020-Q3,rbnz-dashboard
CCB Group,Deposits,347.8,2020-Q3,rbnz-dashboard
CCB Group,Equity,246.5,2020-Q3,rbnz-dashboard
CCB Group,Core Funding Ratio (CFR),,2020-Q3,rbnz-dashboard
Co-op,Total Capital Ratio,16.9,2020-Q3,rbnz-dashboard
Co-op,CET1 Ratio,14.7,2020-Q3,rbnz-dashboard
Co-op,Tier 1 Capital Ratio,14.7,2020-Q3,rbnz-dashboard
Co-op,Total Non-Performing Loans,11,2020-Q3,rbnz-dashboard
Co-op,NPL Ratio,0.4,2020-Q3,rbnz-dashboard
Co-op,Return on Assets,0.5,2020-Q3,rbnz-dashboard
Co-op,Return on Equity,6.7,2020-Q3,rbnz-dashboard
Co-op,NIM,2.2,2020-Q3,rbnz-dashboard
Co-op,Net Interest Income,16.5,2020-Q3,rbnz-dashboard
Co-op,Trading and Hedging Gains,0.4,2020-Q3,rbnz-dashboard
Co-op,Fees and Commission Income,2.7,2020-Q3,rbnz-dashboard
Co-op,Other Income,2.1,2020-Q3,rbnz-dashboard
Co-op,Operating Expenses,16.2,2020-Q3,rbnz-dashboard
Co-op,Profit After Tax,3.5,2020-Q3,rbnz-dashboard
Co-op,Total Assets,3047.6,2020-Q3,rbnz-dashboard
Co-op,Cash Position,41.3,2020-Q3,rbnz-dashboard
Co-op,Net Loans and Advances,2579.2,2020-Q3,rbnz-dashboard
Co-op,Deposits,2508.4,2020-Q3,rbnz-dashboard
Co-op,Equity,212.4,2020-Q3,rbnz-dashboard
Co-op,Core Funding Ratio (CFR),105.7,2020-Q3,rbnz-dashboard
Heartland,Total Capital Ratio,13.4,2020-Q3,rbnz-dashboard
Heartland,CET1 Ratio,13.4,2020-Q3,rbnz-dashboard
Heartland,Tier 1 Capital Ratio,13.4,2020-Q3,rbnz-dashboard
Heartland,Total Non-Performing Loans,79.9,2020-Q3,rbnz-dashboard
Heartland,NPL Ratio,2.2,2020-Q3,rbnz-dashboard
Heartland,Return on Assets,2,2020-Q3,rbnz-dashboard
Heartland,Return on Equity,13.9,2020-Q3,rbnz-dashboard
Heartland,NIM,4.5,2020-Q3,rbnz-dashboard
Heartland,Net Interest Income,47.4,2020-Q3,rbnz-dashboard
Heartland,Trading and Hedging Gains,-0.3,2020-Q3,rbnz-dashboard
Heartland,Fees and Commission Income,2.1,2020-Q3,rbnz-dashboard
Heartland,Other Income,1.2,2020-Q3,rbnz-dashboard
Heartland,Operating Expenses,20.3,2020-Q3,rbnz-dashboard
Heartland,Profit After Tax,21.3,2020-Q3,rbnz-dashboard
Heartland,Total Assets,4287.8,2020-Q3,rbnz-dashboard
Heartland,Cash Position,76.9,2020-Q3,rbnz-dashboard
Heartland,Net Loans and Advances,3634.8,2020-Q3,rbnz-dashboard
Heartland,Deposits,3204.2,2020-Q3,rbnz-dashboard
Heartland,Equity,620.2,2020-Q3,rbnz-dashboard
Heartland,Core Funding Ratio (CFR),90.3,2020-Q3,rbnz-dashboard
ICBC,Total Capital Ratio,16.2,2020-Q3,rbnz-dashboard
ICBC,CET1 Ratio,14,2020-Q3,rbnz-dashboard
ICBC,Tier 1 Capital Ratio,14,2020-Q3,rbnz-dashboard
ICBC,Total Non-Performing Loans,6.1,2020-Q3,rbnz-dashboard
ICBC,NPL Ratio,0.4,2020-Q3,rbnz-dashboard
ICBC,Return on Assets,0.3,2020-Q3,rbnz-dashboard
ICBC,Return on Equity,2.4,2020-Q3,rbnz-dashboard
ICBC,NIM,1.1,2020-Q3,rbnz-dashboard
ICBC,Net Interest Income,6.3,2020-Q3,rbnz-dashboard
ICBC,Trading and Hedging Gains,1.2,2020-Q3,rbnz-dashboard
ICBC,Fees and Commission Income,0.3,2020-Q3,rbnz-dashboard
ICBC,Other Income,0,2020-Q3,rbnz-dashboard
ICBC,Operating Expenses,4.8,2020-Q3,rbnz-dashboard
ICBC,Profit After Tax,1.6,2020-Q3,rbnz-dashboard
ICBC,Total Assets,2311.6,2020-Q3,rbnz-dashboard
ICBC,Cash Position,467.3,2020-Q3,rbnz-dashboard
ICBC,Net Loans and Advances,1614.6,2020-Q3,rbnz-dashboard
ICBC,Deposits,886.3,2020-Q3,rbnz-dashboard
ICBC,Equity,267.9,2020-Q3,rbnz-dashboard
ICBC,Core Funding Ratio (CFR),86.5,2020-Q3,rbnz-dashboard
ICBC Group,Total Capital Ratio,,2020-Q3,rbnz-dashboard
ICBC Group,CET1 Ratio,,2020-Q3,rbnz-dashboard
ICBC Group,Tier 1 Capital Ratio,,2020-Q3,rbnz-dashboard
ICBC Group,Total Non-Performing Loans,6.1,2020-Q3,rbnz-dashboard
ICBC Group,NPL Ratio,0.4,2020-Q3,rbnz-dashboard
ICBC Group,Return on Assets,0.3,2020-Q3,rbnz-dashboard
ICBC Group,Return on Equity,2.4,2020-Q3,rbnz-dashboard
ICBC Group,NIM,1.1,2020-Q3,rbnz-dashboard
ICBC Group,Net Interest Income,6.3,2020-Q3,rbnz-dashboard
ICBC Group,Trading and Hedging Gains,1.2,2020-Q3,rbnz-dashboard
ICBC Group,Fees and Commission Income,0.3,2020-Q3,rbnz-dashboard
ICBC Group,Other Income,0,2020-Q3,rbnz-dashboard
ICBC Group,Operating Expenses,4.8,2020-Q3,rbnz-dashboard
ICBC Group,Profit After Tax,1.6,2020-Q3,rbnz-dashboard
ICBC Group,Total Assets,2311.6,2020-Q3,rbnz-dashboard
ICBC Group,Cash Position,467.3,2020-Q3,rbnz-dashboard
ICBC Group,Net Loans and Advances,1614.6,2020-Q3,rbnz-dashboard
ICBC Group,Deposits,886.3,2020-Q3,rbnz-dashboard
ICBC Group,Equity,267.9,2020-Q3,rbnz-dashboard
ICBC Group,Core Funding Ratio (CFR),,2020-Q3,rbnz-dashboard
Kiwibank,Total Capital Ratio,12.3,2020-Q3,rbnz-dashboard
Kiwibank,CET1 Ratio,11.2,2020-Q3,rbnz-dashboard
Kiwibank,Tier 1 Capital Ratio,12.3,2020-Q3,rbnz-dashboard
Kiwibank,Total Non-Performing Loans,18.2,2020-Q3,rbnz-dashboard
Kiwibank,NPL Ratio,0.1,2020-Q3,rbnz-dashboard
Kiwibank,Return on Assets,0.4,2020-Q3,rbnz-dashboard
Kiwibank,Return on Equity,5.9,2020-Q3,rbnz-dashboard
Kiwibank,NIM,1.9,2020-Q3,rbnz-dashboard
Kiwibank,Net Interest Income,117.2,2020-Q3,rbnz-dashboard
Kiwibank,Trading and Hedging Gains,2.7,2020-Q3,rbnz-dashboard
Kiwibank,Fees and Commission Income,9.9,2020-Q3,rbnz-dashboard
Kiwibank,Other Income,0.8,2020-Q3,rbnz-dashboard
Kiwibank,Operating Expenses,97.3,2020-Q3,rbnz-dashboard
Kiwibank,Profit After Tax,23.5,2020-Q3,rbnz-dashboard
Kiwibank,Total Assets,26645,2020-Q3,rbnz-dashboard
Kiwibank,Cash Position,849.3,2020-Q3,rbnz-dashboard
Kiwibank,Net Loans and Advances,22983.2,2020-Q3,rbnz-dashboard
Kiwibank,Deposits,21316.2,2020-Q3,rbnz-dashboard
Kiwibank,Equity,1607.6,2020-Q3,rbnz-dashboard
Kiwibank,Core Funding Ratio (CFR),91.7,2020-Q3,rbnz-dashboard
Rabo Group,Total Capital Ratio,,2020-Q3,rbnz-dashboard
Rabo Group,CET1 Ratio,,2020-Q3,rbnz-dashboard
Rabo Group,Tier 1 Capital Ratio,,2020-Q3,rbnz-dashboard
Rabo Group,Total Non-Performing Loans,515.6,2020-Q3,rbnz-dashboard
Rabo Group,NPL Ratio,3.7,2020-Q3,rbnz-dashboard
Rabo Group,Return on Assets,1,2020-Q3,rbnz-dashboard
Rabo Group,Return on Equity,8.9,2020-Q3,rbnz-dashboard
Rabo Group,NIM,2.1,2020-Q3,rbnz-dashboard
Rabo Group,Net Interest Income,92.4,2020-Q3,rbnz-dashboard
Rabo Group,Trading and Hedging Gains,-0.6,2020-Q3,rbnz-dashboard
Rabo Group,Fees and Commission Income,0.5,2020-Q3,rbnz-dashboard
Rabo Group,Other Income,4.8,2020-Q3,rbnz-dashboard
Rabo Group,Operating Expenses,42.4,2020-Q3,rbnz-dashboard
Rabo Group,Profit After Tax,46.4,2020-Q3,rbnz-dashboard
Rabo Group,Total Assets,17578,2020-Q3,rbnz-dashboard
Rabo Group,Cash Position,2608,2020-Q3,rbnz-dashboard
Rabo Group,Net Loans and Advances,14027.4,2020-Q3,rbnz-dashboard
Rabo Group,Deposits,6055.8,2020-Q3,rbnz-dashboard
Rabo Group,Equity,2098,2020-Q3,rbnz-dashboard
Rabo Group,Core Funding Ratio (CFR),,2020-Q3,rbnz-dashboard
Rabobank,Total Capital Ratio,13.2,2020-Q3,rbnz-dashboard
Rabobank,CET1 Ratio,13.2,2020-Q3,rbnz-dashboard
Rabobank,Tier 1 Capital Ratio,13.2,2020-Q3,rbnz-dashboard
Rabobank,Total Non-Performing Loans,390.6,2020-Q3,rbnz-dashboard
Rabobank,NPL Ratio,3.4,2020-Q3,rbnz-dashboard
Rabobank,Return on Assets,1.1,2020-Q3,rbnz-dashboard
Rabobank,Return on Equity,7.7,2020-Q3,rbnz-dashboard
Rabobank,NIM,2.3,2020-Q3,rbnz-dashboard
Rabobank,Net Interest Income,71.4,2020-Q3,rbnz-dashboard
Rabobank,Trading and Hedging Gains,0.1,2020-Q3,rbnz-dashboard
Rabobank,Fees and Commission Income,0.3,2020-Q3,rbnz-dashboard
Rabobank,Other Income,0.1,2020-Q3,rbnz-dashboard
Rabobank,Operating Expenses,34.9,2020-Q3,rbnz-dashboard
Rabobank,Profit After Tax,33.6,2020-Q3,rbnz-dashboard
Rabobank,Total Assets,12649.9,2020-Q3,rbnz-dashboard
Rabobank,Cash Position,492.2,2020-Q3,rbnz-dashboard
Rabobank,Net Loans and Advances,11481.8,2020-Q3,rbnz-dashboard
Rabobank,Deposits,5328.3,2020-Q3,rbnz-dashboard
Rabobank,Equity,1745.9,2020-Q3,rbnz-dashboard
Rabobank,Core Funding Ratio (CFR),75.7,2020-Q3,rbnz-dashboard
SBS,Total Capital Ratio,14.9,2020-Q3,rbnz-dashboard
SBS,CET1 Ratio,12.1,2020-Q3,rbnz-dashboard
SBS,Tier 1 Capital Ratio,12.1,2020-Q3,rbnz-dashboard
SBS,Total Non-Performing Loans,12.9,2020-Q3,rbnz-dashboard
SBS,NPL Ratio,0.3,2020-Q3,rbnz-dashboard
SBS,Return on Assets,0.8,2020-Q3,rbnz-dashboard
SBS,Return on Equity,11.5,2020-Q3,rbnz-dashboard
SBS,NIM,2.4,2020-Q3,rbnz-dashboard
SBS,Net Interest Income,28.5,2020-Q3,rbnz-dashboard
SBS,Trading and Hedging Gains,0.1,2020-Q3,rbnz-dashboard
SBS,Fees and Commission Income,6.5,2020-Q3,rbnz-dashboard
SBS,Other Income,2.3,2020-Q3,rbnz-dashboard
SBS,Operating Expenses,22.2,2020-Q3,rbnz-dashboard
SBS,Profit After Tax,10.1,2020-Q3,rbnz-dashboard
SBS,Total Assets,4842.2,2020-Q3,rbnz-dashboard
SBS,Cash Position,97.4,2020-Q3,rbnz-dashboard
SBS,Net Loans and Advances,4070.6,2020-Q3,rbnz-dashboard
SBS,Deposits,3550,2020-Q3,rbnz-dashboard
SBS,Equity,358.4,2020-Q3,rbnz-dashboard
SBS,Core Funding Ratio (CFR),97.1,2020-Q3,rbnz-dashboard
TSB,Total Capital Ratio,15.1,2020-Q3,rbnz-dashboard
TSB,CET1 Ratio,15.1,2020-Q3,rbnz-dashboard
TSB,Tier 1 Capital Ratio,15.1,2020-Q3,rbnz-dashboard
TSB,Total Non-Performing Loans,25.5,2020-Q3,rbnz-dashboard
TSB,NPL Ratio,0.4,2020-Q3,rbnz-dashboard
TSB,Return on Assets,0.6,2020-Q3,rbnz-dashboard
TSB,Return on Equity,6.6,2020-Q3,rbnz-dashboard
TSB,NIM,1.7,2020-Q3,rbnz-dashboard
TSB,Net Interest Income,34.9,2020-Q3,rbnz-dashboard
TSB,Trading and Hedging Gains,0,2020-Q3,rbnz-dashboard
TSB,Fees and Commission Income,3.6,2020-Q3,rbnz-dashboard
TSB,Other Income,1,2020-Q3,rbnz-dashboard
TSB,Operating Expenses,24,2020-Q3,rbnz-dashboard
TSB,Profit After Tax,11.8,2020-Q3,rbnz-dashboard
TSB,Total Assets,8575.4,2020-Q3,rbnz-dashboard
TSB,Cash Position,294.2,2020-Q3,rbnz-dashboard
TSB,Net Loans and Advances,6146.3,2020-Q3,rbnz-dashboard
TSB,Deposits,7750.8,2020-Q3,rbnz-dashboard
TSB,Equity,717.2,2020-Q3,rbnz-dashboard
TSB,Core Funding Ratio (CFR),122.7,2020-Q3,rbnz-dashboard
WBC Group,Total Capital Ratio,,2020-Q3,rbnz-dashboard
WBC Group,CET1 Ratio,,2020-Q3,rbnz-dashboard
WBC Group,Tier 1 Capital Ratio,,2020-Q3,rbnz-dashboard
WBC Group,Total Non-Performing Loans,482.9,2020-Q3,rbnz-dashboard
WBC Group,NPL Ratio,0.5,2020-Q3,rbnz-dashboard
WBC Group,Return on Assets,0.8,2020-Q3,rbnz-dashboard
WBC Group,Return on Equity,10.6,2020-Q3,rbnz-dashboard
WBC Group,NIM,1.8,2020-Q3,rbnz-dashboard
WBC Group,Net Interest Income,479.4,2020-Q3,rbnz-dashboard
WBC Group,Trading and Hedging Gains,21.1,2020-Q3,rbnz-dashboard
WBC Group,Fees and Commission Income,76.3,2020-Q3,rbnz-dashboard
WBC Group,Other Income,2.9,2020-Q3,rbnz-dashboard
WBC Group,Operating Expenses,255.9,2020-Q3,rbnz-dashboard
WBC Group,Profit After Tax,238.3,2020-Q3,rbnz-dashboard
WBC Group,Total Assets,113187.2,2020-Q3,rbnz-dashboard
WBC Group,Cash Position,6471.4,2020-Q3,rbnz-dashboard
WBC Group,Net Loans and Advances,88354.4,2020-Q3,rbnz-dashboard
WBC Group,Deposits,72228.3,2020-Q3,rbnz-dashboard
WBC Group,Equity,9044.7,2020-Q3,rbnz-dashboard
WBC Group,Core Funding Ratio (CFR),,2020-Q3,rbnz-dashboard
Westpac,Total Capital Ratio,17.1,2020-Q3,rbnz-dashboard
Westpac,CET1 Ratio,12.3,2020-Q3,rbnz-dashboard
Westpac,Tier 1 Capital Ratio,15,2020-Q3,rbnz-dashboard
Westpac,Total Non-Performing Loans,474.4,2020-Q3,rbnz-dashboard
Westpac,NPL Ratio,0.5,2020-Q3,rbnz-dashboard
Westpac,Return on Assets,0.8,2020-Q3,rbnz-dashboard
Westpac,Return on Equity,11.2,2020-Q3,rbnz-dashboard
Westpac,NIM,1.9,2020-Q3,rbnz-dashboard
Westpac,Net Interest Income,470.3,2020-Q3,rbnz-dashboard
Westpac,Trading and Hedging Gains,4.9,2020-Q3,rbnz-dashboard
Westpac,Fees and Commission Income,50.1,2020-Q3,rbnz-dashboard
Westpac,Other Income,5.9,2020-Q3,rbnz-dashboard
Westpac,Operating Expenses,245.3,2020-Q3,rbnz-dashboard
Westpac,Profit After Tax,213.2,2020-Q3,rbnz-dashboard
Westpac,Total Assets,103183.3,2020-Q3,rbnz-dashboard
Westpac,Cash Position,5323,2020-Q3,rbnz-dashboard
Westpac,Net Loans and Advances,87961.9,2020-Q3,rbnz-dashboard
Westpac,Deposits,71029.1,2020-Q3,rbnz-dashboard
Westpac,Equity,7690.4,2020-Q3,rbnz-dashboard
Westpac,Core Funding Ratio (CFR),82.9,2020-Q3,rbnz-dashboard
ANZ,Total Capital Ratio,15,2020-Q4,rbnz-dashboard
ANZ,CET1 Ratio,12.3,2020-Q4,rbnz-dashboard
ANZ,Tier 1 Capital Ratio,15,2020-Q4,rbnz-dashboard
ANZ,Total Non-Performing Loans,798.6,2020-Q4,rbnz-dashboard
ANZ,NPL Ratio,0.6,2020-Q4,rbnz-dashboard
ANZ,Return on Assets,0.9,2020-Q4,rbnz-dashboard
ANZ,Return on Equity,9.7,2020-Q4,rbnz-dashboard
ANZ,NIM,2,2020-Q4,rbnz-dashboard
ANZ,Net Interest Income,820.7,2020-Q4,rbnz-dashboard
ANZ,Trading and Hedging Gains,-39.5,2020-Q4,rbnz-dashboard
ANZ,Fees and Commission Income,146.3,2020-Q4,rbnz-dashboard
ANZ,Other Income,4.6,2020-Q4,rbnz-dashboard
ANZ,Operating Expenses,397.9,2020-Q4,rbnz-dashboard
ANZ,Profit After Tax,392.9,2020-Q4,rbnz-dashboard
ANZ,Total Assets,186153.5,2020-Q4,rbnz-dashboard
ANZ,Cash Position,10062.1,2020-Q4,rbnz-dashboard
ANZ,Net Loans and Advances,134692.2,2020-Q4,rbnz-dashboard
ANZ,Deposits,123795.8,2020-Q4,rbnz-dashboard
ANZ,Equity,16258.5,2020-Q4,rbnz-dashboard
ANZ,Core Funding Ratio (CFR),92.3,2020-Q4,rbnz-dashboard
ANZ Group,Total Capital Ratio,,2020-Q4,rbnz-dashboard
ANZ Group,CET1 Ratio,,2020-Q4,rbnz-dashboard
ANZ Group,Tier 1 Capital Ratio,,2020-Q4,rbnz-dashboard
ANZ Group,Total Non-Performing Loans,801,2020-Q4,rbnz-dashboard
ANZ Group,NPL Ratio,0.6,2020-Q4,rbnz-dashboard
ANZ Group,Return on Assets,0.8,2020-Q4,rbnz-dashboard
ANZ Group,Return on Equity,10.3,2020-Q4,rbnz-dashboard
ANZ Group,NIM,1.9,2020-Q4,rbnz-dashboard
ANZ Group,Net Interest Income,814.4,2020-Q4,rbnz-dashboard
ANZ Group,Trading and Hedging Gains,-68.5,2020-Q4,rbnz-dashboard
ANZ Group,Fees and Commission Income,146.3,2020-Q4,rbnz-dashboard
ANZ Group,Other Income,4.3,2020-Q4,rbnz-dashboard
ANZ Group,Operating Expenses,398,2020-Q4,rbnz-dashboard
ANZ Group,Profit After Tax,367.1,2020-Q4,rbnz-dashboard
ANZ Group,Total Assets,186404,2020-Q4,rbnz-dashboard
ANZ Group,Cash Position,10062.1,2020-Q4,rbnz-dashboard
ANZ Group,Net Loans and Advances,135012.5,2020-Q4,rbnz-dashboard
ANZ Group,Deposits,123795.8,2020-Q4,rbnz-dashboard
ANZ Group,Equity,14373.8,2020-Q4,rbnz-dashboard
ANZ Group,Core Funding Ratio (CFR),,2020-Q4,rbnz-dashboard
ASB,Total Capital Ratio,13.9,2020-Q4,rbnz-dashboard
ASB,CET1 Ratio,11.6,2020-Q4,rbnz-dashboard
ASB,Tier 1 Capital Ratio,13.2,2020-Q4,rbnz-dashboard
ASB,Total Non-Performing Loans,420.7,2020-Q4,rbnz-dashboard
ASB,NPL Ratio,0.4,2020-Q4,rbnz-dashboard
ASB,Return on Assets,1.2,2020-Q4,rbnz-dashboard
ASB,Return on Equity,16,2020-Q4,rbnz-dashboard
ASB,NIM,2.2,2020-Q4,rbnz-dashboard
ASB,Net Interest Income,576.1,2020-Q4,rbnz-dashboard
ASB,Trading and Hedging Gains,21,2020-Q4,rbnz-dashboard
ASB,Fees and Commission Income,131.1,2020-Q4,rbnz-dashboard
ASB,Other Income,-1.6,2020-Q4,rbnz-dashboard
ASB,Operating Expenses,260.2,2020-Q4,rbnz-dashboard
ASB,Profit After Tax,336.5,2020-Q4,rbnz-dashboard
ASB,Total Assets,109230.4,2020-Q4,rbnz-dashboard
ASB,Cash Position,3595.4,2020-Q4,rbnz-dashboard
ASB,Net Loans and Advances,94870,2020-Q4,rbnz-dashboard
ASB,Deposits,72657.3,2020-Q4,rbnz-dashboard
ASB,Equity,8496.6,2020-Q4,rbnz-dashboard
ASB,Core Funding Ratio (CFR),87.2,2020-Q4,rbnz-dashboard
BNZ,Total Capital Ratio,15.5,2020-Q4,rbnz-dashboard
BNZ,CET1 Ratio,12.4,2020-Q4,rbnz-dashboard
BNZ,Tier 1 Capital Ratio,13.8,2020-Q4,rbnz-dashboard
BNZ,Total Non-Performing Loans,662.3,2020-Q4,rbnz-dashboard
BNZ,NPL Ratio,0.7,2020-Q4,rbnz-dashboard
BNZ,Return on Assets,1.1,2020-Q4,rbnz-dashboard
BNZ,Return on Equity,13.7,2020-Q4,rbnz-dashboard
BNZ,NIM,2,2020-Q4,rbnz-dashboard
BNZ,Net Interest Income,532.3,2020-Q4,rbnz-dashboard
BNZ,Trading and Hedging Gains,13.3,2020-Q4,rbnz-dashboard
BNZ,Fees and Commission Income,102.5,2020-Q4,rbnz-dashboard
BNZ,Other Income,-0.8,2020-Q4,rbnz-dashboard
BNZ,Operating Expenses,254.8,2020-Q4,rbnz-dashboard
BNZ,Profit After Tax,303.3,2020-Q4,rbnz-dashboard
BNZ,Total Assets,117286.9,2020-Q4,rbnz-dashboard
BNZ,Cash Position,9515.1,2020-Q4,rbnz-dashboard
BNZ,Net Loans and Advances,88974.4,2020-Q4,rbnz-dashboard
BNZ,Deposits,72272,2020-Q4,rbnz-dashboard
BNZ,Equity,8896.4,2020-Q4,rbnz-dashboard
BNZ,Core Funding Ratio (CFR),88.8,2020-Q4,rbnz-dashboard
BOB,Total Capital Ratio,62.7,2020-Q4,rbnz-dashboard
BOB,CET1 Ratio,62.7,2020-Q4,rbnz-dashboard
BOB,Tier 1 Capital Ratio,62.7,2020-Q4,rbnz-dashboard
BOB,Total Non-Performing Loans,,2020-Q4,rbnz-dashboard
BOB,NPL Ratio,,2020-Q4,rbnz-dashboard
BOB,Return on Assets,0.8,2020-Q4,rbnz-dashboard
BOB,Return on Equity,2.2,2020-Q4,rbnz-dashboard
BOB,NIM,2.4,2020-Q4,rbnz-dashboard
BOB,Net Interest Income,0.8,2020-Q4,rbnz-dashboard
BOB,Trading and Hedging Gains,0.2,2020-Q4,rbnz-dashboard
BOB,Fees and Commission Income,0.1,2020-Q4,rbnz-dashboard
BOB,Other Income,0,2020-Q4,rbnz-dashboard
BOB,Operating Expenses,0.8,2020-Q4,rbnz-dashboard
BOB,Profit After Tax,0.3,2020-Q4,rbnz-dashboard
BOB,Total Assets,145.2,2020-Q4,rbnz-dashboard
BOB,Cash Position,32.2,2020-Q4,rbnz-dashboard
BOB,Net Loans and Advances,110.4,2020-Q4,rbnz-dashboard
BOB,Deposits,92.8,2020-Q4,rbnz-dashboard
BOB,Equity,49.6,2020-Q4,rbnz-dashboard
BOB,Core Funding Ratio (CFR),126.6,2020-Q4,rbnz-dashboard
BOC,Total Capital Ratio,16.1,2020-Q4,rbnz-dashboard
BOC,CET1 Ratio,16.1,2020-Q4,rbnz-dashboard
BOC,Tier 1 Capital Ratio,16.1,2020-Q4,rbnz-dashboard
BOC,Total Non-Performing Loans,5.4,2020-Q4,rbnz-dashboard
BOC,NPL Ratio,0.2,2020-Q4,rbnz-dashboard
BOC,Return on Assets,0.7,2020-Q4,rbnz-dashboard
BOC,Return on Equity,7.1,2020-Q4,rbnz-dashboard
BOC,NIM,1.2,2020-Q4,rbnz-dashboard
BOC,Net Interest Income,8.6,2020-Q4,rbnz-dashboard
BOC,Trading and Hedging Gains,1.7,2020-Q4,rbnz-dashboard
BOC,Fees and Commission Income,3.8,2020-Q4,rbnz-dashboard
BOC,Other Income,0,2020-Q4,rbnz-dashboard
BOC,Operating Expenses,5.9,2020-Q4,rbnz-dashboard
BOC,Profit After Tax,4.8,2020-Q4,rbnz-dashboard
BOC,Total Assets,2915.7,2020-Q4,rbnz-dashboard
BOC,Cash Position,541.7,2020-Q4,rbnz-dashboard
BOC,Net Loans and Advances,2183.5,2020-Q4,rbnz-dashboard
BOC,Deposits,1330.1,2020-Q4,rbnz-dashboard
BOC,Equity,270.9,2020-Q4,rbnz-dashboard
BOC,Core Funding Ratio (CFR),74.7,2020-Q4,rbnz-dashboard
BOC Group,Total Capital Ratio,,2020-Q4,rbnz-dashboard
BOC Group,CET1 Ratio,,2020-Q4,rbnz-dashboard
BOC Group,Tier 1 Capital Ratio,,2020-Q4,rbnz-dashboard
BOC Group,Total Non-Performing Loans,5.4,2020-Q4,rbnz-dashboard
BOC Group,NPL Ratio,0.1,2020-Q4,rbnz-dashboard
BOC Group,Return on Assets,0.4,2020-Q4,rbnz-dashboard
BOC Group,Return on Equity,7.4,2020-Q4,rbnz-dashboard
BOC Group,NIM,1.3,2020-Q4,rbnz-dashboard
BOC Group,Net Interest Income,15.9,2020-Q4,rbnz-dashboard
BOC Group,Trading and Hedging Gains,-0.2,2020-Q4,rbnz-dashboard
BOC Group,Fees and Commission Income,1.3,2020-Q4,rbnz-dashboard
BOC Group,Other Income,0,2020-Q4,rbnz-dashboard
BOC Group,Operating Expenses,6.2,2020-Q4,rbnz-dashboard
BOC Group,Profit After Tax,5.1,2020-Q4,rbnz-dashboard
BOC Group,Total Assets,4966.1,2020-Q4,rbnz-dashboard
BOC Group,Cash Position,771.7,2020-Q4,rbnz-dashboard
BOC Group,Net Loans and Advances,3993.5,2020-Q4,rbnz-dashboard
BOC Group,Deposits,1526.9,2020-Q4,rbnz-dashboard
BOC Group,Equity,276.5,2020-Q4,rbnz-dashboard
BOC Group,Core Funding Ratio (CFR),,2020-Q4,rbnz-dashboard
BOI,Total Capital Ratio,68.8,2020-Q4,rbnz-dashboard
BOI,CET1 Ratio,68.8,2020-Q4,rbnz-dashboard
BOI,Tier 1 Capital Ratio,68.8,2020-Q4,rbnz-dashboard
BOI,Total Non-Performing Loans,,2020-Q4,rbnz-dashboard
BOI,NPL Ratio,,2020-Q4,rbnz-dashboard
BOI,Return on Assets,2.5,2020-Q4,rbnz-dashboard
BOI,Return on Equity,4.2,2020-Q4,rbnz-dashboard
BOI,NIM,4.3,2020-Q4,rbnz-dashboard
BOI,Net Interest Income,1,2020-Q4,rbnz-dashboard
BOI,Trading and Hedging Gains,0.1,2020-Q4,rbnz-dashboard
BOI,Fees and Commission Income,0,2020-Q4,rbnz-dashboard
BOI,Other Income,0,2020-Q4,rbnz-dashboard
BOI,Operating Expenses,0.5,2020-Q4,rbnz-dashboard
BOI,Profit After Tax,0.6,2020-Q4,rbnz-dashboard
BOI,Total Assets,94.9,2020-Q4,rbnz-dashboard
BOI,Cash Position,18.5,2020-Q4,rbnz-dashboard
BOI,Net Loans and Advances,75.2,2020-Q4,rbnz-dashboard
BOI,Deposits,37.5,2020-Q4,rbnz-dashboard
BOI,Equity,56.5,2020-Q4,rbnz-dashboard
BOI,Core Funding Ratio (CFR),111.9,2020-Q4,rbnz-dashboard
CBA Group,Total Capital Ratio,,2020-Q4,rbnz-dashboard
CBA Group,CET1 Ratio,,2020-Q4,rbnz-dashboard
CBA Group,Tier 1 Capital Ratio,,2020-Q4,rbnz-dashboard
CBA Group,Total Non-Performing Loans,420.7,2020-Q4,rbnz-dashboard
CBA Group,NPL Ratio,0.4,2020-Q4,rbnz-dashboard
CBA Group,Return on Assets,1.1,2020-Q4,rbnz-dashboard
CBA Group,Return on Equity,15.1,2020-Q4,rbnz-dashboard
CBA Group,NIM,1.9,2020-Q4,rbnz-dashboard
CBA Group,Net Interest Income,552,2020-Q4,rbnz-dashboard
CBA Group,Trading and Hedging Gains,23.1,2020-Q4,rbnz-dashboard
CBA Group,Fees and Commission Income,136.4,2020-Q4,rbnz-dashboard
CBA Group,Other Income,-1,2020-Q4,rbnz-dashboard
CBA Group,Operating Expenses,262.7,2020-Q4,rbnz-dashboard
CBA Group,Profit After Tax,321.1,2020-Q4,rbnz-dashboard
CBA Group,Total Assets,117967,2020-Q4,rbnz-dashboard
CBA Group,Cash Position,3365.9,2020-Q4,rbnz-dashboard
CBA Group,Net Loans and Advances,98030,2020-Q4,rbnz-dashboard
CBA Group,Deposits,72626.4,2020-Q4,rbnz-dashboard
CBA Group,Equity,8579.6,2020-Q4,rbnz-dashboard
CBA Group,Core Funding Ratio (CFR),,2020-Q4,rbnz-dashboard
CCB,Total Capital Ratio,17.3,2020-Q4,rbnz-dashboard
CCB,CET1 Ratio,16.7,2020-Q4,rbnz-dashboard
CCB,Tier 1 Capital Ratio,16.7,2020-Q4,rbnz-dashboard
CCB,Total Non-Performing Loans,,2020-Q4,rbnz-dashboard
CCB,NPL Ratio,,2020-Q4,rbnz-dashboard
CCB,Return on Assets,0.9,2020-Q4,rbnz-dashboard
CCB,Return on Equity,7.5,2020-Q4,rbnz-dashboard
CCB,NIM,1.9,2020-Q4,rbnz-dashboard
CCB,Net Interest Income,9.1,2020-Q4,rbnz-dashboard
CCB,Trading and Hedging Gains,-1,2020-Q4,rbnz-dashboard
CCB,Fees and Commission Income,0.4,2020-Q4,rbnz-dashboard
CCB,Other Income,0.1,2020-Q4,rbnz-dashboard
CCB,Operating Expenses,3,2020-Q4,rbnz-dashboard
CCB,Profit After Tax,4.5,2020-Q4,rbnz-dashboard
CCB,Total Assets,1854.3,2020-Q4,rbnz-dashboard
CCB,Cash Position,215.7,2020-Q4,rbnz-dashboard
CCB,Net Loans and Advances,1573.6,2020-Q4,rbnz-dashboard
CCB,Deposits,344.6,2020-Q4,rbnz-dashboard
CCB,Equity,240.9,2020-Q4,rbnz-dashboard
CCB,Core Funding Ratio (CFR),82,2020-Q4,rbnz-dashboard
CCB Group,Total Capital Ratio,,2020-Q4,rbnz-dashboard
CCB Group,CET1 Ratio,,2020-Q4,rbnz-dashboard
CCB Group,Tier 1 Capital Ratio,,2020-Q4,rbnz-dashboard
CCB Group,Total Non-Performing Loans,,2020-Q4,rbnz-dashboard
CCB Group,NPL Ratio,,2020-Q4,rbnz-dashboard
CCB Group,Return on Assets,0.7,2020-Q4,rbnz-dashboard
CCB Group,Return on Equity,8.7,2020-Q4,rbnz-dashboard
CCB Group,NIM,1.8,2020-Q4,rbnz-dashboard
CCB Group,Net Interest Income,14.8,2020-Q4,rbnz-dashboard
CCB Group,Trading and Hedging Gains,-3.4,2020-Q4,rbnz-dashboard
CCB Group,Fees and Commission Income,1.1,2020-Q4,rbnz-dashboard
CCB Group,Other Income,0,2020-Q4,rbnz-dashboard
CCB Group,Operating Expenses,4.9,2020-Q4,rbnz-dashboard
CCB Group,Profit After Tax,5.5,2020-Q4,rbnz-dashboard
CCB Group,Total Assets,3311.4,2020-Q4,rbnz-dashboard
CCB Group,Cash Position,532.3,2020-Q4,rbnz-dashboard
CCB Group,Net Loans and Advances,2712.6,2020-Q4,rbnz-dashboard
CCB Group,Deposits,419.7,2020-Q4,rbnz-dashboard
CCB Group,Equity,252.2,2020-Q4,rbnz-dashboard
CCB Group,Core Funding Ratio (CFR),,2020-Q4,rbnz-dashboard
Co-op,Total Capital Ratio,17,2020-Q4,rbnz-dashboard
Co-op,CET1 Ratio,14.8,2020-Q4,rbnz-dashboard
Co-op,Tier 1 Capital Ratio,14.8,2020-Q4,rbnz-dashboard
Co-op,Total Non-Performing Loans,8.9,2020-Q4,rbnz-dashboard
Co-op,NPL Ratio,0.3,2020-Q4,rbnz-dashboard
Co-op,Return on Assets,0.6,2020-Q4,rbnz-dashboard
Co-op,Return on Equity,8.2,2020-Q4,rbnz-dashboard
Co-op,NIM,2.3,2020-Q4,rbnz-dashboard
Co-op,Net Interest Income,17.5,2020-Q4,rbnz-dashboard
Co-op,Trading and Hedging Gains,-0.1,2020-Q4,rbnz-dashboard
Co-op,Fees and Commission Income,2.6,2020-Q4,rbnz-dashboard
Co-op,Other Income,2.1,2020-Q4,rbnz-dashboard
Co-op,Operating Expenses,15.6,2020-Q4,rbnz-dashboard
Co-op,Profit After Tax,4.5,2020-Q4,rbnz-dashboard
Co-op,Total Assets,3063.7,2020-Q4,rbnz-dashboard
Co-op,Cash Position,51,2020-Q4,rbnz-dashboard
Co-op,Net Loans and Advances,2652.7,2020-Q4,rbnz-dashboard
Co-op,Deposits,2554.6,2020-Q4,rbnz-dashboard
Co-op,Equity,218.3,2020-Q4,rbnz-dashboard
Co-op,Core Funding Ratio (CFR),105.3,2020-Q4,rbnz-dashboard
Heartland,Total Capital Ratio,14,2020-Q4,rbnz-dashboard
Heartland,CET1 Ratio,14,2020-Q4,rbnz-dashboard
Heartland,Tier 1 Capital Ratio,14,2020-Q4,rbnz-dashboard
Heartland,Total Non-Performing Loans,79.9,2020-Q4,rbnz-dashboard
Heartland,NPL Ratio,2.1,2020-Q4,rbnz-dashboard
Heartland,Return on Assets,1.1,2020-Q4,rbnz-dashboard
Heartland,Return on Equity,7.4,2020-Q4,rbnz-dashboard
Heartland,NIM,4.6,2020-Q4,rbnz-dashboard
Heartland,Net Interest Income,48.9,2020-Q4,rbnz-dashboard
Heartland,Trading and Hedging Gains,0.7,2020-Q4,rbnz-dashboard
Heartland,Fees and Commission Income,2.4,2020-Q4,rbnz-dashboard
Heartland,Other Income,1.4,2020-Q4,rbnz-dashboard
Heartland,Operating Expenses,32.9,2020-Q4,rbnz-dashboard
Heartland,Profit After Tax,11.7,2020-Q4,rbnz-dashboard
Heartland,Total Assets,4357.9,2020-Q4,rbnz-dashboard
Heartland,Cash Position,112.4,2020-Q4,rbnz-dashboard
Heartland,Net Loans and Advances,3664.5,2020-Q4,rbnz-dashboard
Heartland,Deposits,3271.1,2020-Q4,rbnz-dashboard
Heartland,Equity,633.6,2020-Q4,rbnz-dashboard
Heartland,Core Funding Ratio (CFR),92.3,2020-Q4,rbnz-dashboard
ICBC,Total Capital Ratio,17.1,2020-Q4,rbnz-dashboard
ICBC,CET1 Ratio,15.1,2020-Q4,rbnz-dashboard
ICBC,Tier 1 Capital Ratio,15.1,2020-Q4,rbnz-dashboard
ICBC,Total Non-Performing Loans,5.9,2020-Q4,rbnz-dashboard
ICBC,NPL Ratio,0.4,2020-Q4,rbnz-dashboard
ICBC,Return on Assets,0.3,2020-Q4,rbnz-dashboard
ICBC,Return on Equity,2.4,2020-Q4,rbnz-dashboard
ICBC,NIM,1.5,2020-Q4,rbnz-dashboard
ICBC,Net Interest Income,8,2020-Q4,rbnz-dashboard
ICBC,Trading and Hedging Gains,-2.5,2020-Q4,rbnz-dashboard
ICBC,Fees and Commission Income,0.3,2020-Q4,rbnz-dashboard
ICBC,Other Income,0.2,2020-Q4,rbnz-dashboard
ICBC,Operating Expenses,4.3,2020-Q4,rbnz-dashboard
ICBC,Profit After Tax,1.6,2020-Q4,rbnz-dashboard
ICBC,Total Assets,2046.1,2020-Q4,rbnz-dashboard
ICBC,Cash Position,204.8,2020-Q4,rbnz-dashboard
ICBC,Net Loans and Advances,1617,2020-Q4,rbnz-dashboard
ICBC,Deposits,769.9,2020-Q4,rbnz-dashboard
ICBC,Equity,269.9,2020-Q4,rbnz-dashboard
ICBC,Core Funding Ratio (CFR),84.3,2020-Q4,rbnz-dashboard
ICBC Group,Total Capital Ratio,,2020-Q4,rbnz-dashboard
ICBC Group,CET1 Ratio,,2020-Q4,rbnz-dashboard
ICBC Group,Tier 1 Capital Ratio,,2020-Q4,rbnz-dashboard
ICBC Group,Total Non-Performing Loans,5.9,2020-Q4,rbnz-dashboard
ICBC Group,NPL Ratio,0.3,2020-Q4,rbnz-dashboard
ICBC Group,Return on Assets,0.2,2020-Q4,rbnz-dashboard
ICBC Group,Return on Equity,1.4,2020-Q4,rbnz-dashboard
ICBC Group,NIM,1.5,2020-Q4,rbnz-dashboard
ICBC Group,Net Interest Income,8.4,2020-Q4,rbnz-dashboard
ICBC Group,Trading and Hedging Gains,-2.5,2020-Q4,rbnz-dashboard
ICBC Group,Fees and Commission Income,0.3,2020-Q4,rbnz-dashboard
ICBC Group,Other Income,0,2020-Q4,rbnz-dashboard
ICBC Group,Operating Expenses,4.9,2020-Q4,rbnz-dashboard
ICBC Group,Profit After Tax,1,2020-Q4,rbnz-dashboard
ICBC Group,Total Assets,2302.2,2020-Q4,rbnz-dashboard
ICBC Group,Cash Position,326,2020-Q4,rbnz-dashboard
ICBC Group,Net Loans and Advances,1751.1,2020-Q4,rbnz-dashboard
ICBC Group,Deposits,695.8,2020-Q4,rbnz-dashboard
ICBC Group,Equity,353.3,2020-Q4,rbnz-dashboard
ICBC Group,Core Funding Ratio (CFR),,2020-Q4,rbnz-dashboard
Kiwibank,Total Capital Ratio,13.3,2020-Q4,rbnz-dashboard
Kiwibank,CET1 Ratio,10.9,2020-Q4,rbnz-dashboard
Kiwibank,Tier 1 Capital Ratio,12,2020-Q4,rbnz-dashboard
Kiwibank,Total Non-Performing Loans,12.5,2020-Q4,rbnz-dashboard
Kiwibank,NPL Ratio,0.1,2020-Q4,rbnz-dashboard
Kiwibank,Return on Assets,0.5,2020-Q4,rbnz-dashboard
Kiwibank,Return on Equity,7.6,2020-Q4,rbnz-dashboard
Kiwibank,NIM,2,2020-Q4,rbnz-dashboard
Kiwibank,Net Interest Income,132.8,2020-Q4,rbnz-dashboard
Kiwibank,Trading and Hedging Gains,1.5,2020-Q4,rbnz-dashboard
Kiwibank,Fees and Commission Income,9.2,2020-Q4,rbnz-dashboard
Kiwibank,Other Income,0.8,2020-Q4,rbnz-dashboard
Kiwibank,Operating Expenses,100.4,2020-Q4,rbnz-dashboard
Kiwibank,Profit After Tax,31.2,2020-Q4,rbnz-dashboard
Kiwibank,Total Assets,27283.4,2020-Q4,rbnz-dashboard
Kiwibank,Cash Position,1071.3,2020-Q4,rbnz-dashboard
Kiwibank,Net Loans and Advances,23884.8,2020-Q4,rbnz-dashboard
Kiwibank,Deposits,21890.7,2020-Q4,rbnz-dashboard
Kiwibank,Equity,1644,2020-Q4,rbnz-dashboard
Kiwibank,Core Funding Ratio (CFR),92.1,2020-Q4,rbnz-dashboard
Rabo Group,Total Capital Ratio,,2020-Q4,rbnz-dashboard
Rabo Group,CET1 Ratio,,2020-Q4,rbnz-dashboard
Rabo Group,Tier 1 Capital Ratio,,2020-Q4,rbnz-dashboard
Rabo Group,Total Non-Performing Loans,500.1,2020-Q4,rbnz-dashboard
Rabo Group,NPL Ratio,3.5,2020-Q4,rbnz-dashboard
Rabo Group,Return on Assets,1,2020-Q4,rbnz-dashboard
Rabo Group,Return on Equity,8.5,2020-Q4,rbnz-dashboard
Rabo Group,NIM,2.3,2020-Q4,rbnz-dashboard
Rabo Group,Net Interest Income,99.1,2020-Q4,rbnz-dashboard
Rabo Group,Trading and Hedging Gains,1.7,2020-Q4,rbnz-dashboard
Rabo Group,Fees and Commission Income,0.7,2020-Q4,rbnz-dashboard
Rabo Group,Other Income,5,2020-Q4,rbnz-dashboard
Rabo Group,Operating Expenses,52.2,2020-Q4,rbnz-dashboard
Rabo Group,Profit After Tax,45.4,2020-Q4,rbnz-dashboard
Rabo Group,Total Assets,17494,2020-Q4,rbnz-dashboard
Rabo Group,Cash Position,2370.9,2020-Q4,rbnz-dashboard
Rabo Group,Net Loans and Advances,14156.3,2020-Q4,rbnz-dashboard
Rabo Group,Deposits,5732,2020-Q4,rbnz-dashboard
Rabo Group,Equity,2141.8,2020-Q4,rbnz-dashboard
Rabo Group,Core Funding Ratio (CFR),,2020-Q4,rbnz-dashboard
Rabobank,Total Capital Ratio,13.4,2020-Q4,rbnz-dashboard
Rabobank,CET1 Ratio,13.4,2020-Q4,rbnz-dashboard
Rabobank,Tier 1 Capital Ratio,13.4,2020-Q4,rbnz-dashboard
Rabobank,Total Non-Performing Loans,376,2020-Q4,rbnz-dashboard
Rabobank,NPL Ratio,3.2,2020-Q4,rbnz-dashboard
Rabobank,Return on Assets,0.8,2020-Q4,rbnz-dashboard
Rabobank,Return on Equity,5.5,2020-Q4,rbnz-dashboard
Rabobank,NIM,2.3,2020-Q4,rbnz-dashboard
Rabobank,Net Interest Income,73.8,2020-Q4,rbnz-dashboard
Rabobank,Trading and Hedging Gains,0.3,2020-Q4,rbnz-dashboard
Rabobank,Fees and Commission Income,0.2,2020-Q4,rbnz-dashboard
Rabobank,Other Income,0.1,2020-Q4,rbnz-dashboard
Rabobank,Operating Expenses,42.4,2020-Q4,rbnz-dashboard
Rabobank,Profit After Tax,24.5,2020-Q4,rbnz-dashboard
Rabobank,Total Assets,12722.7,2020-Q4,rbnz-dashboard
Rabobank,Cash Position,450.1,2020-Q4,rbnz-dashboard
Rabobank,Net Loans and Advances,11574.6,2020-Q4,rbnz-dashboard
Rabobank,Deposits,5098.7,2020-Q4,rbnz-dashboard
Rabobank,Equity,1768.7,2020-Q4,rbnz-dashboard
Rabobank,Core Funding Ratio (CFR),68.6,2020-Q4,rbnz-dashboard
SBS,Total Capital Ratio,15.2,2020-Q4,rbnz-dashboard
SBS,CET1 Ratio,12.5,2020-Q4,rbnz-dashboard
SBS,Tier 1 Capital Ratio,12.5,2020-Q4,rbnz-dashboard
SBS,Total Non-Performing Loans,7.6,2020-Q4,rbnz-dashboard
SBS,NPL Ratio,0.2,2020-Q4,rbnz-dashboard
SBS,Return on Assets,0.9,2020-Q4,rbnz-dashboard
SBS,Return on Equity,12.6,2020-Q4,rbnz-dashboard
SBS,NIM,2.5,2020-Q4,rbnz-dashboard
SBS,Net Interest Income,30.4,2020-Q4,rbnz-dashboard
SBS,Trading and Hedging Gains,0.6,2020-Q4,rbnz-dashboard
SBS,Fees and Commission Income,6.9,2020-Q4,rbnz-dashboard
SBS,Other Income,2.4,2020-Q4,rbnz-dashboard
SBS,Operating Expenses,23.5,2020-Q4,rbnz-dashboard
SBS,Profit After Tax,11.6,2020-Q4,rbnz-dashboard
SBS,Total Assets,4839.3,2020-Q4,rbnz-dashboard
SBS,Cash Position,125.4,2020-Q4,rbnz-dashboard
SBS,Net Loans and Advances,4026.8,2020-Q4,rbnz-dashboard
SBS,Deposits,3556,2020-Q4,rbnz-dashboard
SBS,Equity,374.5,2020-Q4,rbnz-dashboard
SBS,Core Funding Ratio (CFR),96.1,2020-Q4,rbnz-dashboard
TSB,Total Capital Ratio,15.1,2020-Q4,rbnz-dashboard
TSB,CET1 Ratio,15.1,2020-Q4,rbnz-dashboard
TSB,Tier 1 Capital Ratio,15.1,2020-Q4,rbnz-dashboard
TSB,Total Non-Performing Loans,26.7,2020-Q4,rbnz-dashboard
TSB,NPL Ratio,0.4,2020-Q4,rbnz-dashboard
TSB,Return on Assets,0.5,2020-Q4,rbnz-dashboard
TSB,Return on Equity,6.1,2020-Q4,rbnz-dashboard
TSB,NIM,1.7,2020-Q4,rbnz-dashboard
TSB,Net Interest Income,37.5,2020-Q4,rbnz-dashboard
TSB,Trading and Hedging Gains,0,2020-Q4,rbnz-dashboard
TSB,Fees and Commission Income,3.6,2020-Q4,rbnz-dashboard
TSB,Other Income,1.2,2020-Q4,rbnz-dashboard
TSB,Operating Expenses,26.5,2020-Q4,rbnz-dashboard
TSB,Profit After Tax,11.1,2020-Q4,rbnz-dashboard
TSB,Total Assets,8761.3,2020-Q4,rbnz-dashboard
TSB,Cash Position,495.9,2020-Q4,rbnz-dashboard
TSB,Net Loans and Advances,6201,2020-Q4,rbnz-dashboard
TSB,Deposits,7935.4,2020-Q4,rbnz-dashboard
TSB,Equity,722.2,2020-Q4,rbnz-dashboard
TSB,Core Funding Ratio (CFR),125,2020-Q4,rbnz-dashboard
WBC Group,Total Capital Ratio,,2020-Q4,rbnz-dashboard
WBC Group,CET1 Ratio,,2020-Q4,rbnz-dashboard
WBC Group,Tier 1 Capital Ratio,,2020-Q4,rbnz-dashboard
WBC Group,Total Non-Performing Loans,348.7,2020-Q4,rbnz-dashboard
WBC Group,NPL Ratio,0.4,2020-Q4,rbnz-dashboard
WBC Group,Return on Assets,1,2020-Q4,rbnz-dashboard
WBC Group,Return on Equity,13,2020-Q4,rbnz-dashboard
WBC Group,NIM,2,2020-Q4,rbnz-dashboard
WBC Group,Net Interest Income,520.2,2020-Q4,rbnz-dashboard
WBC Group,Trading and Hedging Gains,3.8,2020-Q4,rbnz-dashboard
WBC Group,Fees and Commission Income,71.9,2020-Q4,rbnz-dashboard
WBC Group,Other Income,5.8,2020-Q4,rbnz-dashboard
WBC Group,Operating Expenses,272.8,2020-Q4,rbnz-dashboard
WBC Group,Profit After Tax,299.6,2020-Q4,rbnz-dashboard
WBC Group,Total Assets,117159.7,2020-Q4,rbnz-dashboard
WBC Group,Cash Position,7830.6,2020-Q4,rbnz-dashboard
WBC Group,Net Loans and Advances,89643.5,2020-Q4,rbnz-dashboard
WBC Group,Deposits,74616,2020-Q4,rbnz-dashboard
WBC Group,Equity,9332.5,2020-Q4,rbnz-dashboard
WBC Group,Core Funding Ratio (CFR),,2020-Q4,rbnz-dashboard
Westpac,Total Capital Ratio,17.6,2020-Q4,rbnz-dashboard
Westpac,CET1 Ratio,12.9,2020-Q4,rbnz-dashboard
Westpac,Tier 1 Capital Ratio,15.6,2020-Q4,rbnz-dashboard
Westpac,Total Non-Performing Loans,340.2,2020-Q4,rbnz-dashboard
Westpac,NPL Ratio,0.4,2020-Q4,rbnz-dashboard
Westpac,Return on Assets,1.1,2020-Q4,rbnz-dashboard
Westpac,Return on Equity,14.7,2020-Q4,rbnz-dashboard
Westpac,NIM,2,2020-Q4,rbnz-dashboard
Westpac,Net Interest Income,508.3,2020-Q4,rbnz-dashboard
Westpac,Trading and Hedging Gains,-0.8,2020-Q4,rbnz-dashboard
Westpac,Fees and Commission Income,63.3,2020-Q4,rbnz-dashboard
Westpac,Other Income,6.2,2020-Q4,rbnz-dashboard
Westpac,Operating Expenses,262.1,2020-Q4,rbnz-dashboard
Westpac,Profit After Tax,288.7,2020-Q4,rbnz-dashboard
Westpac,Total Assets,106744,2020-Q4,rbnz-dashboard
Westpac,Cash Position,7788.7,2020-Q4,rbnz-dashboard
Westpac,Net Loans and Advances,89296.4,2020-Q4,rbnz-dashboard
Westpac,Deposits,73550.8,2020-Q4,rbnz-dashboard
Westpac,Equity,7971,2020-Q4,rbnz-dashboard
Westpac,Core Funding Ratio (CFR),82.7,2020-Q4,rbnz-dashboard
ANZ,Total Capital Ratio,15.9,2021-Q1,rbnz-dashboard
ANZ,CET1 Ratio,13.1,2021-Q1,rbnz-dashboard
ANZ,Tier 1 Capital Ratio,15.9,2021-Q1,rbnz-dashboard
ANZ,Total Non-Performing Loans,702.9,2021-Q1,rbnz-dashboard
ANZ,NPL Ratio,0.5,2021-Q1,rbnz-dashboard
ANZ,Return on Assets,1.2,2021-Q1,rbnz-dashboard
ANZ,Return on Equity,13.6,2021-Q1,rbnz-dashboard
ANZ,NIM,2.1,2021-Q1,rbnz-dashboard
ANZ,Net Interest Income,852.1,2021-Q1,rbnz-dashboard
ANZ,Trading and Hedging Gains,79.4,2021-Q1,rbnz-dashboard
ANZ,Fees and Commission Income,129.5,2021-Q1,rbnz-dashboard
ANZ,Other Income,18.1,2021-Q1,rbnz-dashboard
ANZ,Operating Expenses,373.9,2021-Q1,rbnz-dashboard
ANZ,Profit After Tax,553.9,2021-Q1,rbnz-dashboard
ANZ,Total Assets,183544.4,2021-Q1,rbnz-dashboard
ANZ,Cash Position,6400.6,2021-Q1,rbnz-dashboard
ANZ,Net Loans and Advances,137489,2021-Q1,rbnz-dashboard
ANZ,Deposits,122785.8,2021-Q1,rbnz-dashboard
ANZ,Equity,16844.7,2021-Q1,rbnz-dashboard
ANZ,Core Funding Ratio (CFR),90.8,2021-Q1,rbnz-dashboard
ANZ Group,Total Capital Ratio,,2021-Q1,rbnz-dashboard
ANZ Group,CET1 Ratio,,2021-Q1,rbnz-dashboard
ANZ Group,Tier 1 Capital Ratio,,2021-Q1,rbnz-dashboard
ANZ Group,Total Non-Performing Loans,705,2021-Q1,rbnz-dashboard
ANZ Group,NPL Ratio,0.5,2021-Q1,rbnz-dashboard
ANZ Group,Return on Assets,1.2,2021-Q1,rbnz-dashboard
ANZ Group,Return on Equity,15.6,2021-Q1,rbnz-dashboard
ANZ Group,NIM,2.1,2021-Q1,rbnz-dashboard
ANZ Group,Net Interest Income,846.9,2021-Q1,rbnz-dashboard
ANZ Group,Trading and Hedging Gains,97.4,2021-Q1,rbnz-dashboard
ANZ Group,Fees and Commission Income,129.5,2021-Q1,rbnz-dashboard
ANZ Group,Other Income,17.9,2021-Q1,rbnz-dashboard
ANZ Group,Operating Expenses,374.3,2021-Q1,rbnz-dashboard
ANZ Group,Profit After Tax,562.5,2021-Q1,rbnz-dashboard
ANZ Group,Total Assets,183811.3,2021-Q1,rbnz-dashboard
ANZ Group,Cash Position,6400.6,2021-Q1,rbnz-dashboard
ANZ Group,Net Loans and Advances,137786.3,2021-Q1,rbnz-dashboard
ANZ Group,Deposits,122785.8,2021-Q1,rbnz-dashboard
ANZ Group,Equity,14972.4,2021-Q1,rbnz-dashboard
ANZ Group,Core Funding Ratio (CFR),,2021-Q1,rbnz-dashboard
ASB,Total Capital Ratio,14.8,2021-Q1,rbnz-dashboard
ASB,CET1 Ratio,12.4,2021-Q1,rbnz-dashboard
ASB,Tier 1 Capital Ratio,14.1,2021-Q1,rbnz-dashboard
ASB,Total Non-Performing Loans,410.7,2021-Q1,rbnz-dashboard
ASB,NPL Ratio,0.4,2021-Q1,rbnz-dashboard
ASB,Return on Assets,1.3,2021-Q1,rbnz-dashboard
ASB,Return on Equity,17,2021-Q1,rbnz-dashboard
ASB,NIM,2.3,2021-Q1,rbnz-dashboard
ASB,Net Interest Income,617.1,2021-Q1,rbnz-dashboard
ASB,Trading and Hedging Gains,31.6,2021-Q1,rbnz-dashboard
ASB,Fees and Commission Income,126.6,2021-Q1,rbnz-dashboard
ASB,Other Income,0,2021-Q1,rbnz-dashboard
ASB,Operating Expenses,283.4,2021-Q1,rbnz-dashboard
ASB,Profit After Tax,364,2021-Q1,rbnz-dashboard
ASB,Total Assets,112419,2021-Q1,rbnz-dashboard
ASB,Cash Position,4892.3,2021-Q1,rbnz-dashboard
ASB,Net Loans and Advances,96948.8,2021-Q1,rbnz-dashboard
ASB,Deposits,73517.5,2021-Q1,rbnz-dashboard
ASB,Equity,8883.1,2021-Q1,rbnz-dashboard
ASB,Core Funding Ratio (CFR),84,2021-Q1,rbnz-dashboard
BNZ,Total Capital Ratio,16,2021-Q1,rbnz-dashboard
BNZ,CET1 Ratio,12.9,2021-Q1,rbnz-dashboard
BNZ,Tier 1 Capital Ratio,14.2,2021-Q1,rbnz-dashboard
BNZ,Total Non-Performing Loans,651.1,2021-Q1,rbnz-dashboard
BNZ,NPL Ratio,0.7,2021-Q1,rbnz-dashboard
BNZ,Return on Assets,1.3,2021-Q1,rbnz-dashboard
BNZ,Return on Equity,16,2021-Q1,rbnz-dashboard
BNZ,NIM,2.1,2021-Q1,rbnz-dashboard
BNZ,Net Interest Income,540.8,2021-Q1,rbnz-dashboard
BNZ,Trading and Hedging Gains,119.3,2021-Q1,rbnz-dashboard
BNZ,Fees and Commission Income,88.9,2021-Q1,rbnz-dashboard
BNZ,Other Income,0,2021-Q1,rbnz-dashboard
BNZ,Operating Expenses,245.3,2021-Q1,rbnz-dashboard
BNZ,Profit After Tax,356.8,2021-Q1,rbnz-dashboard
BNZ,Total Assets,114314,2021-Q1,rbnz-dashboard
BNZ,Cash Position,7242.7,2021-Q1,rbnz-dashboard
BNZ,Net Loans and Advances,90850.8,2021-Q1,rbnz-dashboard
BNZ,Deposits,71029.9,2021-Q1,rbnz-dashboard
BNZ,Equity,9227.6,2021-Q1,rbnz-dashboard
BNZ,Core Funding Ratio (CFR),87.8,2021-Q1,rbnz-dashboard
BOB,Total Capital Ratio,61.7,2021-Q1,rbnz-dashboard
BOB,CET1 Ratio,61.7,2021-Q1,rbnz-dashboard
BOB,Tier 1 Capital Ratio,61.7,2021-Q1,rbnz-dashboard
BOB,Total Non-Performing Loans,,2021-Q1,rbnz-dashboard
BOB,NPL Ratio,,2021-Q1,rbnz-dashboard
BOB,Return on Assets,1,2021-Q1,rbnz-dashboard
BOB,Return on Equity,2.9,2021-Q1,rbnz-dashboard
BOB,NIM,2.6,2021-Q1,rbnz-dashboard
BOB,Net Interest Income,0.9,2021-Q1,rbnz-dashboard
BOB,Trading and Hedging Gains,0.2,2021-Q1,rbnz-dashboard
BOB,Fees and Commission Income,0.1,2021-Q1,rbnz-dashboard
BOB,Other Income,0,2021-Q1,rbnz-dashboard
BOB,Operating Expenses,0.7,2021-Q1,rbnz-dashboard
BOB,Profit After Tax,0.4,2021-Q1,rbnz-dashboard
BOB,Total Assets,148.2,2021-Q1,rbnz-dashboard
BOB,Cash Position,20.3,2021-Q1,rbnz-dashboard
BOB,Net Loans and Advances,125.3,2021-Q1,rbnz-dashboard
BOB,Deposits,95.5,2021-Q1,rbnz-dashboard
BOB,Equity,50,2021-Q1,rbnz-dashboard
BOB,Core Funding Ratio (CFR),119.8,2021-Q1,rbnz-dashboard
BOC,Total Capital Ratio,16.8,2021-Q1,rbnz-dashboard
BOC,CET1 Ratio,16.8,2021-Q1,rbnz-dashboard
BOC,Tier 1 Capital Ratio,16.8,2021-Q1,rbnz-dashboard
BOC,Total Non-Performing Loans,5.3,2021-Q1,rbnz-dashboard
BOC,NPL Ratio,0.2,2021-Q1,rbnz-dashboard
BOC,Return on Assets,0.7,2021-Q1,rbnz-dashboard
BOC,Return on Equity,7.5,2021-Q1,rbnz-dashboard
BOC,NIM,1.2,2021-Q1,rbnz-dashboard
BOC,Net Interest Income,8.4,2021-Q1,rbnz-dashboard
BOC,Trading and Hedging Gains,0.4,2021-Q1,rbnz-dashboard
BOC,Fees and Commission Income,3.1,2021-Q1,rbnz-dashboard
BOC,Other Income,0,2021-Q1,rbnz-dashboard
BOC,Operating Expenses,5.1,2021-Q1,rbnz-dashboard
BOC,Profit After Tax,5.1,2021-Q1,rbnz-dashboard
BOC,Total Assets,2968.9,2021-Q1,rbnz-dashboard
BOC,Cash Position,600.9,2021-Q1,rbnz-dashboard
BOC,Net Loans and Advances,2177.5,2021-Q1,rbnz-dashboard
BOC,Deposits,1295.5,2021-Q1,rbnz-dashboard
BOC,Equity,275.9,2021-Q1,rbnz-dashboard
BOC,Core Funding Ratio (CFR),69.1,2021-Q1,rbnz-dashboard
BOC Group,Total Capital Ratio,,2021-Q1,rbnz-dashboard
BOC Group,CET1 Ratio,,2021-Q1,rbnz-dashboard
BOC Group,Tier 1 Capital Ratio,,2021-Q1,rbnz-dashboard
BOC Group,Total Non-Performing Loans,5.3,2021-Q1,rbnz-dashboard
BOC Group,NPL Ratio,0.1,2021-Q1,rbnz-dashboard
BOC Group,Return on Assets,0.8,2021-Q1,rbnz-dashboard
BOC Group,Return on Equity,13.8,2021-Q1,rbnz-dashboard
BOC Group,NIM,1.3,2021-Q1,rbnz-dashboard
BOC Group,Net Interest Income,16.4,2021-Q1,rbnz-dashboard
BOC Group,Trading and Hedging Gains,1.4,2021-Q1,rbnz-dashboard
BOC Group,Fees and Commission Income,1,2021-Q1,rbnz-dashboard
BOC Group,Other Income,0,2021-Q1,rbnz-dashboard
BOC Group,Operating Expenses,5.1,2021-Q1,rbnz-dashboard
BOC Group,Profit After Tax,9.7,2021-Q1,rbnz-dashboard
BOC Group,Total Assets,5058,2021-Q1,rbnz-dashboard
BOC Group,Cash Position,614.6,2021-Q1,rbnz-dashboard
BOC Group,Net Loans and Advances,4243.5,2021-Q1,rbnz-dashboard
BOC Group,Deposits,1470.3,2021-Q1,rbnz-dashboard
BOC Group,Equity,286.1,2021-Q1,rbnz-dashboard
BOC Group,Core Funding Ratio (CFR),,2021-Q1,rbnz-dashboard
BOI,Total Capital Ratio,62.2,2021-Q1,rbnz-dashboard
BOI,CET1 Ratio,62.2,2021-Q1,rbnz-dashboard
BOI,Tier 1 Capital Ratio,62.2,2021-Q1,rbnz-dashboard
BOI,Total Non-Performing Loans,,2021-Q1,rbnz-dashboard
BOI,NPL Ratio,,2021-Q1,rbnz-dashboard
BOI,Return on Assets,0,2021-Q1,rbnz-dashboard
BOI,Return on Equity,0,2021-Q1,rbnz-dashboard
BOI,NIM,3.9,2021-Q1,rbnz-dashboard
BOI,Net Interest Income,0.9,2021-Q1,rbnz-dashboard
BOI,Trading and Hedging Gains,0.1,2021-Q1,rbnz-dashboard
BOI,Fees and Commission Income,0,2021-Q1,rbnz-dashboard
BOI,Other Income,0,2021-Q1,rbnz-dashboard
BOI,Operating Expenses,0.7,2021-Q1,rbnz-dashboard
BOI,Profit After Tax,0,2021-Q1,rbnz-dashboard
BOI,Total Assets,101.7,2021-Q1,rbnz-dashboard
BOI,Cash Position,10.2,2021-Q1,rbnz-dashboard
BOI,Net Loans and Advances,90.2,2021-Q1,rbnz-dashboard
BOI,Deposits,44.3,2021-Q1,rbnz-dashboard
BOI,Equity,56.5,2021-Q1,rbnz-dashboard
BOI,Core Funding Ratio (CFR),107.3,2021-Q1,rbnz-dashboard
CBA Group,Total Capital Ratio,,2021-Q1,rbnz-dashboard
CBA Group,CET1 Ratio,,2021-Q1,rbnz-dashboard
CBA Group,Tier 1 Capital Ratio,,2021-Q1,rbnz-dashboard
CBA Group,Total Non-Performing Loans,410.7,2021-Q1,rbnz-dashboard
CBA Group,NPL Ratio,0.4,2021-Q1,rbnz-dashboard
CBA Group,Return on Assets,1.2,2021-Q1,rbnz-dashboard
CBA Group,Return on Equity,16.1,2021-Q1,rbnz-dashboard
CBA Group,NIM,2.1,2021-Q1,rbnz-dashboard
CBA Group,Net Interest Income,593.3,2021-Q1,rbnz-dashboard
CBA Group,Trading and Hedging Gains,34.4,2021-Q1,rbnz-dashboard
CBA Group,Fees and Commission Income,131.3,2021-Q1,rbnz-dashboard
CBA Group,Other Income,0.5,2021-Q1,rbnz-dashboard
CBA Group,Operating Expenses,286,2021-Q1,rbnz-dashboard
CBA Group,Profit After Tax,348.3,2021-Q1,rbnz-dashboard
CBA Group,Total Assets,121114.7,2021-Q1,rbnz-dashboard
CBA Group,Cash Position,4944.9,2021-Q1,rbnz-dashboard
CBA Group,Net Loans and Advances,99737.6,2021-Q1,rbnz-dashboard
CBA Group,Deposits,73508.9,2021-Q1,rbnz-dashboard
CBA Group,Equity,8954.2,2021-Q1,rbnz-dashboard
CBA Group,Core Funding Ratio (CFR),,2021-Q1,rbnz-dashboard
CCB,Total Capital Ratio,17.4,2021-Q1,rbnz-dashboard
CCB,CET1 Ratio,16.7,2021-Q1,rbnz-dashboard
CCB,Tier 1 Capital Ratio,16.7,2021-Q1,rbnz-dashboard
CCB,Total Non-Performing Loans,,2021-Q1,rbnz-dashboard
CCB,NPL Ratio,,2021-Q1,rbnz-dashboard
CCB,Return on Assets,1.4,2021-Q1,rbnz-dashboard
CCB,Return on Equity,10.4,2021-Q1,rbnz-dashboard
CCB,NIM,2,2021-Q1,rbnz-dashboard
CCB,Net Interest Income,8.8,2021-Q1,rbnz-dashboard
CCB,Trading and Hedging Gains,0.3,2021-Q1,rbnz-dashboard
CCB,Fees and Commission Income,0.6,2021-Q1,rbnz-dashboard
CCB,Other Income,0.1,2021-Q1,rbnz-dashboard
CCB,Operating Expenses,2.6,2021-Q1,rbnz-dashboard
CCB,Profit After Tax,6.2,2021-Q1,rbnz-dashboard
CCB,Total Assets,1929.7,2021-Q1,rbnz-dashboard
CCB,Cash Position,255.4,2021-Q1,rbnz-dashboard
CCB,Net Loans and Advances,1612,2021-Q1,rbnz-dashboard
CCB,Deposits,354.8,2021-Q1,rbnz-dashboard
CCB,Equity,247.1,2021-Q1,rbnz-dashboard
CCB,Core Funding Ratio (CFR),82.5,2021-Q1,rbnz-dashboard
CCB Group,Total Capital Ratio,,2021-Q1,rbnz-dashboard
CCB Group,CET1 Ratio,,2021-Q1,rbnz-dashboard
CCB Group,Tier 1 Capital Ratio,,2021-Q1,rbnz-dashboard
CCB Group,Total Non-Performing Loans,,2021-Q1,rbnz-dashboard
CCB Group,NPL Ratio,,2021-Q1,rbnz-dashboard
CCB Group,Return on Assets,1.2,2021-Q1,rbnz-dashboard
CCB Group,Return on Equity,15.1,2021-Q1,rbnz-dashboard
CCB Group,NIM,1.9,2021-Q1,rbnz-dashboard
CCB Group,Net Interest Income,14.9,2021-Q1,rbnz-dashboard
CCB Group,Trading and Hedging Gains,0.2,2021-Q1,rbnz-dashboard
CCB Group,Fees and Commission Income,1.3,2021-Q1,rbnz-dashboard
CCB Group,Other Income,0,2021-Q1,rbnz-dashboard
CCB Group,Operating Expenses,4.5,2021-Q1,rbnz-dashboard
CCB Group,Profit After Tax,9.6,2021-Q1,rbnz-dashboard
CCB Group,Total Assets,3131.2,2021-Q1,rbnz-dashboard
CCB Group,Cash Position,389.6,2021-Q1,rbnz-dashboard
CCB Group,Net Loans and Advances,2662.6,2021-Q1,rbnz-dashboard
CCB Group,Deposits,392.7,2021-Q1,rbnz-dashboard
CCB Group,Equity,261.8,2021-Q1,rbnz-dashboard
CCB Group,Core Funding Ratio (CFR),,2021-Q1,rbnz-dashboard
Co-op,Total Capital Ratio,16.9,2021-Q1,rbnz-dashboard
Co-op,CET1 Ratio,14.7,2021-Q1,rbnz-dashboard
Co-op,Tier 1 Capital Ratio,14.7,2021-Q1,rbnz-dashboard
Co-op,Total Non-Performing Loans,11.5,2021-Q1,rbnz-dashboard
Co-op,NPL Ratio,0.4,2021-Q1,rbnz-dashboard
Co-op,Return on Assets,0.6,2021-Q1,rbnz-dashboard
Co-op,Return on Equity,8.1,2021-Q1,rbnz-dashboard
Co-op,NIM,2.4,2021-Q1,rbnz-dashboard
Co-op,Net Interest Income,17.8,2021-Q1,rbnz-dashboard
Co-op,Trading and Hedging Gains,0,2021-Q1,rbnz-dashboard
Co-op,Fees and Commission Income,2.5,2021-Q1,rbnz-dashboard
Co-op,Other Income,2,2021-Q1,rbnz-dashboard
Co-op,Operating Expenses,18.2,2021-Q1,rbnz-dashboard
Co-op,Profit After Tax,4.4,2021-Q1,rbnz-dashboard
Co-op,Total Assets,3122.2,2021-Q1,rbnz-dashboard
Co-op,Cash Position,50.2,2021-Q1,rbnz-dashboard
Co-op,Net Loans and Advances,2697.8,2021-Q1,rbnz-dashboard
Co-op,Deposits,2591.1,2021-Q1,rbnz-dashboard
Co-op,Equity,223.1,2021-Q1,rbnz-dashboard
Co-op,Core Funding Ratio (CFR),104,2021-Q1,rbnz-dashboard
Heartland,Total Capital Ratio,14.4,2021-Q1,rbnz-dashboard
Heartland,CET1 Ratio,14.4,2021-Q1,rbnz-dashboard
Heartland,Tier 1 Capital Ratio,14.4,2021-Q1,rbnz-dashboard
Heartland,Total Non-Performing Loans,76.4,2021-Q1,rbnz-dashboard
Heartland,NPL Ratio,2,2021-Q1,rbnz-dashboard
Heartland,Return on Assets,1.7,2021-Q1,rbnz-dashboard
Heartland,Return on Equity,11.5,2021-Q1,rbnz-dashboard
Heartland,NIM,4.8,2021-Q1,rbnz-dashboard
Heartland,Net Interest Income,50.2,2021-Q1,rbnz-dashboard
Heartland,Trading and Hedging Gains,0.3,2021-Q1,rbnz-dashboard
Heartland,Fees and Commission Income,1.9,2021-Q1,rbnz-dashboard
Heartland,Other Income,1.3,2021-Q1,rbnz-dashboard
Heartland,Operating Expenses,23.3,2021-Q1,rbnz-dashboard
Heartland,Profit After Tax,18.3,2021-Q1,rbnz-dashboard
Heartland,Total Assets,4296.6,2021-Q1,rbnz-dashboard
Heartland,Cash Position,100.3,2021-Q1,rbnz-dashboard
Heartland,Net Loans and Advances,3695.2,2021-Q1,rbnz-dashboard
Heartland,Deposits,3226.1,2021-Q1,rbnz-dashboard
Heartland,Equity,652.2,2021-Q1,rbnz-dashboard
Heartland,Core Funding Ratio (CFR),92.5,2021-Q1,rbnz-dashboard
ICBC,Total Capital Ratio,16.8,2021-Q1,rbnz-dashboard
ICBC,CET1 Ratio,15.2,2021-Q1,rbnz-dashboard
ICBC,Tier 1 Capital Ratio,15.2,2021-Q1,rbnz-dashboard
ICBC,Total Non-Performing Loans,5.8,2021-Q1,rbnz-dashboard
ICBC,NPL Ratio,0.4,2021-Q1,rbnz-dashboard
ICBC,Return on Assets,0.5,2021-Q1,rbnz-dashboard
ICBC,Return on Equity,3.6,2021-Q1,rbnz-dashboard
ICBC,NIM,1.4,2021-Q1,rbnz-dashboard
ICBC,Net Interest Income,7.3,2021-Q1,rbnz-dashboard
ICBC,Trading and Hedging Gains,-0.4,2021-Q1,rbnz-dashboard
ICBC,Fees and Commission Income,0.2,2021-Q1,rbnz-dashboard
ICBC,Other Income,0.7,2021-Q1,rbnz-dashboard
ICBC,Operating Expenses,4.2,2021-Q1,rbnz-dashboard
ICBC,Profit After Tax,2.4,2021-Q1,rbnz-dashboard
ICBC,Total Assets,2403.3,2021-Q1,rbnz-dashboard
ICBC,Cash Position,556.4,2021-Q1,rbnz-dashboard
ICBC,Net Loans and Advances,1618.1,2021-Q1,rbnz-dashboard
ICBC,Deposits,792.9,2021-Q1,rbnz-dashboard
ICBC,Equity,272.3,2021-Q1,rbnz-dashboard
ICBC,Core Funding Ratio (CFR),82.5,2021-Q1,rbnz-dashboard
ICBC Group,Total Capital Ratio,,2021-Q1,rbnz-dashboard
ICBC Group,CET1 Ratio,,2021-Q1,rbnz-dashboard
ICBC Group,Tier 1 Capital Ratio,,2021-Q1,rbnz-dashboard
ICBC Group,Total Non-Performing Loans,5.8,2021-Q1,rbnz-dashboard
ICBC Group,NPL Ratio,0.3,2021-Q1,rbnz-dashboard
ICBC Group,Return on Assets,0.5,2021-Q1,rbnz-dashboard
ICBC Group,Return on Equity,3.6,2021-Q1,rbnz-dashboard
ICBC Group,NIM,1.3,2021-Q1,rbnz-dashboard
ICBC Group,Net Interest Income,9,2021-Q1,rbnz-dashboard
ICBC Group,Trading and Hedging Gains,-0.2,2021-Q1,rbnz-dashboard
ICBC Group,Fees and Commission Income,0.2,2021-Q1,rbnz-dashboard
ICBC Group,Other Income,0,2021-Q1,rbnz-dashboard
ICBC Group,Operating Expenses,4.3,2021-Q1,rbnz-dashboard
ICBC Group,Profit After Tax,3.1,2021-Q1,rbnz-dashboard
ICBC Group,Total Assets,3397.5,2021-Q1,rbnz-dashboard
ICBC Group,Cash Position,1237.9,2021-Q1,rbnz-dashboard
ICBC Group,Net Loans and Advances,1929.2,2021-Q1,rbnz-dashboard
ICBC Group,Deposits,674.5,2021-Q1,rbnz-dashboard
ICBC Group,Equity,356.4,2021-Q1,rbnz-dashboard
ICBC Group,Core Funding Ratio (CFR),,2021-Q1,rbnz-dashboard
Kiwibank,Total Capital Ratio,13.2,2021-Q1,rbnz-dashboard
Kiwibank,CET1 Ratio,10.9,2021-Q1,rbnz-dashboard
Kiwibank,Tier 1 Capital Ratio,11.9,2021-Q1,rbnz-dashboard
Kiwibank,Total Non-Performing Loans,16.9,2021-Q1,rbnz-dashboard
Kiwibank,NPL Ratio,0.1,2021-Q1,rbnz-dashboard
Kiwibank,Return on Assets,0.6,2021-Q1,rbnz-dashboard
Kiwibank,Return on Equity,9.8,2021-Q1,rbnz-dashboard
Kiwibank,NIM,2.1,2021-Q1,rbnz-dashboard
Kiwibank,Net Interest Income,137.2,2021-Q1,rbnz-dashboard
Kiwibank,Trading and Hedging Gains,1.3,2021-Q1,rbnz-dashboard
Kiwibank,Fees and Commission Income,7.4,2021-Q1,rbnz-dashboard
Kiwibank,Other Income,3.3,2021-Q1,rbnz-dashboard
Kiwibank,Operating Expenses,95.3,2021-Q1,rbnz-dashboard
Kiwibank,Profit After Tax,40.1,2021-Q1,rbnz-dashboard
Kiwibank,Total Assets,27546.3,2021-Q1,rbnz-dashboard
Kiwibank,Cash Position,700.1,2021-Q1,rbnz-dashboard
Kiwibank,Net Loans and Advances,24641.5,2021-Q1,rbnz-dashboard
Kiwibank,Deposits,22169.1,2021-Q1,rbnz-dashboard
Kiwibank,Equity,1689.7,2021-Q1,rbnz-dashboard
Kiwibank,Core Funding Ratio (CFR),89.8,2021-Q1,rbnz-dashboard
Rabo Group,Total Capital Ratio,,2021-Q1,rbnz-dashboard
Rabo Group,CET1 Ratio,,2021-Q1,rbnz-dashboard
Rabo Group,Tier 1 Capital Ratio,,2021-Q1,rbnz-dashboard
Rabo Group,Total Non-Performing Loans,483.5,2021-Q1,rbnz-dashboard
Rabo Group,NPL Ratio,3.4,2021-Q1,rbnz-dashboard
Rabo Group,Return on Assets,1,2021-Q1,rbnz-dashboard
Rabo Group,Return on Equity,8.4,2021-Q1,rbnz-dashboard
Rabo Group,NIM,2.3,2021-Q1,rbnz-dashboard
Rabo Group,Net Interest Income,98.4,2021-Q1,rbnz-dashboard
Rabo Group,Trading and Hedging Gains,-0.1,2021-Q1,rbnz-dashboard
Rabo Group,Fees and Commission Income,0.6,2021-Q1,rbnz-dashboard
Rabo Group,Other Income,5.4,2021-Q1,rbnz-dashboard
Rabo Group,Operating Expenses,42.7,2021-Q1,rbnz-dashboard
Rabo Group,Profit After Tax,44.6,2021-Q1,rbnz-dashboard
Rabo Group,Total Assets,17500.8,2021-Q1,rbnz-dashboard
Rabo Group,Cash Position,2379.6,2021-Q1,rbnz-dashboard
Rabo Group,Net Loans and Advances,14164.8,2021-Q1,rbnz-dashboard
Rabo Group,Deposits,5503.4,2021-Q1,rbnz-dashboard
Rabo Group,Equity,2184.9,2021-Q1,rbnz-dashboard
Rabo Group,Core Funding Ratio (CFR),,2021-Q1,rbnz-dashboard
Rabobank,Total Capital Ratio,13.7,2021-Q1,rbnz-dashboard
Rabobank,CET1 Ratio,13.7,2021-Q1,rbnz-dashboard
Rabobank,Tier 1 Capital Ratio,13.7,2021-Q1,rbnz-dashboard
Rabobank,Total Non-Performing Loans,360.4,2021-Q1,rbnz-dashboard
Rabobank,NPL Ratio,3.1,2021-Q1,rbnz-dashboard
Rabobank,Return on Assets,1.1,2021-Q1,rbnz-dashboard
Rabobank,Return on Equity,7.6,2021-Q1,rbnz-dashboard
Rabobank,NIM,2.5,2021-Q1,rbnz-dashboard
Rabobank,Net Interest Income,79.3,2021-Q1,rbnz-dashboard
Rabobank,Trading and Hedging Gains,0.1,2021-Q1,rbnz-dashboard
Rabobank,Fees and Commission Income,0.3,2021-Q1,rbnz-dashboard
Rabobank,Other Income,0,2021-Q1,rbnz-dashboard
Rabobank,Operating Expenses,33.9,2021-Q1,rbnz-dashboard
Rabobank,Profit After Tax,33.4,2021-Q1,rbnz-dashboard
Rabobank,Total Assets,12889.4,2021-Q1,rbnz-dashboard
Rabobank,Cash Position,651.1,2021-Q1,rbnz-dashboard
Rabobank,Net Loans and Advances,11512.3,2021-Q1,rbnz-dashboard
Rabobank,Deposits,4993.6,2021-Q1,rbnz-dashboard
Rabobank,Equity,1800.6,2021-Q1,rbnz-dashboard
Rabobank,Core Funding Ratio (CFR),66.3,2021-Q1,rbnz-dashboard
SBS,Total Capital Ratio,15.7,2021-Q1,rbnz-dashboard
SBS,CET1 Ratio,12.9,2021-Q1,rbnz-dashboard
SBS,Tier 1 Capital Ratio,12.9,2021-Q1,rbnz-dashboard
SBS,Total Non-Performing Loans,8.1,2021-Q1,rbnz-dashboard
SBS,NPL Ratio,0.2,2021-Q1,rbnz-dashboard
SBS,Return on Assets,1,2021-Q1,rbnz-dashboard
SBS,Return on Equity,12.4,2021-Q1,rbnz-dashboard
SBS,NIM,2.7,2021-Q1,rbnz-dashboard
SBS,Net Interest Income,31.8,2021-Q1,rbnz-dashboard
SBS,Trading and Hedging Gains,-0.1,2021-Q1,rbnz-dashboard
SBS,Fees and Commission Income,6.2,2021-Q1,rbnz-dashboard
SBS,Other Income,1.7,2021-Q1,rbnz-dashboard
SBS,Operating Expenses,24.5,2021-Q1,rbnz-dashboard
SBS,Profit After Tax,11.7,2021-Q1,rbnz-dashboard
SBS,Total Assets,4832.4,2021-Q1,rbnz-dashboard
SBS,Cash Position,117.9,2021-Q1,rbnz-dashboard
SBS,Net Loans and Advances,4032.1,2021-Q1,rbnz-dashboard
SBS,Deposits,3552.5,2021-Q1,rbnz-dashboard
SBS,Equity,388.7,2021-Q1,rbnz-dashboard
SBS,Core Funding Ratio (CFR),96.1,2021-Q1,rbnz-dashboard
TSB,Total Capital Ratio,15,2021-Q1,rbnz-dashboard
TSB,CET1 Ratio,15,2021-Q1,rbnz-dashboard
TSB,Tier 1 Capital Ratio,15,2021-Q1,rbnz-dashboard
TSB,Total Non-Performing Loans,24.6,2021-Q1,rbnz-dashboard
TSB,NPL Ratio,0.4,2021-Q1,rbnz-dashboard
TSB,Return on Assets,0.5,2021-Q1,rbnz-dashboard
TSB,Return on Equity,6.1,2021-Q1,rbnz-dashboard
TSB,NIM,1.8,2021-Q1,rbnz-dashboard
TSB,Net Interest Income,38.3,2021-Q1,rbnz-dashboard
TSB,Trading and Hedging Gains,0,2021-Q1,rbnz-dashboard
TSB,Fees and Commission Income,3.4,2021-Q1,rbnz-dashboard
TSB,Other Income,1,2021-Q1,rbnz-dashboard
TSB,Operating Expenses,29.2,2021-Q1,rbnz-dashboard
TSB,Profit After Tax,10.9,2021-Q1,rbnz-dashboard
TSB,Total Assets,8788.7,2021-Q1,rbnz-dashboard
TSB,Cash Position,438.2,2021-Q1,rbnz-dashboard
TSB,Net Loans and Advances,6333.7,2021-Q1,rbnz-dashboard
TSB,Deposits,7963.5,2021-Q1,rbnz-dashboard
TSB,Equity,725.7,2021-Q1,rbnz-dashboard
TSB,Core Funding Ratio (CFR),124.6,2021-Q1,rbnz-dashboard
WBC Group,Total Capital Ratio,,2021-Q1,rbnz-dashboard
WBC Group,CET1 Ratio,,2021-Q1,rbnz-dashboard
WBC Group,Tier 1 Capital Ratio,,2021-Q1,rbnz-dashboard
WBC Group,Total Non-Performing Loans,388,2021-Q1,rbnz-dashboard
WBC Group,NPL Ratio,0.4,2021-Q1,rbnz-dashboard
WBC Group,Return on Assets,1,2021-Q1,rbnz-dashboard
WBC Group,Return on Equity,12.3,2021-Q1,rbnz-dashboard
WBC Group,NIM,2,2021-Q1,rbnz-dashboard
WBC Group,Net Interest Income,523.6,2021-Q1,rbnz-dashboard
WBC Group,Trading and Hedging Gains,75.2,2021-Q1,rbnz-dashboard
WBC Group,Fees and Commission Income,62.4,2021-Q1,rbnz-dashboard
WBC Group,Other Income,2.9,2021-Q1,rbnz-dashboard
WBC Group,Operating Expenses,276.7,2021-Q1,rbnz-dashboard
WBC Group,Profit After Tax,289.9,2021-Q1,rbnz-dashboard
WBC Group,Total Assets,114725.6,2021-Q1,rbnz-dashboard
WBC Group,Cash Position,6662.3,2021-Q1,rbnz-dashboard
WBC Group,Net Loans and Advances,90923.1,2021-Q1,rbnz-dashboard
WBC Group,Deposits,74221.1,2021-Q1,rbnz-dashboard
WBC Group,Equity,10000.1,2021-Q1,rbnz-dashboard
WBC Group,Core Funding Ratio (CFR),,2021-Q1,rbnz-dashboard
Westpac,Total Capital Ratio,18.2,2021-Q1,rbnz-dashboard
Westpac,CET1 Ratio,13.4,2021-Q1,rbnz-dashboard
Westpac,Tier 1 Capital Ratio,16.2,2021-Q1,rbnz-dashboard
Westpac,Total Non-Performing Loans,376.3,2021-Q1,rbnz-dashboard
Westpac,NPL Ratio,0.4,2021-Q1,rbnz-dashboard
Westpac,Return on Assets,0.9,2021-Q1,rbnz-dashboard
Westpac,Return on Equity,11.7,2021-Q1,rbnz-dashboard
Westpac,NIM,2,2021-Q1,rbnz-dashboard
Westpac,Net Interest Income,512.7,2021-Q1,rbnz-dashboard
Westpac,Trading and Hedging Gains,-0.5,2021-Q1,rbnz-dashboard
Westpac,Fees and Commission Income,57.3,2021-Q1,rbnz-dashboard
Westpac,Other Income,3.1,2021-Q1,rbnz-dashboard
Westpac,Operating Expenses,263,2021-Q1,rbnz-dashboard
Westpac,Profit After Tax,234.8,2021-Q1,rbnz-dashboard
Westpac,Total Assets,107594,2021-Q1,rbnz-dashboard
Westpac,Cash Position,7821.6,2021-Q1,rbnz-dashboard
Westpac,Net Loans and Advances,90559,2021-Q1,rbnz-dashboard
Westpac,Deposits,74150.5,2021-Q1,rbnz-dashboard
Westpac,Equity,8235.6,2021-Q1,rbnz-dashboard
Westpac,Core Funding Ratio (CFR),80.9,2021-Q1,rbnz-dashboard
ANZ,Total Capital Ratio,15.5,2021-Q2,rbnz-dashboard
ANZ,CET1 Ratio,12.7,2021-Q2,rbnz-dashboard
ANZ,Tier 1 Capital Ratio,15.5,2021-Q2,rbnz-dashboard
ANZ,Total Non-Performing Loans,538.8,2021-Q2,rbnz-dashboard
ANZ,NPL Ratio,0.4,2021-Q2,rbnz-dashboard
ANZ,Return on Assets,1.1,2021-Q2,rbnz-dashboard
ANZ,Return on Equity,11.7,2021-Q2,rbnz-dashboard
ANZ,NIM,2.1,2021-Q2,rbnz-dashboard
ANZ,Net Interest Income,875.3,2021-Q2,rbnz-dashboard
ANZ,Trading and Hedging Gains,47.9,2021-Q2,rbnz-dashboard
ANZ,Fees and Commission Income,135.5,2021-Q2,rbnz-dashboard
ANZ,Other Income,3.9,2021-Q2,rbnz-dashboard
ANZ,Operating Expenses,410.6,2021-Q2,rbnz-dashboard
ANZ,Profit After Tax,491.4,2021-Q2,rbnz-dashboard
ANZ,Total Assets,186803,2021-Q2,rbnz-dashboard
ANZ,Cash Position,9143.5,2021-Q2,rbnz-dashboard
ANZ,Net Loans and Advances,139485.3,2021-Q2,rbnz-dashboard
ANZ,Deposits,123696,2021-Q2,rbnz-dashboard
ANZ,Equity,16415.3,2021-Q2,rbnz-dashboard
ANZ,Core Funding Ratio (CFR),89.4,2021-Q2,rbnz-dashboard
ANZ Group,Total Capital Ratio,,2021-Q2,rbnz-dashboard
ANZ Group,CET1 Ratio,,2021-Q2,rbnz-dashboard
ANZ Group,Tier 1 Capital Ratio,,2021-Q2,rbnz-dashboard
ANZ Group,Total Non-Performing Loans,540.7,2021-Q2,rbnz-dashboard
ANZ Group,NPL Ratio,0.4,2021-Q2,rbnz-dashboard
ANZ Group,Return on Assets,1.1,2021-Q2,rbnz-dashboard
ANZ Group,Return on Equity,13,2021-Q2,rbnz-dashboard
ANZ Group,NIM,2.1,2021-Q2,rbnz-dashboard
ANZ Group,Net Interest Income,871.1,2021-Q2,rbnz-dashboard
ANZ Group,Trading and Hedging Gains,47,2021-Q2,rbnz-dashboard
ANZ Group,Fees and Commission Income,135.5,2021-Q2,rbnz-dashboard
ANZ Group,Other Income,3.1,2021-Q2,rbnz-dashboard
ANZ Group,Operating Expenses,410.8,2021-Q2,rbnz-dashboard
ANZ Group,Profit After Tax,486.7,2021-Q2,rbnz-dashboard
ANZ Group,Total Assets,187064.4,2021-Q2,rbnz-dashboard
ANZ Group,Cash Position,9143.5,2021-Q2,rbnz-dashboard
ANZ Group,Net Loans and Advances,139762.6,2021-Q2,rbnz-dashboard
ANZ Group,Deposits,123696,2021-Q2,rbnz-dashboard
ANZ Group,Equity,14593.3,2021-Q2,rbnz-dashboard
ANZ Group,Core Funding Ratio (CFR),,2021-Q2,rbnz-dashboard
ASB,Total Capital Ratio,15.1,2021-Q2,rbnz-dashboard
ASB,CET1 Ratio,12.7,2021-Q2,rbnz-dashboard
ASB,Tier 1 Capital Ratio,14.4,2021-Q2,rbnz-dashboard
ASB,Total Non-Performing Loans,468.2,2021-Q2,rbnz-dashboard
ASB,NPL Ratio,0.5,2021-Q2,rbnz-dashboard
ASB,Return on Assets,1.2,2021-Q2,rbnz-dashboard
ASB,Return on Equity,14.8,2021-Q2,rbnz-dashboard
ASB,NIM,2.3,2021-Q2,rbnz-dashboard
ASB,Net Interest Income,627.8,2021-Q2,rbnz-dashboard
ASB,Trading and Hedging Gains,27.4,2021-Q2,rbnz-dashboard
ASB,Fees and Commission Income,127.2,2021-Q2,rbnz-dashboard
ASB,Other Income,-0.1,2021-Q2,rbnz-dashboard
ASB,Operating Expenses,340.2,2021-Q2,rbnz-dashboard
ASB,Profit After Tax,332.9,2021-Q2,rbnz-dashboard
ASB,Total Assets,112644.5,2021-Q2,rbnz-dashboard
ASB,Cash Position,3111,2021-Q2,rbnz-dashboard
ASB,Net Loans and Advances,99390.8,2021-Q2,rbnz-dashboard
ASB,Deposits,73405,2021-Q2,rbnz-dashboard
ASB,Equity,9185.4,2021-Q2,rbnz-dashboard
ASB,Core Funding Ratio (CFR),84.1,2021-Q2,rbnz-dashboard
BNZ,Total Capital Ratio,16.5,2021-Q2,rbnz-dashboard
BNZ,CET1 Ratio,13.4,2021-Q2,rbnz-dashboard
BNZ,Tier 1 Capital Ratio,14.7,2021-Q2,rbnz-dashboard
BNZ,Total Non-Performing Loans,535.5,2021-Q2,rbnz-dashboard
BNZ,NPL Ratio,0.6,2021-Q2,rbnz-dashboard
BNZ,Return on Assets,1.1,2021-Q2,rbnz-dashboard
BNZ,Return on Equity,13.6,2021-Q2,rbnz-dashboard
BNZ,NIM,2,2021-Q2,rbnz-dashboard
BNZ,Net Interest Income,547,2021-Q2,rbnz-dashboard
BNZ,Trading and Hedging Gains,54.7,2021-Q2,rbnz-dashboard
BNZ,Fees and Commission Income,91.1,2021-Q2,rbnz-dashboard
BNZ,Other Income,0.1,2021-Q2,rbnz-dashboard
BNZ,Operating Expenses,264.9,2021-Q2,rbnz-dashboard
BNZ,Profit After Tax,317.9,2021-Q2,rbnz-dashboard
BNZ,Total Assets,118549,2021-Q2,rbnz-dashboard
BNZ,Cash Position,10378.8,2021-Q2,rbnz-dashboard
BNZ,Net Loans and Advances,93426.4,2021-Q2,rbnz-dashboard
BNZ,Deposits,71930.6,2021-Q2,rbnz-dashboard
BNZ,Equity,9526.8,2021-Q2,rbnz-dashboard
BNZ,Core Funding Ratio (CFR),87.2,2021-Q2,rbnz-dashboard
BOB,Total Capital Ratio,62,2021-Q2,rbnz-dashboard
BOB,CET1 Ratio,62,2021-Q2,rbnz-dashboard
BOB,Tier 1 Capital Ratio,62,2021-Q2,rbnz-dashboard
BOB,Total Non-Performing Loans,,2021-Q2,rbnz-dashboard
BOB,NPL Ratio,,2021-Q2,rbnz-dashboard
BOB,Return on Assets,1.1,2021-Q2,rbnz-dashboard
BOB,Return on Equity,3.2,2021-Q2,rbnz-dashboard
BOB,NIM,2.6,2021-Q2,rbnz-dashboard
BOB,Net Interest Income,0.9,2021-Q2,rbnz-dashboard
BOB,Trading and Hedging Gains,0.2,2021-Q2,rbnz-dashboard
BOB,Fees and Commission Income,0.2,2021-Q2,rbnz-dashboard
BOB,Other Income,0,2021-Q2,rbnz-dashboard
BOB,Operating Expenses,0.8,2021-Q2,rbnz-dashboard
BOB,Profit After Tax,0.4,2021-Q2,rbnz-dashboard
BOB,Total Assets,150.3,2021-Q2,rbnz-dashboard
BOB,Cash Position,26.9,2021-Q2,rbnz-dashboard
BOB,Net Loans and Advances,121,2021-Q2,rbnz-dashboard
BOB,Deposits,97.4,2021-Q2,rbnz-dashboard
BOB,Equity,50.4,2021-Q2,rbnz-dashboard
BOB,Core Funding Ratio (CFR),114.8,2021-Q2,rbnz-dashboard
BOC,Total Capital Ratio,16.6,2021-Q2,rbnz-dashboard
BOC,CET1 Ratio,16.6,2021-Q2,rbnz-dashboard
BOC,Tier 1 Capital Ratio,16.6,2021-Q2,rbnz-dashboard
BOC,Total Non-Performing Loans,5.3,2021-Q2,rbnz-dashboard
BOC,NPL Ratio,0.2,2021-Q2,rbnz-dashboard
BOC,Return on Assets,0.5,2021-Q2,rbnz-dashboard
BOC,Return on Equity,5,2021-Q2,rbnz-dashboard
BOC,NIM,1.2,2021-Q2,rbnz-dashboard
BOC,Net Interest Income,8.6,2021-Q2,rbnz-dashboard
BOC,Trading and Hedging Gains,0.5,2021-Q2,rbnz-dashboard
BOC,Fees and Commission Income,3.5,2021-Q2,rbnz-dashboard
BOC,Other Income,0,2021-Q2,rbnz-dashboard
BOC,Operating Expenses,5.9,2021-Q2,rbnz-dashboard
BOC,Profit After Tax,3.4,2021-Q2,rbnz-dashboard
BOC,Total Assets,2919,2021-Q2,rbnz-dashboard
BOC,Cash Position,512.4,2021-Q2,rbnz-dashboard
BOC,Net Loans and Advances,2281.5,2021-Q2,rbnz-dashboard
BOC,Deposits,1400.3,2021-Q2,rbnz-dashboard
BOC,Equity,278.8,2021-Q2,rbnz-dashboard
BOC,Core Funding Ratio (CFR),66.9,2021-Q2,rbnz-dashboard
BOC Group,Total Capital Ratio,,2021-Q2,rbnz-dashboard
BOC Group,CET1 Ratio,,2021-Q2,rbnz-dashboard
BOC Group,Tier 1 Capital Ratio,,2021-Q2,rbnz-dashboard
BOC Group,Total Non-Performing Loans,5.3,2021-Q2,rbnz-dashboard
BOC Group,NPL Ratio,0.1,2021-Q2,rbnz-dashboard
BOC Group,Return on Assets,0.6,2021-Q2,rbnz-dashboard
BOC Group,Return on Equity,10.1,2021-Q2,rbnz-dashboard
BOC Group,NIM,1.4,2021-Q2,rbnz-dashboard
BOC Group,Net Interest Income,16.8,2021-Q2,rbnz-dashboard
BOC Group,Trading and Hedging Gains,0.5,2021-Q2,rbnz-dashboard
BOC Group,Fees and Commission Income,1.1,2021-Q2,rbnz-dashboard
BOC Group,Other Income,0,2021-Q2,rbnz-dashboard
BOC Group,Operating Expenses,6,2021-Q2,rbnz-dashboard
BOC Group,Profit After Tax,7.3,2021-Q2,rbnz-dashboard
BOC Group,Total Assets,5067.7,2021-Q2,rbnz-dashboard
BOC Group,Cash Position,624.9,2021-Q2,rbnz-dashboard
BOC Group,Net Loans and Advances,4307.2,2021-Q2,rbnz-dashboard
BOC Group,Deposits,1609.7,2021-Q2,rbnz-dashboard
BOC Group,Equity,292.9,2021-Q2,rbnz-dashboard
BOC Group,Core Funding Ratio (CFR),,2021-Q2,rbnz-dashboard
BOI,Total Capital Ratio,55.9,2021-Q2,rbnz-dashboard
BOI,CET1 Ratio,55.9,2021-Q2,rbnz-dashboard
BOI,Tier 1 Capital Ratio,55.9,2021-Q2,rbnz-dashboard
BOI,Total Non-Performing Loans,,2021-Q2,rbnz-dashboard
BOI,NPL Ratio,,2021-Q2,rbnz-dashboard
BOI,Return on Assets,2.2,2021-Q2,rbnz-dashboard
BOI,Return on Equity,4.2,2021-Q2,rbnz-dashboard
BOI,NIM,4.5,2021-Q2,rbnz-dashboard
BOI,Net Interest Income,1.2,2021-Q2,rbnz-dashboard
BOI,Trading and Hedging Gains,0,2021-Q2,rbnz-dashboard
BOI,Fees and Commission Income,0,2021-Q2,rbnz-dashboard
BOI,Other Income,0,2021-Q2,rbnz-dashboard
BOI,Operating Expenses,0.5,2021-Q2,rbnz-dashboard
BOI,Profit After Tax,0.6,2021-Q2,rbnz-dashboard
BOI,Total Assets,116.6,2021-Q2,rbnz-dashboard
BOI,Cash Position,12,2021-Q2,rbnz-dashboard
BOI,Net Loans and Advances,103.5,2021-Q2,rbnz-dashboard
BOI,Deposits,43.6,2021-Q2,rbnz-dashboard
BOI,Equity,57.1,2021-Q2,rbnz-dashboard
BOI,Core Funding Ratio (CFR),96.5,2021-Q2,rbnz-dashboard
CBA Group,Total Capital Ratio,,2021-Q2,rbnz-dashboard
CBA Group,CET1 Ratio,,2021-Q2,rbnz-dashboard
CBA Group,Tier 1 Capital Ratio,,2021-Q2,rbnz-dashboard
CBA Group,Total Non-Performing Loans,468.2,2021-Q2,rbnz-dashboard
CBA Group,NPL Ratio,0.5,2021-Q2,rbnz-dashboard
CBA Group,Return on Assets,1.1,2021-Q2,rbnz-dashboard
CBA Group,Return on Equity,14,2021-Q2,rbnz-dashboard
CBA Group,NIM,2,2021-Q2,rbnz-dashboard
CBA Group,Net Interest Income,604,2021-Q2,rbnz-dashboard
CBA Group,Trading and Hedging Gains,33.7,2021-Q2,rbnz-dashboard
CBA Group,Fees and Commission Income,131.2,2021-Q2,rbnz-dashboard
CBA Group,Other Income,0.2,2021-Q2,rbnz-dashboard
CBA Group,Operating Expenses,343.2,2021-Q2,rbnz-dashboard
CBA Group,Profit After Tax,316.9,2021-Q2,rbnz-dashboard
CBA Group,Total Assets,120809.8,2021-Q2,rbnz-dashboard
CBA Group,Cash Position,2883.5,2021-Q2,rbnz-dashboard
CBA Group,Net Loans and Advances,102566.5,2021-Q2,rbnz-dashboard
CBA Group,Deposits,73394,2021-Q2,rbnz-dashboard
CBA Group,Equity,9235.9,2021-Q2,rbnz-dashboard
CBA Group,Core Funding Ratio (CFR),,2021-Q2,rbnz-dashboard
CCB,Total Capital Ratio,17.2,2021-Q2,rbnz-dashboard
CCB,CET1 Ratio,16.8,2021-Q2,rbnz-dashboard
CCB,Tier 1 Capital Ratio,16.8,2021-Q2,rbnz-dashboard
CCB,Total Non-Performing Loans,,2021-Q2,rbnz-dashboard
CCB,NPL Ratio,,2021-Q2,rbnz-dashboard
CCB,Return on Assets,1.1,2021-Q2,rbnz-dashboard
CCB,Return on Equity,8.8,2021-Q2,rbnz-dashboard
CCB,NIM,2,2021-Q2,rbnz-dashboard
CCB,Net Interest Income,9.5,2021-Q2,rbnz-dashboard
CCB,Trading and Hedging Gains,0.1,2021-Q2,rbnz-dashboard
CCB,Fees and Commission Income,1.1,2021-Q2,rbnz-dashboard
CCB,Other Income,0.1,2021-Q2,rbnz-dashboard
CCB,Operating Expenses,2.7,2021-Q2,rbnz-dashboard
CCB,Profit After Tax,5.5,2021-Q2,rbnz-dashboard
CCB,Total Assets,1902,2021-Q2,rbnz-dashboard
CCB,Cash Position,144,2021-Q2,rbnz-dashboard
CCB,Net Loans and Advances,1654.3,2021-Q2,rbnz-dashboard
CCB,Deposits,398.9,2021-Q2,rbnz-dashboard
CCB,Equity,252.5,2021-Q2,rbnz-dashboard
CCB,Core Funding Ratio (CFR),92.3,2021-Q2,rbnz-dashboard
CCB Group,Total Capital Ratio,,2021-Q2,rbnz-dashboard
CCB Group,CET1 Ratio,,2021-Q2,rbnz-dashboard
CCB Group,Tier 1 Capital Ratio,,2021-Q2,rbnz-dashboard
CCB Group,Total Non-Performing Loans,,2021-Q2,rbnz-dashboard
CCB Group,NPL Ratio,,2021-Q2,rbnz-dashboard
CCB Group,Return on Assets,1.1,2021-Q2,rbnz-dashboard
CCB Group,Return on Equity,13.4,2021-Q2,rbnz-dashboard
CCB Group,NIM,1.9,2021-Q2,rbnz-dashboard
CCB Group,Net Interest Income,15.6,2021-Q2,rbnz-dashboard
CCB Group,Trading and Hedging Gains,-0.3,2021-Q2,rbnz-dashboard
CCB Group,Fees and Commission Income,2.2,2021-Q2,rbnz-dashboard
CCB Group,Other Income,0,2021-Q2,rbnz-dashboard
CCB Group,Operating Expenses,4.8,2021-Q2,rbnz-dashboard
CCB Group,Profit After Tax,8.9,2021-Q2,rbnz-dashboard
CCB Group,Total Assets,3413.5,2021-Q2,rbnz-dashboard
CCB Group,Cash Position,151.8,2021-Q2,rbnz-dashboard
CCB Group,Net Loans and Advances,3149.1,2021-Q2,rbnz-dashboard
CCB Group,Deposits,422,2021-Q2,rbnz-dashboard
CCB Group,Equity,270.7,2021-Q2,rbnz-dashboard
CCB Group,Core Funding Ratio (CFR),,2021-Q2,rbnz-dashboard
Co-op,Total Capital Ratio,16.8,2021-Q2,rbnz-dashboard
Co-op,CET1 Ratio,14.6,2021-Q2,rbnz-dashboard
Co-op,Tier 1 Capital Ratio,14.6,2021-Q2,rbnz-dashboard
Co-op,Total Non-Performing Loans,10.2,2021-Q2,rbnz-dashboard
Co-op,NPL Ratio,0.4,2021-Q2,rbnz-dashboard
Co-op,Return on Assets,0.6,2021-Q2,rbnz-dashboard
Co-op,Return on Equity,7.8,2021-Q2,rbnz-dashboard
Co-op,NIM,2.4,2021-Q2,rbnz-dashboard
Co-op,Net Interest Income,18.2,2021-Q2,rbnz-dashboard
Co-op,Trading and Hedging Gains,0.8,2021-Q2,rbnz-dashboard
Co-op,Fees and Commission Income,2.6,2021-Q2,rbnz-dashboard
Co-op,Other Income,1.5,2021-Q2,rbnz-dashboard
Co-op,Operating Expenses,16.6,2021-Q2,rbnz-dashboard
Co-op,Profit After Tax,4.4,2021-Q2,rbnz-dashboard
Co-op,Total Assets,3170.8,2021-Q2,rbnz-dashboard
Co-op,Cash Position,45.8,2021-Q2,rbnz-dashboard
Co-op,Net Loans and Advances,2753.3,2021-Q2,rbnz-dashboard
Co-op,Deposits,2646.3,2021-Q2,rbnz-dashboard
Co-op,Equity,228,2021-Q2,rbnz-dashboard
Co-op,Core Funding Ratio (CFR),104,2021-Q2,rbnz-dashboard
Heartland,Total Capital Ratio,13.9,2021-Q2,rbnz-dashboard
Heartland,CET1 Ratio,13.9,2021-Q2,rbnz-dashboard
Heartland,Tier 1 Capital Ratio,13.9,2021-Q2,rbnz-dashboard
Heartland,Total Non-Performing Loans,74.7,2021-Q2,rbnz-dashboard
Heartland,NPL Ratio,1.9,2021-Q2,rbnz-dashboard
Heartland,Return on Assets,1.9,2021-Q2,rbnz-dashboard
Heartland,Return on Equity,12.4,2021-Q2,rbnz-dashboard
Heartland,NIM,4.9,2021-Q2,rbnz-dashboard
Heartland,Net Interest Income,52.4,2021-Q2,rbnz-dashboard
Heartland,Trading and Hedging Gains,0.2,2021-Q2,rbnz-dashboard
Heartland,Fees and Commission Income,2.2,2021-Q2,rbnz-dashboard
Heartland,Other Income,1.8,2021-Q2,rbnz-dashboard
Heartland,Operating Expenses,24.3,2021-Q2,rbnz-dashboard
Heartland,Profit After Tax,20.2,2021-Q2,rbnz-dashboard
Heartland,Total Assets,4418.9,2021-Q2,rbnz-dashboard
Heartland,Cash Position,118.5,2021-Q2,rbnz-dashboard
Heartland,Net Loans and Advances,3815.1,2021-Q2,rbnz-dashboard
Heartland,Deposits,3219.5,2021-Q2,rbnz-dashboard
Heartland,Equity,641.8,2021-Q2,rbnz-dashboard
Heartland,Core Funding Ratio (CFR),92.6,2021-Q2,rbnz-dashboard
ICBC,Total Capital Ratio,16.5,2021-Q2,rbnz-dashboard
ICBC,CET1 Ratio,15,2021-Q2,rbnz-dashboard
ICBC,Tier 1 Capital Ratio,15,2021-Q2,rbnz-dashboard
ICBC,Total Non-Performing Loans,5.9,2021-Q2,rbnz-dashboard
ICBC,NPL Ratio,0.4,2021-Q2,rbnz-dashboard
ICBC,Return on Assets,0.7,2021-Q2,rbnz-dashboard
ICBC,Return on Equity,5.5,2021-Q2,rbnz-dashboard
ICBC,NIM,1.7,2021-Q2,rbnz-dashboard
ICBC,Net Interest Income,9.4,2021-Q2,rbnz-dashboard
ICBC,Trading and Hedging Gains,-1.3,2021-Q2,rbnz-dashboard
ICBC,Fees and Commission Income,0.2,2021-Q2,rbnz-dashboard
ICBC,Other Income,1.1,2021-Q2,rbnz-dashboard
ICBC,Operating Expenses,4.4,2021-Q2,rbnz-dashboard
ICBC,Profit After Tax,3.7,2021-Q2,rbnz-dashboard
ICBC,Total Assets,2097,2021-Q2,rbnz-dashboard
ICBC,Cash Position,243.1,2021-Q2,rbnz-dashboard
ICBC,Net Loans and Advances,1638.3,2021-Q2,rbnz-dashboard
ICBC,Deposits,601.6,2021-Q2,rbnz-dashboard
ICBC,Equity,276.1,2021-Q2,rbnz-dashboard
ICBC,Core Funding Ratio (CFR),89,2021-Q2,rbnz-dashboard
ICBC Group,Total Capital Ratio,,2021-Q2,rbnz-dashboard
ICBC Group,CET1 Ratio,,2021-Q2,rbnz-dashboard
ICBC Group,Tier 1 Capital Ratio,,2021-Q2,rbnz-dashboard
ICBC Group,Total Non-Performing Loans,5.9,2021-Q2,rbnz-dashboard
ICBC Group,NPL Ratio,0.3,2021-Q2,rbnz-dashboard
ICBC Group,Return on Assets,0.5,2021-Q2,rbnz-dashboard
ICBC Group,Return on Equity,4.6,2021-Q2,rbnz-dashboard
ICBC Group,NIM,1.4,2021-Q2,rbnz-dashboard
ICBC Group,Net Interest Income,12.2,2021-Q2,rbnz-dashboard
ICBC Group,Trading and Hedging Gains,-1.3,2021-Q2,rbnz-dashboard
ICBC Group,Fees and Commission Income,0.2,2021-Q2,rbnz-dashboard
ICBC Group,Other Income,0,2021-Q2,rbnz-dashboard
ICBC Group,Operating Expenses,4.5,2021-Q2,rbnz-dashboard
ICBC Group,Profit After Tax,4.1,2021-Q2,rbnz-dashboard
ICBC Group,Total Assets,3733.7,2021-Q2,rbnz-dashboard
ICBC Group,Cash Position,1307.2,2021-Q2,rbnz-dashboard
ICBC Group,Net Loans and Advances,2208.7,2021-Q2,rbnz-dashboard
ICBC Group,Deposits,601.2,2021-Q2,rbnz-dashboard
ICBC Group,Equity,360.5,2021-Q2,rbnz-dashboard
ICBC Group,Core Funding Ratio (CFR),,2021-Q2,rbnz-dashboard
Kiwibank,Total Capital Ratio,13.2,2021-Q2,rbnz-dashboard
Kiwibank,CET1 Ratio,10.9,2021-Q2,rbnz-dashboard
Kiwibank,Tier 1 Capital Ratio,11.9,2021-Q2,rbnz-dashboard
Kiwibank,Total Non-Performing Loans,16.9,2021-Q2,rbnz-dashboard
Kiwibank,NPL Ratio,0.1,2021-Q2,rbnz-dashboard
Kiwibank,Return on Assets,0.4,2021-Q2,rbnz-dashboard
Kiwibank,Return on Equity,7.3,2021-Q2,rbnz-dashboard
Kiwibank,NIM,2.1,2021-Q2,rbnz-dashboard
Kiwibank,Net Interest Income,141.7,2021-Q2,rbnz-dashboard
Kiwibank,Trading and Hedging Gains,2.2,2021-Q2,rbnz-dashboard
Kiwibank,Fees and Commission Income,7.7,2021-Q2,rbnz-dashboard
Kiwibank,Other Income,0.8,2021-Q2,rbnz-dashboard
Kiwibank,Operating Expenses,128.6,2021-Q2,rbnz-dashboard
Kiwibank,Profit After Tax,31.1,2021-Q2,rbnz-dashboard
Kiwibank,Total Assets,28229.5,2021-Q2,rbnz-dashboard
Kiwibank,Cash Position,740.8,2021-Q2,rbnz-dashboard
Kiwibank,Net Loans and Advances,25282.7,2021-Q2,rbnz-dashboard
Kiwibank,Deposits,22398.8,2021-Q2,rbnz-dashboard
Kiwibank,Equity,1724.9,2021-Q2,rbnz-dashboard
Kiwibank,Core Funding Ratio (CFR),89.3,2021-Q2,rbnz-dashboard
Rabo Group,Total Capital Ratio,,2021-Q2,rbnz-dashboard
Rabo Group,CET1 Ratio,,2021-Q2,rbnz-dashboard
Rabo Group,Tier 1 Capital Ratio,,2021-Q2,rbnz-dashboard
Rabo Group,Total Non-Performing Loans,498.4,2021-Q2,rbnz-dashboard
Rabo Group,NPL Ratio,3.4,2021-Q2,rbnz-dashboard
Rabo Group,Return on Assets,1,2021-Q2,rbnz-dashboard
Rabo Group,Return on Equity,8.3,2021-Q2,rbnz-dashboard
Rabo Group,NIM,2.4,2021-Q2,rbnz-dashboard
Rabo Group,Net Interest Income,101.9,2021-Q2,rbnz-dashboard
Rabo Group,Trading and Hedging Gains,3.8,2021-Q2,rbnz-dashboard
Rabo Group,Fees and Commission Income,0.7,2021-Q2,rbnz-dashboard
Rabo Group,Other Income,5.8,2021-Q2,rbnz-dashboard
Rabo Group,Operating Expenses,44.1,2021-Q2,rbnz-dashboard
Rabo Group,Profit After Tax,45.5,2021-Q2,rbnz-dashboard
Rabo Group,Total Assets,17699.1,2021-Q2,rbnz-dashboard
Rabo Group,Cash Position,2334.7,2021-Q2,rbnz-dashboard
Rabo Group,Net Loans and Advances,14503,2021-Q2,rbnz-dashboard
Rabo Group,Deposits,5411,2021-Q2,rbnz-dashboard
Rabo Group,Equity,2227.5,2021-Q2,rbnz-dashboard
Rabo Group,Core Funding Ratio (CFR),,2021-Q2,rbnz-dashboard
Rabobank,Total Capital Ratio,13.6,2021-Q2,rbnz-dashboard
Rabobank,CET1 Ratio,13.6,2021-Q2,rbnz-dashboard
Rabobank,Tier 1 Capital Ratio,13.6,2021-Q2,rbnz-dashboard
Rabobank,Total Non-Performing Loans,366.6,2021-Q2,rbnz-dashboard
Rabobank,NPL Ratio,3.1,2021-Q2,rbnz-dashboard
Rabobank,Return on Assets,1.1,2021-Q2,rbnz-dashboard
Rabobank,Return on Equity,7.5,2021-Q2,rbnz-dashboard
Rabobank,NIM,2.5,2021-Q2,rbnz-dashboard
Rabobank,Net Interest Income,79.9,2021-Q2,rbnz-dashboard
Rabobank,Trading and Hedging Gains,0.4,2021-Q2,rbnz-dashboard
Rabobank,Fees and Commission Income,0.3,2021-Q2,rbnz-dashboard
Rabobank,Other Income,0,2021-Q2,rbnz-dashboard
Rabobank,Operating Expenses,28.5,2021-Q2,rbnz-dashboard
Rabobank,Profit After Tax,33.8,2021-Q2,rbnz-dashboard
Rabobank,Total Assets,12871.1,2021-Q2,rbnz-dashboard
Rabobank,Cash Position,496.6,2021-Q2,rbnz-dashboard
Rabobank,Net Loans and Advances,11749.8,2021-Q2,rbnz-dashboard
Rabobank,Deposits,4846.3,2021-Q2,rbnz-dashboard
Rabobank,Equity,1833.4,2021-Q2,rbnz-dashboard
Rabobank,Core Funding Ratio (CFR),68.2,2021-Q2,rbnz-dashboard
SBS,Total Capital Ratio,16.2,2021-Q2,rbnz-dashboard
SBS,CET1 Ratio,13.4,2021-Q2,rbnz-dashboard
SBS,Tier 1 Capital Ratio,13.4,2021-Q2,rbnz-dashboard
SBS,Total Non-Performing Loans,8.4,2021-Q2,rbnz-dashboard
SBS,NPL Ratio,0.2,2021-Q2,rbnz-dashboard
SBS,Return on Assets,1.1,2021-Q2,rbnz-dashboard
SBS,Return on Equity,13.3,2021-Q2,rbnz-dashboard
SBS,NIM,2.9,2021-Q2,rbnz-dashboard
SBS,Net Interest Income,33.8,2021-Q2,rbnz-dashboard
SBS,Trading and Hedging Gains,0.2,2021-Q2,rbnz-dashboard
SBS,Fees and Commission Income,6.7,2021-Q2,rbnz-dashboard
SBS,Other Income,2,2021-Q2,rbnz-dashboard
SBS,Operating Expenses,24,2021-Q2,rbnz-dashboard
SBS,Profit After Tax,13.1,2021-Q2,rbnz-dashboard
SBS,Total Assets,4789,2021-Q2,rbnz-dashboard
SBS,Cash Position,71.3,2021-Q2,rbnz-dashboard
SBS,Net Loans and Advances,4043.8,2021-Q2,rbnz-dashboard
SBS,Deposits,3386,2021-Q2,rbnz-dashboard
SBS,Equity,404.9,2021-Q2,rbnz-dashboard
SBS,Core Funding Ratio (CFR),95.4,2021-Q2,rbnz-dashboard
TSB,Total Capital Ratio,14.2,2021-Q2,rbnz-dashboard
TSB,CET1 Ratio,14.2,2021-Q2,rbnz-dashboard
TSB,Tier 1 Capital Ratio,14.2,2021-Q2,rbnz-dashboard
TSB,Total Non-Performing Loans,25.4,2021-Q2,rbnz-dashboard
TSB,NPL Ratio,0.4,2021-Q2,rbnz-dashboard
TSB,Return on Assets,0.6,2021-Q2,rbnz-dashboard
TSB,Return on Equity,7,2021-Q2,rbnz-dashboard
TSB,NIM,1.8,2021-Q2,rbnz-dashboard
TSB,Net Interest Income,39.7,2021-Q2,rbnz-dashboard
TSB,Trading and Hedging Gains,0,2021-Q2,rbnz-dashboard
TSB,Fees and Commission Income,3.5,2021-Q2,rbnz-dashboard
TSB,Other Income,1.4,2021-Q2,rbnz-dashboard
TSB,Operating Expenses,29,2021-Q2,rbnz-dashboard
TSB,Profit After Tax,12.7,2021-Q2,rbnz-dashboard
TSB,Total Assets,8725.4,2021-Q2,rbnz-dashboard
TSB,Cash Position,226.9,2021-Q2,rbnz-dashboard
TSB,Net Loans and Advances,6483.5,2021-Q2,rbnz-dashboard
TSB,Deposits,7902.3,2021-Q2,rbnz-dashboard
TSB,Equity,727.3,2021-Q2,rbnz-dashboard
TSB,Core Funding Ratio (CFR),122.2,2021-Q2,rbnz-dashboard
WBC Group,Total Capital Ratio,,2021-Q2,rbnz-dashboard
WBC Group,CET1 Ratio,,2021-Q2,rbnz-dashboard
WBC Group,Tier 1 Capital Ratio,,2021-Q2,rbnz-dashboard
WBC Group,Total Non-Performing Loans,426.4,2021-Q2,rbnz-dashboard
WBC Group,NPL Ratio,0.5,2021-Q2,rbnz-dashboard
WBC Group,Return on Assets,0.9,2021-Q2,rbnz-dashboard
WBC Group,Return on Equity,9.9,2021-Q2,rbnz-dashboard
WBC Group,NIM,2,2021-Q2,rbnz-dashboard
WBC Group,Net Interest Income,549.3,2021-Q2,rbnz-dashboard
WBC Group,Trading and Hedging Gains,13.1,2021-Q2,rbnz-dashboard
WBC Group,Fees and Commission Income,83.7,2021-Q2,rbnz-dashboard
WBC Group,Other Income,-0.9,2021-Q2,rbnz-dashboard
WBC Group,Operating Expenses,290.2,2021-Q2,rbnz-dashboard
WBC Group,Profit After Tax,248.9,2021-Q2,rbnz-dashboard
WBC Group,Total Assets,116786.2,2021-Q2,rbnz-dashboard
WBC Group,Cash Position,7156.6,2021-Q2,rbnz-dashboard
WBC Group,Net Loans and Advances,92855.9,2021-Q2,rbnz-dashboard
WBC Group,Deposits,74858.6,2021-Q2,rbnz-dashboard
WBC Group,Equity,10246.8,2021-Q2,rbnz-dashboard
WBC Group,Core Funding Ratio (CFR),,2021-Q2,rbnz-dashboard
Westpac,Total Capital Ratio,18.8,2021-Q2,rbnz-dashboard
Westpac,CET1 Ratio,13.9,2021-Q2,rbnz-dashboard
Westpac,Tier 1 Capital Ratio,16.7,2021-Q2,rbnz-dashboard
Westpac,Total Non-Performing Loans,426.1,2021-Q2,rbnz-dashboard
Westpac,NPL Ratio,0.5,2021-Q2,rbnz-dashboard
Westpac,Return on Assets,0.8,2021-Q2,rbnz-dashboard
Westpac,Return on Equity,10.8,2021-Q2,rbnz-dashboard
Westpac,NIM,2,2021-Q2,rbnz-dashboard
Westpac,Net Interest Income,535.5,2021-Q2,rbnz-dashboard
Westpac,Trading and Hedging Gains,0.9,2021-Q2,rbnz-dashboard
Westpac,Fees and Commission Income,65.2,2021-Q2,rbnz-dashboard
Westpac,Other Income,-0.1,2021-Q2,rbnz-dashboard
Westpac,Operating Expenses,279.4,2021-Q2,rbnz-dashboard
Westpac,Profit After Tax,225.1,2021-Q2,rbnz-dashboard
Westpac,Total Assets,109113.4,2021-Q2,rbnz-dashboard
Westpac,Cash Position,7747.7,2021-Q2,rbnz-dashboard
Westpac,Net Loans and Advances,92484.4,2021-Q2,rbnz-dashboard
Westpac,Deposits,74159.9,2021-Q2,rbnz-dashboard
Westpac,Equity,8456.7,2021-Q2,rbnz-dashboard
Westpac,Core Funding Ratio (CFR),79.6,2021-Q2,rbnz-dashboard
ANZ,Total Capital Ratio,16.9,2021-Q3,rbnz-dashboard
ANZ,CET1 Ratio,13.4,2021-Q3,rbnz-dashboard
ANZ,Tier 1 Capital Ratio,16.2,2021-Q3,rbnz-dashboard
ANZ,Total Non-Performing Loans,526.9,2021-Q3,rbnz-dashboard
ANZ,NPL Ratio,0.4,2021-Q3,rbnz-dashboard
ANZ,Return on Assets,1.1,2021-Q3,rbnz-dashboard
ANZ,Return on Equity,11.9,2021-Q3,rbnz-dashboard
ANZ,NIM,2,2021-Q3,rbnz-dashboard
ANZ,Net Interest Income,876.2,2021-Q3,rbnz-dashboard
ANZ,Trading and Hedging Gains,93.1,2021-Q3,rbnz-dashboard
ANZ,Fees and Commission Income,143.2,2021-Q3,rbnz-dashboard
ANZ,Other Income,3.3,2021-Q3,rbnz-dashboard
ANZ,Operating Expenses,439,2021-Q3,rbnz-dashboard
ANZ,Profit After Tax,500.7,2021-Q3,rbnz-dashboard
ANZ,Total Assets,184769.3,2021-Q3,rbnz-dashboard
ANZ,Cash Position,7751.8,2021-Q3,rbnz-dashboard
ANZ,Net Loans and Advances,140755.5,2021-Q3,rbnz-dashboard
ANZ,Deposits,125128.7,2021-Q3,rbnz-dashboard
ANZ,Equity,16892.1,2021-Q3,rbnz-dashboard
ANZ,Core Funding Ratio (CFR),89.3,2021-Q3,rbnz-dashboard
ANZ Group,Total Capital Ratio,,2021-Q3,rbnz-dashboard
ANZ Group,CET1 Ratio,,2021-Q3,rbnz-dashboard
ANZ Group,Tier 1 Capital Ratio,,2021-Q3,rbnz-dashboard
ANZ Group,Total Non-Performing Loans,528.8,2021-Q3,rbnz-dashboard
ANZ Group,NPL Ratio,0.4,2021-Q3,rbnz-dashboard
ANZ Group,Return on Assets,1.1,2021-Q3,rbnz-dashboard
ANZ Group,Return on Equity,13.4,2021-Q3,rbnz-dashboard
ANZ Group,NIM,2,2021-Q3,rbnz-dashboard
ANZ Group,Net Interest Income,872.4,2021-Q3,rbnz-dashboard
ANZ Group,Trading and Hedging Gains,100.6,2021-Q3,rbnz-dashboard
ANZ Group,Fees and Commission Income,143.2,2021-Q3,rbnz-dashboard
ANZ Group,Other Income,3.2,2021-Q3,rbnz-dashboard
ANZ Group,Operating Expenses,439.4,2021-Q3,rbnz-dashboard
ANZ Group,Profit After Tax,502.7,2021-Q3,rbnz-dashboard
ANZ Group,Total Assets,185071.8,2021-Q3,rbnz-dashboard
ANZ Group,Cash Position,7751.8,2021-Q3,rbnz-dashboard
ANZ Group,Net Loans and Advances,141073.6,2021-Q3,rbnz-dashboard
ANZ Group,Deposits,125128.7,2021-Q3,rbnz-dashboard
ANZ Group,Equity,15075.9,2021-Q3,rbnz-dashboard
ANZ Group,Core Funding Ratio (CFR),,2021-Q3,rbnz-dashboard
ASB,Total Capital Ratio,14.5,2021-Q3,rbnz-dashboard
ASB,CET1 Ratio,12.2,2021-Q3,rbnz-dashboard
ASB,Tier 1 Capital Ratio,13.8,2021-Q3,rbnz-dashboard
ASB,Total Non-Performing Loans,460,2021-Q3,rbnz-dashboard
ASB,NPL Ratio,0.5,2021-Q3,rbnz-dashboard
ASB,Return on Assets,1.3,2021-Q3,rbnz-dashboard
ASB,Return on Equity,16,2021-Q3,rbnz-dashboard
ASB,NIM,2.2,2021-Q3,rbnz-dashboard
ASB,Net Interest Income,632.2,2021-Q3,rbnz-dashboard
ASB,Trading and Hedging Gains,41.5,2021-Q3,rbnz-dashboard
ASB,Fees and Commission Income,127.7,2021-Q3,rbnz-dashboard
ASB,Other Income,8.6,2021-Q3,rbnz-dashboard
ASB,Operating Expenses,302.6,2021-Q3,rbnz-dashboard
ASB,Profit After Tax,372.1,2021-Q3,rbnz-dashboard
ASB,Total Assets,115498.5,2021-Q3,rbnz-dashboard
ASB,Cash Position,4630.1,2021-Q3,rbnz-dashboard
ASB,Net Loans and Advances,101046.7,2021-Q3,rbnz-dashboard
ASB,Deposits,75910.5,2021-Q3,rbnz-dashboard
ASB,Equity,8907.2,2021-Q3,rbnz-dashboard
ASB,Core Funding Ratio (CFR),84.4,2021-Q3,rbnz-dashboard
BNZ,Total Capital Ratio,16.9,2021-Q3,rbnz-dashboard
BNZ,CET1 Ratio,13.8,2021-Q3,rbnz-dashboard
BNZ,Tier 1 Capital Ratio,15.1,2021-Q3,rbnz-dashboard
BNZ,Total Non-Performing Loans,377.5,2021-Q3,rbnz-dashboard
BNZ,NPL Ratio,0.4,2021-Q3,rbnz-dashboard
BNZ,Return on Assets,1.2,2021-Q3,rbnz-dashboard
BNZ,Return on Equity,14.1,2021-Q3,rbnz-dashboard
BNZ,NIM,2,2021-Q3,rbnz-dashboard
BNZ,Net Interest Income,560.5,2021-Q3,rbnz-dashboard
BNZ,Trading and Hedging Gains,76,2021-Q3,rbnz-dashboard
BNZ,Fees and Commission Income,118.9,2021-Q3,rbnz-dashboard
BNZ,Other Income,0.5,2021-Q3,rbnz-dashboard
BNZ,Operating Expenses,295,2021-Q3,rbnz-dashboard
BNZ,Profit After Tax,344,2021-Q3,rbnz-dashboard
BNZ,Total Assets,119122,2021-Q3,rbnz-dashboard
BNZ,Cash Position,9667.4,2021-Q3,rbnz-dashboard
BNZ,Net Loans and Advances,95016.3,2021-Q3,rbnz-dashboard
BNZ,Deposits,73815.6,2021-Q3,rbnz-dashboard
BNZ,Equity,9880.4,2021-Q3,rbnz-dashboard
BNZ,Core Funding Ratio (CFR),88.5,2021-Q3,rbnz-dashboard
BOB,Total Capital Ratio,56,2021-Q3,rbnz-dashboard
BOB,CET1 Ratio,56,2021-Q3,rbnz-dashboard
BOB,Tier 1 Capital Ratio,56,2021-Q3,rbnz-dashboard
BOB,Total Non-Performing Loans,2.5,2021-Q3,rbnz-dashboard
BOB,NPL Ratio,2,2021-Q3,rbnz-dashboard
BOB,Return on Assets,0.7,2021-Q3,rbnz-dashboard
BOB,Return on Equity,2.2,2021-Q3,rbnz-dashboard
BOB,NIM,2.7,2021-Q3,rbnz-dashboard
BOB,Net Interest Income,1,2021-Q3,rbnz-dashboard
BOB,Trading and Hedging Gains,0.2,2021-Q3,rbnz-dashboard
BOB,Fees and Commission Income,0,2021-Q3,rbnz-dashboard
BOB,Other Income,0,2021-Q3,rbnz-dashboard
BOB,Operating Expenses,0.7,2021-Q3,rbnz-dashboard
BOB,Profit After Tax,0.3,2021-Q3,rbnz-dashboard
BOB,Total Assets,155,2021-Q3,rbnz-dashboard
BOB,Cash Position,24.8,2021-Q3,rbnz-dashboard
BOB,Net Loans and Advances,127.7,2021-Q3,rbnz-dashboard
BOB,Deposits,102.3,2021-Q3,rbnz-dashboard
BOB,Equity,50.2,2021-Q3,rbnz-dashboard
BOB,Core Funding Ratio (CFR),116.2,2021-Q3,rbnz-dashboard
BOC,Total Capital Ratio,15.6,2021-Q3,rbnz-dashboard
BOC,CET1 Ratio,15.6,2021-Q3,rbnz-dashboard
BOC,Tier 1 Capital Ratio,15.6,2021-Q3,rbnz-dashboard
BOC,Total Non-Performing Loans,7.2,2021-Q3,rbnz-dashboard
BOC,NPL Ratio,0.3,2021-Q3,rbnz-dashboard
BOC,Return on Assets,0.5,2021-Q3,rbnz-dashboard
BOC,Return on Equity,5.2,2021-Q3,rbnz-dashboard
BOC,NIM,1.2,2021-Q3,rbnz-dashboard
BOC,Net Interest Income,8.4,2021-Q3,rbnz-dashboard
BOC,Trading and Hedging Gains,0.3,2021-Q3,rbnz-dashboard
BOC,Fees and Commission Income,3.5,2021-Q3,rbnz-dashboard
BOC,Other Income,0,2021-Q3,rbnz-dashboard
BOC,Operating Expenses,5.7,2021-Q3,rbnz-dashboard
BOC,Profit After Tax,3.7,2021-Q3,rbnz-dashboard
BOC,Total Assets,2997.4,2021-Q3,rbnz-dashboard
BOC,Cash Position,573,2021-Q3,rbnz-dashboard
BOC,Net Loans and Advances,2298.4,2021-Q3,rbnz-dashboard
BOC,Deposits,1475.6,2021-Q3,rbnz-dashboard
BOC,Equity,281.8,2021-Q3,rbnz-dashboard
BOC,Core Funding Ratio (CFR),65.5,2021-Q3,rbnz-dashboard
BOC Group,Total Capital Ratio,,2021-Q3,rbnz-dashboard
BOC Group,CET1 Ratio,,2021-Q3,rbnz-dashboard
BOC Group,Tier 1 Capital Ratio,,2021-Q3,rbnz-dashboard
BOC Group,Total Non-Performing Loans,7.2,2021-Q3,rbnz-dashboard
BOC Group,NPL Ratio,0.2,2021-Q3,rbnz-dashboard
BOC Group,Return on Assets,0.7,2021-Q3,rbnz-dashboard
BOC Group,Return on Equity,12.3,2021-Q3,rbnz-dashboard
BOC Group,NIM,1.5,2021-Q3,rbnz-dashboard
BOC Group,Net Interest Income,18.2,2021-Q3,rbnz-dashboard
BOC Group,Trading and Hedging Gains,0.1,2021-Q3,rbnz-dashboard
BOC Group,Fees and Commission Income,1.1,2021-Q3,rbnz-dashboard
BOC Group,Other Income,0,2021-Q3,rbnz-dashboard
BOC Group,Operating Expenses,5.8,2021-Q3,rbnz-dashboard
BOC Group,Profit After Tax,9.2,2021-Q3,rbnz-dashboard
BOC Group,Total Assets,5156.6,2021-Q3,rbnz-dashboard
BOC Group,Cash Position,803.8,2021-Q3,rbnz-dashboard
BOC Group,Net Loans and Advances,4216.5,2021-Q3,rbnz-dashboard
BOC Group,Deposits,1675.2,2021-Q3,rbnz-dashboard
BOC Group,Equity,301.4,2021-Q3,rbnz-dashboard
BOC Group,Core Funding Ratio (CFR),,2021-Q3,rbnz-dashboard
BOI,Total Capital Ratio,56.4,2021-Q3,rbnz-dashboard
BOI,CET1 Ratio,56.4,2021-Q3,rbnz-dashboard
BOI,Tier 1 Capital Ratio,56.4,2021-Q3,rbnz-dashboard
BOI,Total Non-Performing Loans,,2021-Q3,rbnz-dashboard
BOI,NPL Ratio,,2021-Q3,rbnz-dashboard
BOI,Return on Assets,1.7,2021-Q3,rbnz-dashboard
BOI,Return on Equity,3.5,2021-Q3,rbnz-dashboard
BOI,NIM,3.9,2021-Q3,rbnz-dashboard
BOI,Net Interest Income,1.2,2021-Q3,rbnz-dashboard
BOI,Trading and Hedging Gains,0.1,2021-Q3,rbnz-dashboard
BOI,Fees and Commission Income,0,2021-Q3,rbnz-dashboard
BOI,Other Income,0,2021-Q3,rbnz-dashboard
BOI,Operating Expenses,0.6,2021-Q3,rbnz-dashboard
BOI,Profit After Tax,0.5,2021-Q3,rbnz-dashboard
BOI,Total Assets,126.1,2021-Q3,rbnz-dashboard
BOI,Cash Position,24.7,2021-Q3,rbnz-dashboard
BOI,Net Loans and Advances,100.5,2021-Q3,rbnz-dashboard
BOI,Deposits,52.6,2021-Q3,rbnz-dashboard
BOI,Equity,57.6,2021-Q3,rbnz-dashboard
BOI,Core Funding Ratio (CFR),84.9,2021-Q3,rbnz-dashboard
CBA Group,Total Capital Ratio,,2021-Q3,rbnz-dashboard
CBA Group,CET1 Ratio,,2021-Q3,rbnz-dashboard
CBA Group,Tier 1 Capital Ratio,,2021-Q3,rbnz-dashboard
CBA Group,Total Non-Performing Loans,460,2021-Q3,rbnz-dashboard
CBA Group,NPL Ratio,0.4,2021-Q3,rbnz-dashboard
CBA Group,Return on Assets,1.2,2021-Q3,rbnz-dashboard
CBA Group,Return on Equity,19,2021-Q3,rbnz-dashboard
CBA Group,NIM,2,2021-Q3,rbnz-dashboard
CBA Group,Net Interest Income,606.3,2021-Q3,rbnz-dashboard
CBA Group,Trading and Hedging Gains,44.2,2021-Q3,rbnz-dashboard
CBA Group,Fees and Commission Income,135.5,2021-Q3,rbnz-dashboard
CBA Group,Other Income,22.4,2021-Q3,rbnz-dashboard
CBA Group,Operating Expenses,305.3,2021-Q3,rbnz-dashboard
CBA Group,Profit After Tax,366.9,2021-Q3,rbnz-dashboard
CBA Group,Total Assets,120230.2,2021-Q3,rbnz-dashboard
CBA Group,Cash Position,5048.8,2021-Q3,rbnz-dashboard
CBA Group,Net Loans and Advances,104582.7,2021-Q3,rbnz-dashboard
CBA Group,Deposits,75892.2,2021-Q3,rbnz-dashboard
CBA Group,Equity,7372.4,2021-Q3,rbnz-dashboard
CBA Group,Core Funding Ratio (CFR),,2021-Q3,rbnz-dashboard
CCB,Total Capital Ratio,16.9,2021-Q3,rbnz-dashboard
CCB,CET1 Ratio,16.5,2021-Q3,rbnz-dashboard
CCB,Tier 1 Capital Ratio,16.5,2021-Q3,rbnz-dashboard
CCB,Total Non-Performing Loans,,2021-Q3,rbnz-dashboard
CCB,NPL Ratio,,2021-Q3,rbnz-dashboard
CCB,Return on Assets,1.1,2021-Q3,rbnz-dashboard
CCB,Return on Equity,8.5,2021-Q3,rbnz-dashboard
CCB,NIM,1.9,2021-Q3,rbnz-dashboard
CCB,Net Interest Income,9.4,2021-Q3,rbnz-dashboard
CCB,Trading and Hedging Gains,0.4,2021-Q3,rbnz-dashboard
CCB,Fees and Commission Income,0.9,2021-Q3,rbnz-dashboard
CCB,Other Income,0.1,2021-Q3,rbnz-dashboard
CCB,Operating Expenses,2.5,2021-Q3,rbnz-dashboard
CCB,Profit After Tax,5.5,2021-Q3,rbnz-dashboard
CCB,Total Assets,2098.9,2021-Q3,rbnz-dashboard
CCB,Cash Position,303.5,2021-Q3,rbnz-dashboard
CCB,Net Loans and Advances,1683.5,2021-Q3,rbnz-dashboard
CCB,Deposits,387.7,2021-Q3,rbnz-dashboard
CCB,Equity,258,2021-Q3,rbnz-dashboard
CCB,Core Funding Ratio (CFR),88.3,2021-Q3,rbnz-dashboard
CCB Group,Total Capital Ratio,,2021-Q3,rbnz-dashboard
CCB Group,CET1 Ratio,,2021-Q3,rbnz-dashboard
CCB Group,Tier 1 Capital Ratio,,2021-Q3,rbnz-dashboard
CCB Group,Total Non-Performing Loans,,2021-Q3,rbnz-dashboard
CCB Group,NPL Ratio,,2021-Q3,rbnz-dashboard
CCB Group,Return on Assets,1.1,2021-Q3,rbnz-dashboard
CCB Group,Return on Equity,13.8,2021-Q3,rbnz-dashboard
CCB Group,NIM,1.7,2021-Q3,rbnz-dashboard
CCB Group,Net Interest Income,14.8,2021-Q3,rbnz-dashboard
CCB Group,Trading and Hedging Gains,0.6,2021-Q3,rbnz-dashboard
CCB Group,Fees and Commission Income,2.7,2021-Q3,rbnz-dashboard
CCB Group,Other Income,0,2021-Q3,rbnz-dashboard
CCB Group,Operating Expenses,4.5,2021-Q3,rbnz-dashboard
CCB Group,Profit After Tax,9.6,2021-Q3,rbnz-dashboard
CCB Group,Total Assets,3920.4,2021-Q3,rbnz-dashboard
CCB Group,Cash Position,458.2,2021-Q3,rbnz-dashboard
CCB Group,Net Loans and Advances,3327.4,2021-Q3,rbnz-dashboard
CCB Group,Deposits,350.9,2021-Q3,rbnz-dashboard
CCB Group,Equity,280.2,2021-Q3,rbnz-dashboard
CCB Group,Core Funding Ratio (CFR),,2021-Q3,rbnz-dashboard
Co-op,Total Capital Ratio,16.1,2021-Q3,rbnz-dashboard
Co-op,CET1 Ratio,14.7,2021-Q3,rbnz-dashboard
Co-op,Tier 1 Capital Ratio,14.7,2021-Q3,rbnz-dashboard
Co-op,Total Non-Performing Loans,6.9,2021-Q3,rbnz-dashboard
Co-op,NPL Ratio,0.2,2021-Q3,rbnz-dashboard
Co-op,Return on Assets,0.6,2021-Q3,rbnz-dashboard
Co-op,Return on Equity,8.4,2021-Q3,rbnz-dashboard
Co-op,NIM,2.3,2021-Q3,rbnz-dashboard
Co-op,Net Interest Income,18,2021-Q3,rbnz-dashboard
Co-op,Trading and Hedging Gains,0,2021-Q3,rbnz-dashboard
Co-op,Fees and Commission Income,3.4,2021-Q3,rbnz-dashboard
Co-op,Other Income,1.8,2021-Q3,rbnz-dashboard
Co-op,Operating Expenses,16.8,2021-Q3,rbnz-dashboard
Co-op,Profit After Tax,4.9,2021-Q3,rbnz-dashboard
Co-op,Total Assets,3193.9,2021-Q3,rbnz-dashboard
Co-op,Cash Position,48,2021-Q3,rbnz-dashboard
Co-op,Net Loans and Advances,2751.1,2021-Q3,rbnz-dashboard
Co-op,Deposits,2685.3,2021-Q3,rbnz-dashboard
Co-op,Equity,235.4,2021-Q3,rbnz-dashboard
Co-op,Core Funding Ratio (CFR),103.5,2021-Q3,rbnz-dashboard
Heartland,Total Capital Ratio,14,2021-Q3,rbnz-dashboard
Heartland,CET1 Ratio,14,2021-Q3,rbnz-dashboard
Heartland,Tier 1 Capital Ratio,14,2021-Q3,rbnz-dashboard
Heartland,Total Non-Performing Loans,100.2,2021-Q3,rbnz-dashboard
Heartland,NPL Ratio,2.5,2021-Q3,rbnz-dashboard
Heartland,Return on Assets,1.8,2021-Q3,rbnz-dashboard
Heartland,Return on Equity,12.3,2021-Q3,rbnz-dashboard
Heartland,NIM,4.8,2021-Q3,rbnz-dashboard
Heartland,Net Interest Income,52.6,2021-Q3,rbnz-dashboard
Heartland,Trading and Hedging Gains,0.1,2021-Q3,rbnz-dashboard
Heartland,Fees and Commission Income,2.1,2021-Q3,rbnz-dashboard
Heartland,Other Income,2.1,2021-Q3,rbnz-dashboard
Heartland,Operating Expenses,24.2,2021-Q3,rbnz-dashboard
Heartland,Profit After Tax,20.3,2021-Q3,rbnz-dashboard
Heartland,Total Assets,4483.5,2021-Q3,rbnz-dashboard
Heartland,Cash Position,113.2,2021-Q3,rbnz-dashboard
Heartland,Net Loans and Advances,3913.4,2021-Q3,rbnz-dashboard
Heartland,Deposits,3256.7,2021-Q3,rbnz-dashboard
Heartland,Equity,662.9,2021-Q3,rbnz-dashboard
Heartland,Core Funding Ratio (CFR),92.4,2021-Q3,rbnz-dashboard
ICBC,Total Capital Ratio,16.6,2021-Q3,rbnz-dashboard
ICBC,CET1 Ratio,15,2021-Q3,rbnz-dashboard
ICBC,Tier 1 Capital Ratio,15,2021-Q3,rbnz-dashboard
ICBC,Total Non-Performing Loans,5.5,2021-Q3,rbnz-dashboard
ICBC,NPL Ratio,0.3,2021-Q3,rbnz-dashboard
ICBC,Return on Assets,0.5,2021-Q3,rbnz-dashboard
ICBC,Return on Equity,3.7,2021-Q3,rbnz-dashboard
ICBC,NIM,1.6,2021-Q3,rbnz-dashboard
ICBC,Net Interest Income,8.5,2021-Q3,rbnz-dashboard
ICBC,Trading and Hedging Gains,-0.8,2021-Q3,rbnz-dashboard
ICBC,Fees and Commission Income,0.2,2021-Q3,rbnz-dashboard
ICBC,Other Income,1.4,2021-Q3,rbnz-dashboard
ICBC,Operating Expenses,5.4,2021-Q3,rbnz-dashboard
ICBC,Profit After Tax,2.6,2021-Q3,rbnz-dashboard
ICBC,Total Assets,2111.1,2021-Q3,rbnz-dashboard
ICBC,Cash Position,229,2021-Q3,rbnz-dashboard
ICBC,Net Loans and Advances,1668.8,2021-Q3,rbnz-dashboard
ICBC,Deposits,593.7,2021-Q3,rbnz-dashboard
ICBC,Equity,278.7,2021-Q3,rbnz-dashboard
ICBC,Core Funding Ratio (CFR),80.4,2021-Q3,rbnz-dashboard
ICBC Group,Total Capital Ratio,,2021-Q3,rbnz-dashboard
ICBC Group,CET1 Ratio,,2021-Q3,rbnz-dashboard
ICBC Group,Tier 1 Capital Ratio,,2021-Q3,rbnz-dashboard
ICBC Group,Total Non-Performing Loans,5.5,2021-Q3,rbnz-dashboard
ICBC Group,NPL Ratio,0.2,2021-Q3,rbnz-dashboard
ICBC Group,Return on Assets,0.5,2021-Q3,rbnz-dashboard
ICBC Group,Return on Equity,5.4,2021-Q3,rbnz-dashboard
ICBC Group,NIM,1.4,2021-Q3,rbnz-dashboard
ICBC Group,Net Interest Income,12.8,2021-Q3,rbnz-dashboard
ICBC Group,Trading and Hedging Gains,-0.1,2021-Q3,rbnz-dashboard
ICBC Group,Fees and Commission Income,0.2,2021-Q3,rbnz-dashboard
ICBC Group,Other Income,0,2021-Q3,rbnz-dashboard
ICBC Group,Operating Expenses,5.4,2021-Q3,rbnz-dashboard
ICBC Group,Profit After Tax,4.9,2021-Q3,rbnz-dashboard
ICBC Group,Total Assets,3755.1,2021-Q3,rbnz-dashboard
ICBC Group,Cash Position,914.7,2021-Q3,rbnz-dashboard
ICBC Group,Net Loans and Advances,2613.2,2021-Q3,rbnz-dashboard
ICBC Group,Deposits,594,2021-Q3,rbnz-dashboard
ICBC Group,Equity,365.4,2021-Q3,rbnz-dashboard
ICBC Group,Core Funding Ratio (CFR),,2021-Q3,rbnz-dashboard
Kiwibank,Total Capital Ratio,12.8,2021-Q3,rbnz-dashboard
Kiwibank,CET1 Ratio,10.6,2021-Q3,rbnz-dashboard
Kiwibank,Tier 1 Capital Ratio,11.6,2021-Q3,rbnz-dashboard
Kiwibank,Total Non-Performing Loans,12.9,2021-Q3,rbnz-dashboard
Kiwibank,NPL Ratio,0,2021-Q3,rbnz-dashboard
Kiwibank,Return on Assets,0.4,2021-Q3,rbnz-dashboard
Kiwibank,Return on Equity,7.1,2021-Q3,rbnz-dashboard
Kiwibank,NIM,2.1,2021-Q3,rbnz-dashboard
Kiwibank,Net Interest Income,146.3,2021-Q3,rbnz-dashboard
Kiwibank,Trading and Hedging Gains,5.7,2021-Q3,rbnz-dashboard
Kiwibank,Fees and Commission Income,8.6,2021-Q3,rbnz-dashboard
Kiwibank,Other Income,1.5,2021-Q3,rbnz-dashboard
Kiwibank,Operating Expenses,114.9,2021-Q3,rbnz-dashboard
Kiwibank,Profit After Tax,31.5,2021-Q3,rbnz-dashboard
Kiwibank,Total Assets,29379.4,2021-Q3,rbnz-dashboard
Kiwibank,Cash Position,1174.3,2021-Q3,rbnz-dashboard
Kiwibank,Net Loans and Advances,26164.7,2021-Q3,rbnz-dashboard
Kiwibank,Deposits,22944.7,2021-Q3,rbnz-dashboard
Kiwibank,Equity,1765.7,2021-Q3,rbnz-dashboard
Kiwibank,Core Funding Ratio (CFR),89.4,2021-Q3,rbnz-dashboard
Rabo Group,Total Capital Ratio,,2021-Q3,rbnz-dashboard
Rabo Group,CET1 Ratio,,2021-Q3,rbnz-dashboard
Rabo Group,Tier 1 Capital Ratio,,2021-Q3,rbnz-dashboard
Rabo Group,Total Non-Performing Loans,382.5,2021-Q3,rbnz-dashboard
Rabo Group,NPL Ratio,2.6,2021-Q3,rbnz-dashboard
Rabo Group,Return on Assets,1.5,2021-Q3,rbnz-dashboard
Rabo Group,Return on Equity,11.7,2021-Q3,rbnz-dashboard
Rabo Group,NIM,2.3,2021-Q3,rbnz-dashboard
Rabo Group,Net Interest Income,103.1,2021-Q3,rbnz-dashboard
Rabo Group,Trading and Hedging Gains,9.1,2021-Q3,rbnz-dashboard
Rabo Group,Fees and Commission Income,0.7,2021-Q3,rbnz-dashboard
Rabo Group,Other Income,5.7,2021-Q3,rbnz-dashboard
Rabo Group,Operating Expenses,44,2021-Q3,rbnz-dashboard
Rabo Group,Profit After Tax,66.7,2021-Q3,rbnz-dashboard
Rabo Group,Total Assets,18160.1,2021-Q3,rbnz-dashboard
Rabo Group,Cash Position,2816.1,2021-Q3,rbnz-dashboard
Rabo Group,Net Loans and Advances,14461,2021-Q3,rbnz-dashboard
Rabo Group,Deposits,5445.6,2021-Q3,rbnz-dashboard
Rabo Group,Equity,2291.8,2021-Q3,rbnz-dashboard
Rabo Group,Core Funding Ratio (CFR),,2021-Q3,rbnz-dashboard
Rabobank,Total Capital Ratio,13.6,2021-Q3,rbnz-dashboard
Rabobank,CET1 Ratio,13.6,2021-Q3,rbnz-dashboard
Rabobank,Tier 1 Capital Ratio,13.6,2021-Q3,rbnz-dashboard
Rabobank,Total Non-Performing Loans,370.5,2021-Q3,rbnz-dashboard
Rabobank,NPL Ratio,3.1,2021-Q3,rbnz-dashboard
Rabobank,Return on Assets,1.2,2021-Q3,rbnz-dashboard
Rabobank,Return on Equity,8.6,2021-Q3,rbnz-dashboard
Rabobank,NIM,2.6,2021-Q3,rbnz-dashboard
Rabobank,Net Interest Income,84.3,2021-Q3,rbnz-dashboard
Rabobank,Trading and Hedging Gains,0.3,2021-Q3,rbnz-dashboard
Rabobank,Fees and Commission Income,0.3,2021-Q3,rbnz-dashboard
Rabobank,Other Income,0,2021-Q3,rbnz-dashboard
Rabobank,Operating Expenses,38.6,2021-Q3,rbnz-dashboard
Rabobank,Profit After Tax,40,2021-Q3,rbnz-dashboard
Rabobank,Total Assets,13095.7,2021-Q3,rbnz-dashboard
Rabobank,Cash Position,601.9,2021-Q3,rbnz-dashboard
Rabobank,Net Loans and Advances,11891.6,2021-Q3,rbnz-dashboard
Rabobank,Deposits,4954.2,2021-Q3,rbnz-dashboard
Rabobank,Equity,1871,2021-Q3,rbnz-dashboard
Rabobank,Core Funding Ratio (CFR),73.6,2021-Q3,rbnz-dashboard
SBS,Total Capital Ratio,16.3,2021-Q3,rbnz-dashboard
SBS,CET1 Ratio,13.5,2021-Q3,rbnz-dashboard
SBS,Tier 1 Capital Ratio,13.5,2021-Q3,rbnz-dashboard
SBS,Total Non-Performing Loans,6.7,2021-Q3,rbnz-dashboard
SBS,NPL Ratio,0.2,2021-Q3,rbnz-dashboard
SBS,Return on Assets,0.9,2021-Q3,rbnz-dashboard
SBS,Return on Equity,10.3,2021-Q3,rbnz-dashboard
SBS,NIM,2.8,2021-Q3,rbnz-dashboard
SBS,Net Interest Income,34,2021-Q3,rbnz-dashboard
SBS,Trading and Hedging Gains,0.1,2021-Q3,rbnz-dashboard
SBS,Fees and Commission Income,7,2021-Q3,rbnz-dashboard
SBS,Other Income,1.5,2021-Q3,rbnz-dashboard
SBS,Operating Expenses,24.5,2021-Q3,rbnz-dashboard
SBS,Profit After Tax,10.7,2021-Q3,rbnz-dashboard
SBS,Total Assets,4889.1,2021-Q3,rbnz-dashboard
SBS,Cash Position,91.7,2021-Q3,rbnz-dashboard
SBS,Net Loans and Advances,4125.4,2021-Q3,rbnz-dashboard
SBS,Deposits,3356,2021-Q3,rbnz-dashboard
SBS,Equity,421,2021-Q3,rbnz-dashboard
SBS,Core Funding Ratio (CFR),94.7,2021-Q3,rbnz-dashboard
TSB,Total Capital Ratio,14.1,2021-Q3,rbnz-dashboard
TSB,CET1 Ratio,14.1,2021-Q3,rbnz-dashboard
TSB,Tier 1 Capital Ratio,14.1,2021-Q3,rbnz-dashboard
TSB,Total Non-Performing Loans,19.7,2021-Q3,rbnz-dashboard
TSB,NPL Ratio,0.3,2021-Q3,rbnz-dashboard
TSB,Return on Assets,0.5,2021-Q3,rbnz-dashboard
TSB,Return on Equity,6.5,2021-Q3,rbnz-dashboard
TSB,NIM,1.8,2021-Q3,rbnz-dashboard
TSB,Net Interest Income,40,2021-Q3,rbnz-dashboard
TSB,Trading and Hedging Gains,0,2021-Q3,rbnz-dashboard
TSB,Fees and Commission Income,3.6,2021-Q3,rbnz-dashboard
TSB,Other Income,2.5,2021-Q3,rbnz-dashboard
TSB,Operating Expenses,34.5,2021-Q3,rbnz-dashboard
TSB,Profit After Tax,12,2021-Q3,rbnz-dashboard
TSB,Total Assets,8780.4,2021-Q3,rbnz-dashboard
TSB,Cash Position,379.7,2021-Q3,rbnz-dashboard
TSB,Net Loans and Advances,6586.7,2021-Q3,rbnz-dashboard
TSB,Deposits,7933.9,2021-Q3,rbnz-dashboard
TSB,Equity,734.2,2021-Q3,rbnz-dashboard
TSB,Core Funding Ratio (CFR),118.9,2021-Q3,rbnz-dashboard
WBC Group,Total Capital Ratio,,2021-Q3,rbnz-dashboard
WBC Group,CET1 Ratio,,2021-Q3,rbnz-dashboard
WBC Group,Tier 1 Capital Ratio,,2021-Q3,rbnz-dashboard
WBC Group,Total Non-Performing Loans,358.9,2021-Q3,rbnz-dashboard
WBC Group,NPL Ratio,0.4,2021-Q3,rbnz-dashboard
WBC Group,Return on Assets,0.7,2021-Q3,rbnz-dashboard
WBC Group,Return on Equity,8.5,2021-Q3,rbnz-dashboard
WBC Group,NIM,1.9,2021-Q3,rbnz-dashboard
WBC Group,Net Interest Income,515.7,2021-Q3,rbnz-dashboard
WBC Group,Trading and Hedging Gains,58.2,2021-Q3,rbnz-dashboard
WBC Group,Fees and Commission Income,65.9,2021-Q3,rbnz-dashboard
WBC Group,Other Income,-0.5,2021-Q3,rbnz-dashboard
WBC Group,Operating Expenses,319.3,2021-Q3,rbnz-dashboard
WBC Group,Profit After Tax,219.1,2021-Q3,rbnz-dashboard
WBC Group,Total Assets,119847.9,2021-Q3,rbnz-dashboard
WBC Group,Cash Position,9932.5,2021-Q3,rbnz-dashboard
WBC Group,Net Loans and Advances,93025.5,2021-Q3,rbnz-dashboard
WBC Group,Deposits,75997.5,2021-Q3,rbnz-dashboard
WBC Group,Equity,10204.8,2021-Q3,rbnz-dashboard
WBC Group,Core Funding Ratio (CFR),,2021-Q3,rbnz-dashboard
Westpac,Total Capital Ratio,18.6,2021-Q3,rbnz-dashboard
Westpac,CET1 Ratio,13.8,2021-Q3,rbnz-dashboard
Westpac,Tier 1 Capital Ratio,16.6,2021-Q3,rbnz-dashboard
Westpac,Total Non-Performing Loans,358.9,2021-Q3,rbnz-dashboard
Westpac,NPL Ratio,0.4,2021-Q3,rbnz-dashboard
Westpac,Return on Assets,0.7,2021-Q3,rbnz-dashboard
Westpac,Return on Equity,8.6,2021-Q3,rbnz-dashboard
Westpac,NIM,1.8,2021-Q3,rbnz-dashboard
Westpac,Net Interest Income,493.6,2021-Q3,rbnz-dashboard
Westpac,Trading and Hedging Gains,11.6,2021-Q3,rbnz-dashboard
Westpac,Fees and Commission Income,50.5,2021-Q3,rbnz-dashboard
Westpac,Other Income,-1,2021-Q3,rbnz-dashboard
Westpac,Operating Expenses,292.5,2021-Q3,rbnz-dashboard
Westpac,Profit After Tax,183,2021-Q3,rbnz-dashboard
Westpac,Total Assets,112380.4,2021-Q3,rbnz-dashboard
Westpac,Cash Position,10102.9,2021-Q3,rbnz-dashboard
Westpac,Net Loans and Advances,92632.4,2021-Q3,rbnz-dashboard
Westpac,Deposits,76097.9,2021-Q3,rbnz-dashboard
Westpac,Equity,8363.9,2021-Q3,rbnz-dashboard
Westpac,Core Funding Ratio (CFR),81.4,2021-Q3,rbnz-dashboard
ANZ,Total Capital Ratio,16.4,2021-Q4,rbnz-dashboard
ANZ,CET1 Ratio,13.6,2021-Q4,rbnz-dashboard
ANZ,Tier 1 Capital Ratio,15.8,2021-Q4,rbnz-dashboard
ANZ,Total Non-Performing Loans,536.7,2021-Q4,rbnz-dashboard
ANZ,NPL Ratio,0.4,2021-Q4,rbnz-dashboard
ANZ,Return on Assets,1,2021-Q4,rbnz-dashboard
ANZ,Return on Equity,11.5,2021-Q4,rbnz-dashboard
ANZ,NIM,2,2021-Q4,rbnz-dashboard
ANZ,Net Interest Income,869.8,2021-Q4,rbnz-dashboard
ANZ,Trading and Hedging Gains,113.6,2021-Q4,rbnz-dashboard
ANZ,Fees and Commission Income,132.3,2021-Q4,rbnz-dashboard
ANZ,Other Income,3.1,2021-Q4,rbnz-dashboard
ANZ,Operating Expenses,437.8,2021-Q4,rbnz-dashboard
ANZ,Profit After Tax,497.1,2021-Q4,rbnz-dashboard
ANZ,Total Assets,190354.4,2021-Q4,rbnz-dashboard
ANZ,Cash Position,14071.2,2021-Q4,rbnz-dashboard
ANZ,Net Loans and Advances,143343.7,2021-Q4,rbnz-dashboard
ANZ,Deposits,130077.2,2021-Q4,rbnz-dashboard
ANZ,Equity,17348.5,2021-Q4,rbnz-dashboard
ANZ,Core Funding Ratio (CFR),91.3,2021-Q4,rbnz-dashboard
ANZ Group,Total Capital Ratio,,2021-Q4,rbnz-dashboard
ANZ Group,CET1 Ratio,,2021-Q4,rbnz-dashboard
ANZ Group,Tier 1 Capital Ratio,,2021-Q4,rbnz-dashboard
ANZ Group,Total Non-Performing Loans,538.7,2021-Q4,rbnz-dashboard
ANZ Group,NPL Ratio,0.4,2021-Q4,rbnz-dashboard
ANZ Group,Return on Assets,1,2021-Q4,rbnz-dashboard
ANZ Group,Return on Equity,12.8,2021-Q4,rbnz-dashboard
ANZ Group,NIM,2,2021-Q4,rbnz-dashboard
ANZ Group,Net Interest Income,866.1,2021-Q4,rbnz-dashboard
ANZ Group,Trading and Hedging Gains,116.8,2021-Q4,rbnz-dashboard
ANZ Group,Fees and Commission Income,132.3,2021-Q4,rbnz-dashboard
ANZ Group,Other Income,2.9,2021-Q4,rbnz-dashboard
ANZ Group,Operating Expenses,438.1,2021-Q4,rbnz-dashboard
ANZ Group,Profit After Tax,496.1,2021-Q4,rbnz-dashboard
ANZ Group,Total Assets,190635.5,2021-Q4,rbnz-dashboard
ANZ Group,Cash Position,14071.2,2021-Q4,rbnz-dashboard
ANZ Group,Net Loans and Advances,143640.4,2021-Q4,rbnz-dashboard
ANZ Group,Deposits,130077.2,2021-Q4,rbnz-dashboard
ANZ Group,Equity,15531.3,2021-Q4,rbnz-dashboard
ANZ Group,Core Funding Ratio (CFR),,2021-Q4,rbnz-dashboard
ASB,Total Capital Ratio,14.6,2021-Q4,rbnz-dashboard
ASB,CET1 Ratio,12.9,2021-Q4,rbnz-dashboard
ASB,Tier 1 Capital Ratio,14.5,2021-Q4,rbnz-dashboard
ASB,Total Non-Performing Loans,384.2,2021-Q4,rbnz-dashboard
ASB,NPL Ratio,0.4,2021-Q4,rbnz-dashboard
ASB,Return on Assets,1.3,2021-Q4,rbnz-dashboard
ASB,Return on Equity,17,2021-Q4,rbnz-dashboard
ASB,NIM,2.2,2021-Q4,rbnz-dashboard
ASB,Net Interest Income,642.9,2021-Q4,rbnz-dashboard
ASB,Trading and Hedging Gains,28.6,2021-Q4,rbnz-dashboard
ASB,Fees and Commission Income,112,2021-Q4,rbnz-dashboard
ASB,Other Income,6.7,2021-Q4,rbnz-dashboard
ASB,Operating Expenses,251.4,2021-Q4,rbnz-dashboard
ASB,Profit After Tax,390.2,2021-Q4,rbnz-dashboard
ASB,Total Assets,116839,2021-Q4,rbnz-dashboard
ASB,Cash Position,5473.8,2021-Q4,rbnz-dashboard
ASB,Net Loans and Advances,102149.3,2021-Q4,rbnz-dashboard
ASB,Deposits,78171.3,2021-Q4,rbnz-dashboard
ASB,Equity,9316.3,2021-Q4,rbnz-dashboard
ASB,Core Funding Ratio (CFR),86.8,2021-Q4,rbnz-dashboard
BNZ,Total Capital Ratio,16.4,2021-Q4,rbnz-dashboard
BNZ,CET1 Ratio,13.4,2021-Q4,rbnz-dashboard
BNZ,Tier 1 Capital Ratio,14.6,2021-Q4,rbnz-dashboard
BNZ,Total Non-Performing Loans,334.7,2021-Q4,rbnz-dashboard
BNZ,NPL Ratio,0.3,2021-Q4,rbnz-dashboard
BNZ,Return on Assets,1.2,2021-Q4,rbnz-dashboard
BNZ,Return on Equity,14.1,2021-Q4,rbnz-dashboard
BNZ,NIM,2,2021-Q4,rbnz-dashboard
BNZ,Net Interest Income,569.9,2021-Q4,rbnz-dashboard
BNZ,Trading and Hedging Gains,87.5,2021-Q4,rbnz-dashboard
BNZ,Fees and Commission Income,97,2021-Q4,rbnz-dashboard
BNZ,Other Income,0,2021-Q4,rbnz-dashboard
BNZ,Operating Expenses,266.4,2021-Q4,rbnz-dashboard
BNZ,Profit After Tax,355.8,2021-Q4,rbnz-dashboard
BNZ,Total Assets,123038.1,2021-Q4,rbnz-dashboard
BNZ,Cash Position,11378.3,2021-Q4,rbnz-dashboard
BNZ,Net Loans and Advances,97139,2021-Q4,rbnz-dashboard
BNZ,Deposits,76801.2,2021-Q4,rbnz-dashboard
BNZ,Equity,9984.3,2021-Q4,rbnz-dashboard
BNZ,Core Funding Ratio (CFR),87.4,2021-Q4,rbnz-dashboard
BOB,Total Capital Ratio,61.4,2021-Q4,rbnz-dashboard
BOB,CET1 Ratio,61.4,2021-Q4,rbnz-dashboard
BOB,Tier 1 Capital Ratio,61.4,2021-Q4,rbnz-dashboard
BOB,Total Non-Performing Loans,2.5,2021-Q4,rbnz-dashboard
BOB,NPL Ratio,2,2021-Q4,rbnz-dashboard
BOB,Return on Assets,1.3,2021-Q4,rbnz-dashboard
BOB,Return on Equity,3.8,2021-Q4,rbnz-dashboard
BOB,NIM,2.8,2021-Q4,rbnz-dashboard
BOB,Net Interest Income,1,2021-Q4,rbnz-dashboard
BOB,Trading and Hedging Gains,0.1,2021-Q4,rbnz-dashboard
BOB,Fees and Commission Income,0.1,2021-Q4,rbnz-dashboard
BOB,Other Income,0,2021-Q4,rbnz-dashboard
BOB,Operating Expenses,0.6,2021-Q4,rbnz-dashboard
BOB,Profit After Tax,0.5,2021-Q4,rbnz-dashboard
BOB,Total Assets,147.8,2021-Q4,rbnz-dashboard
BOB,Cash Position,24.2,2021-Q4,rbnz-dashboard
BOB,Net Loans and Advances,121.8,2021-Q4,rbnz-dashboard
BOB,Deposits,95,2021-Q4,rbnz-dashboard
BOB,Equity,50.6,2021-Q4,rbnz-dashboard
BOB,Core Funding Ratio (CFR),105,2021-Q4,rbnz-dashboard
BOC,Total Capital Ratio,16.5,2021-Q4,rbnz-dashboard
BOC,CET1 Ratio,16.5,2021-Q4,rbnz-dashboard
BOC,Tier 1 Capital Ratio,16.5,2021-Q4,rbnz-dashboard
BOC,Total Non-Performing Loans,5.5,2021-Q4,rbnz-dashboard
BOC,NPL Ratio,0.2,2021-Q4,rbnz-dashboard
BOC,Return on Assets,1.1,2021-Q4,rbnz-dashboard
BOC,Return on Equity,11.4,2021-Q4,rbnz-dashboard
BOC,NIM,0.8,2021-Q4,rbnz-dashboard
BOC,Net Interest Income,6.4,2021-Q4,rbnz-dashboard
BOC,Trading and Hedging Gains,0.3,2021-Q4,rbnz-dashboard
BOC,Fees and Commission Income,7.2,2021-Q4,rbnz-dashboard
BOC,Other Income,0,2021-Q4,rbnz-dashboard
BOC,Operating Expenses,5.5,2021-Q4,rbnz-dashboard
BOC,Profit After Tax,8.2,2021-Q4,rbnz-dashboard
BOC,Total Assets,3051.8,2021-Q4,rbnz-dashboard
BOC,Cash Position,514,2021-Q4,rbnz-dashboard
BOC,Net Loans and Advances,2427.2,2021-Q4,rbnz-dashboard
BOC,Deposits,1448.8,2021-Q4,rbnz-dashboard
BOC,Equity,289.5,2021-Q4,rbnz-dashboard
BOC,Core Funding Ratio (CFR),71.4,2021-Q4,rbnz-dashboard
BOC Group,Total Capital Ratio,,2021-Q4,rbnz-dashboard
BOC Group,CET1 Ratio,,2021-Q4,rbnz-dashboard
BOC Group,Tier 1 Capital Ratio,,2021-Q4,rbnz-dashboard
BOC Group,Total Non-Performing Loans,5.5,2021-Q4,rbnz-dashboard
BOC Group,NPL Ratio,0.1,2021-Q4,rbnz-dashboard
BOC Group,Return on Assets,0.8,2021-Q4,rbnz-dashboard
BOC Group,Return on Equity,13.4,2021-Q4,rbnz-dashboard
BOC Group,NIM,1.3,2021-Q4,rbnz-dashboard
BOC Group,Net Interest Income,16.9,2021-Q4,rbnz-dashboard
BOC Group,Trading and Hedging Gains,0.1,2021-Q4,rbnz-dashboard
BOC Group,Fees and Commission Income,1.1,2021-Q4,rbnz-dashboard
BOC Group,Other Income,0,2021-Q4,rbnz-dashboard
BOC Group,Operating Expenses,6,2021-Q4,rbnz-dashboard
BOC Group,Profit After Tax,10.3,2021-Q4,rbnz-dashboard
BOC Group,Total Assets,5388.3,2021-Q4,rbnz-dashboard
BOC Group,Cash Position,756.2,2021-Q4,rbnz-dashboard
BOC Group,Net Loans and Advances,4507.9,2021-Q4,rbnz-dashboard
BOC Group,Deposits,1591.9,2021-Q4,rbnz-dashboard
BOC Group,Equity,305.6,2021-Q4,rbnz-dashboard
BOC Group,Core Funding Ratio (CFR),,2021-Q4,rbnz-dashboard
BOI,Total Capital Ratio,53.5,2021-Q4,rbnz-dashboard
BOI,CET1 Ratio,53.5,2021-Q4,rbnz-dashboard
BOI,Tier 1 Capital Ratio,53.5,2021-Q4,rbnz-dashboard
BOI,Total Non-Performing Loans,,2021-Q4,rbnz-dashboard
BOI,NPL Ratio,,2021-Q4,rbnz-dashboard
BOI,Return on Assets,1.7,2021-Q4,rbnz-dashboard
BOI,Return on Equity,3.8,2021-Q4,rbnz-dashboard
BOI,NIM,3.7,2021-Q4,rbnz-dashboard
BOI,Net Interest Income,1.2,2021-Q4,rbnz-dashboard
BOI,Trading and Hedging Gains,0.1,2021-Q4,rbnz-dashboard
BOI,Fees and Commission Income,0,2021-Q4,rbnz-dashboard
BOI,Other Income,0,2021-Q4,rbnz-dashboard
BOI,Operating Expenses,0.5,2021-Q4,rbnz-dashboard
BOI,Profit After Tax,0.6,2021-Q4,rbnz-dashboard
BOI,Total Assets,135.6,2021-Q4,rbnz-dashboard
BOI,Cash Position,24.8,2021-Q4,rbnz-dashboard
BOI,Net Loans and Advances,109.9,2021-Q4,rbnz-dashboard
BOI,Deposits,53.2,2021-Q4,rbnz-dashboard
BOI,Equity,58.1,2021-Q4,rbnz-dashboard
BOI,Core Funding Ratio (CFR),93.5,2021-Q4,rbnz-dashboard
CBA Group,Total Capital Ratio,,2021-Q4,rbnz-dashboard
CBA Group,CET1 Ratio,,2021-Q4,rbnz-dashboard
CBA Group,Tier 1 Capital Ratio,,2021-Q4,rbnz-dashboard
CBA Group,Total Non-Performing Loans,384.2,2021-Q4,rbnz-dashboard
CBA Group,NPL Ratio,0.4,2021-Q4,rbnz-dashboard
CBA Group,Return on Assets,1.3,2021-Q4,rbnz-dashboard
CBA Group,Return on Equity,20,2021-Q4,rbnz-dashboard
CBA Group,NIM,2.1,2021-Q4,rbnz-dashboard
CBA Group,Net Interest Income,638.1,2021-Q4,rbnz-dashboard
CBA Group,Trading and Hedging Gains,31.2,2021-Q4,rbnz-dashboard
CBA Group,Fees and Commission Income,108.2,2021-Q4,rbnz-dashboard
CBA Group,Other Income,6.7,2021-Q4,rbnz-dashboard
CBA Group,Operating Expenses,254.3,2021-Q4,rbnz-dashboard
CBA Group,Profit After Tax,381.5,2021-Q4,rbnz-dashboard
CBA Group,Total Assets,121029.5,2021-Q4,rbnz-dashboard
CBA Group,Cash Position,5477.6,2021-Q4,rbnz-dashboard
CBA Group,Net Loans and Advances,105551.1,2021-Q4,rbnz-dashboard
CBA Group,Deposits,78152,2021-Q4,rbnz-dashboard
CBA Group,Equity,7773.2,2021-Q4,rbnz-dashboard
CBA Group,Core Funding Ratio (CFR),,2021-Q4,rbnz-dashboard
CCB,Total Capital Ratio,14.5,2021-Q4,rbnz-dashboard
CCB,CET1 Ratio,14.1,2021-Q4,rbnz-dashboard
CCB,Tier 1 Capital Ratio,14.1,2021-Q4,rbnz-dashboard
CCB,Total Non-Performing Loans,,2021-Q4,rbnz-dashboard
CCB,NPL Ratio,,2021-Q4,rbnz-dashboard
CCB,Return on Assets,0.9,2021-Q4,rbnz-dashboard
CCB,Return on Equity,7.8,2021-Q4,rbnz-dashboard
CCB,NIM,1.7,2021-Q4,rbnz-dashboard
CCB,Net Interest Income,9.3,2021-Q4,rbnz-dashboard
CCB,Trading and Hedging Gains,-0.3,2021-Q4,rbnz-dashboard
CCB,Fees and Commission Income,1.8,2021-Q4,rbnz-dashboard
CCB,Other Income,0.1,2021-Q4,rbnz-dashboard
CCB,Operating Expenses,2.7,2021-Q4,rbnz-dashboard
CCB,Profit After Tax,5.1,2021-Q4,rbnz-dashboard
CCB,Total Assets,2527.1,2021-Q4,rbnz-dashboard
CCB,Cash Position,593.6,2021-Q4,rbnz-dashboard
CCB,Net Loans and Advances,1831,2021-Q4,rbnz-dashboard
CCB,Deposits,414.8,2021-Q4,rbnz-dashboard
CCB,Equity,263,2021-Q4,rbnz-dashboard
CCB,Core Funding Ratio (CFR),90.1,2021-Q4,rbnz-dashboard
CCB Group,Total Capital Ratio,,2021-Q4,rbnz-dashboard
CCB Group,CET1 Ratio,,2021-Q4,rbnz-dashboard
CCB Group,Tier 1 Capital Ratio,,2021-Q4,rbnz-dashboard
CCB Group,Total Non-Performing Loans,,2021-Q4,rbnz-dashboard
CCB Group,NPL Ratio,,2021-Q4,rbnz-dashboard
CCB Group,Return on Assets,0.7,2021-Q4,rbnz-dashboard
CCB Group,Return on Equity,9.5,2021-Q4,rbnz-dashboard
CCB Group,NIM,1.6,2021-Q4,rbnz-dashboard
CCB Group,Net Interest Income,15.8,2021-Q4,rbnz-dashboard
CCB Group,Trading and Hedging Gains,-3.8,2021-Q4,rbnz-dashboard
CCB Group,Fees and Commission Income,2.8,2021-Q4,rbnz-dashboard
CCB Group,Other Income,0,2021-Q4,rbnz-dashboard
CCB Group,Operating Expenses,4.7,2021-Q4,rbnz-dashboard
CCB Group,Profit After Tax,6.8,2021-Q4,rbnz-dashboard
CCB Group,Total Assets,4376.2,2021-Q4,rbnz-dashboard
CCB Group,Cash Position,831.8,2021-Q4,rbnz-dashboard
CCB Group,Net Loans and Advances,3411.7,2021-Q4,rbnz-dashboard
CCB Group,Deposits,415,2021-Q4,rbnz-dashboard
CCB Group,Equity,287,2021-Q4,rbnz-dashboard
CCB Group,Core Funding Ratio (CFR),,2021-Q4,rbnz-dashboard
Co-op,Total Capital Ratio,16.9,2021-Q4,rbnz-dashboard
Co-op,CET1 Ratio,14.6,2021-Q4,rbnz-dashboard
Co-op,Tier 1 Capital Ratio,14.6,2021-Q4,rbnz-dashboard
Co-op,Total Non-Performing Loans,5.8,2021-Q4,rbnz-dashboard
Co-op,NPL Ratio,0.2,2021-Q4,rbnz-dashboard
Co-op,Return on Assets,0.5,2021-Q4,rbnz-dashboard
Co-op,Return on Equity,7.1,2021-Q4,rbnz-dashboard
Co-op,NIM,2.2,2021-Q4,rbnz-dashboard
Co-op,Net Interest Income,17.7,2021-Q4,rbnz-dashboard
Co-op,Trading and Hedging Gains,0.2,2021-Q4,rbnz-dashboard
Co-op,Fees and Commission Income,2.4,2021-Q4,rbnz-dashboard
Co-op,Other Income,2,2021-Q4,rbnz-dashboard
Co-op,Operating Expenses,16.2,2021-Q4,rbnz-dashboard
Co-op,Profit After Tax,4.3,2021-Q4,rbnz-dashboard
Co-op,Total Assets,3239.2,2021-Q4,rbnz-dashboard
Co-op,Cash Position,74.7,2021-Q4,rbnz-dashboard
Co-op,Net Loans and Advances,2713.6,2021-Q4,rbnz-dashboard
Co-op,Deposits,2717.5,2021-Q4,rbnz-dashboard
Co-op,Equity,242.8,2021-Q4,rbnz-dashboard
Co-op,Core Funding Ratio (CFR),104.1,2021-Q4,rbnz-dashboard
Heartland,Total Capital Ratio,14,2021-Q4,rbnz-dashboard
Heartland,CET1 Ratio,14,2021-Q4,rbnz-dashboard
Heartland,Tier 1 Capital Ratio,14,2021-Q4,rbnz-dashboard
Heartland,Total Non-Performing Loans,86.3,2021-Q4,rbnz-dashboard
Heartland,NPL Ratio,2.1,2021-Q4,rbnz-dashboard
Heartland,Return on Assets,1.8,2021-Q4,rbnz-dashboard
Heartland,Return on Equity,12.2,2021-Q4,rbnz-dashboard
Heartland,NIM,4.5,2021-Q4,rbnz-dashboard
Heartland,Net Interest Income,51.4,2021-Q4,rbnz-dashboard
Heartland,Trading and Hedging Gains,0,2021-Q4,rbnz-dashboard
Heartland,Fees and Commission Income,2.2,2021-Q4,rbnz-dashboard
Heartland,Other Income,1.6,2021-Q4,rbnz-dashboard
Heartland,Operating Expenses,24,2021-Q4,rbnz-dashboard
Heartland,Profit After Tax,20.7,2021-Q4,rbnz-dashboard
Heartland,Total Assets,4702.9,2021-Q4,rbnz-dashboard
Heartland,Cash Position,142.6,2021-Q4,rbnz-dashboard
Heartland,Net Loans and Advances,4118.9,2021-Q4,rbnz-dashboard
Heartland,Deposits,3336.5,2021-Q4,rbnz-dashboard
Heartland,Equity,683.1,2021-Q4,rbnz-dashboard
Heartland,Core Funding Ratio (CFR),91.7,2021-Q4,rbnz-dashboard
ICBC,Total Capital Ratio,17.1,2021-Q4,rbnz-dashboard
ICBC,CET1 Ratio,15.9,2021-Q4,rbnz-dashboard
ICBC,Tier 1 Capital Ratio,15.9,2021-Q4,rbnz-dashboard
ICBC,Total Non-Performing Loans,5.4,2021-Q4,rbnz-dashboard
ICBC,NPL Ratio,0.3,2021-Q4,rbnz-dashboard
ICBC,Return on Assets,0.5,2021-Q4,rbnz-dashboard
ICBC,Return on Equity,3.9,2021-Q4,rbnz-dashboard
ICBC,NIM,1.8,2021-Q4,rbnz-dashboard
ICBC,Net Interest Income,9.5,2021-Q4,rbnz-dashboard
ICBC,Trading and Hedging Gains,-1.9,2021-Q4,rbnz-dashboard
ICBC,Fees and Commission Income,0.2,2021-Q4,rbnz-dashboard
ICBC,Other Income,2.1,2021-Q4,rbnz-dashboard
ICBC,Operating Expenses,5.3,2021-Q4,rbnz-dashboard
ICBC,Profit After Tax,2.8,2021-Q4,rbnz-dashboard
ICBC,Total Assets,2239.4,2021-Q4,rbnz-dashboard
ICBC,Cash Position,397.8,2021-Q4,rbnz-dashboard
ICBC,Net Loans and Advances,1625.1,2021-Q4,rbnz-dashboard
ICBC,Deposits,642.1,2021-Q4,rbnz-dashboard
ICBC,Equity,281.4,2021-Q4,rbnz-dashboard
ICBC,Core Funding Ratio (CFR),80.8,2021-Q4,rbnz-dashboard
ICBC Group,Total Capital Ratio,,2021-Q4,rbnz-dashboard
ICBC Group,CET1 Ratio,,2021-Q4,rbnz-dashboard
ICBC Group,Tier 1 Capital Ratio,,2021-Q4,rbnz-dashboard
ICBC Group,Total Non-Performing Loans,5.4,2021-Q4,rbnz-dashboard
ICBC Group,NPL Ratio,0.2,2021-Q4,rbnz-dashboard
ICBC Group,Return on Assets,0.5,2021-Q4,rbnz-dashboard
ICBC Group,Return on Equity,4.9,2021-Q4,rbnz-dashboard
ICBC Group,NIM,1.7,2021-Q4,rbnz-dashboard
ICBC Group,Net Interest Income,15,2021-Q4,rbnz-dashboard
ICBC Group,Trading and Hedging Gains,-2.9,2021-Q4,rbnz-dashboard
ICBC Group,Fees and Commission Income,0.2,2021-Q4,rbnz-dashboard
ICBC Group,Other Income,0,2021-Q4,rbnz-dashboard
ICBC Group,Operating Expenses,5.4,2021-Q4,rbnz-dashboard
ICBC Group,Profit After Tax,4.5,2021-Q4,rbnz-dashboard
ICBC Group,Total Assets,3434.8,2021-Q4,rbnz-dashboard
ICBC Group,Cash Position,642.8,2021-Q4,rbnz-dashboard
ICBC Group,Net Loans and Advances,2573,2021-Q4,rbnz-dashboard
ICBC Group,Deposits,622.9,2021-Q4,rbnz-dashboard
ICBC Group,Equity,369.9,2021-Q4,rbnz-dashboard
ICBC Group,Core Funding Ratio (CFR),,2021-Q4,rbnz-dashboard
Kiwibank,Total Capital Ratio,13.7,2021-Q4,rbnz-dashboard
Kiwibank,CET1 Ratio,10.4,2021-Q4,rbnz-dashboard
Kiwibank,Tier 1 Capital Ratio,12,2021-Q4,rbnz-dashboard
Kiwibank,Total Non-Performing Loans,15.3,2021-Q4,rbnz-dashboard
Kiwibank,NPL Ratio,0.1,2021-Q4,rbnz-dashboard
Kiwibank,Return on Assets,0.4,2021-Q4,rbnz-dashboard
Kiwibank,Return on Equity,6.6,2021-Q4,rbnz-dashboard
Kiwibank,NIM,2,2021-Q4,rbnz-dashboard
Kiwibank,Net Interest Income,151.3,2021-Q4,rbnz-dashboard
Kiwibank,Trading and Hedging Gains,3.1,2021-Q4,rbnz-dashboard
Kiwibank,Fees and Commission Income,10.7,2021-Q4,rbnz-dashboard
Kiwibank,Other Income,0.6,2021-Q4,rbnz-dashboard
Kiwibank,Operating Expenses,117.1,2021-Q4,rbnz-dashboard
Kiwibank,Profit After Tax,32.1,2021-Q4,rbnz-dashboard
Kiwibank,Total Assets,30969.5,2021-Q4,rbnz-dashboard
Kiwibank,Cash Position,1650.5,2021-Q4,rbnz-dashboard
Kiwibank,Net Loans and Advances,27179,2021-Q4,rbnz-dashboard
Kiwibank,Deposits,23822.4,2021-Q4,rbnz-dashboard
Kiwibank,Equity,2068.9,2021-Q4,rbnz-dashboard
Kiwibank,Core Funding Ratio (CFR),90.2,2021-Q4,rbnz-dashboard
Rabo Group,Total Capital Ratio,,2021-Q4,rbnz-dashboard
Rabo Group,CET1 Ratio,,2021-Q4,rbnz-dashboard
Rabo Group,Tier 1 Capital Ratio,,2021-Q4,rbnz-dashboard
Rabo Group,Total Non-Performing Loans,323.3,2021-Q4,rbnz-dashboard
Rabo Group,NPL Ratio,2.2,2021-Q4,rbnz-dashboard
Rabo Group,Return on Assets,1.2,2021-Q4,rbnz-dashboard
Rabo Group,Return on Equity,8.9,2021-Q4,rbnz-dashboard
Rabo Group,NIM,2.4,2021-Q4,rbnz-dashboard
Rabo Group,Net Interest Income,106.2,2021-Q4,rbnz-dashboard
Rabo Group,Trading and Hedging Gains,5.5,2021-Q4,rbnz-dashboard
Rabo Group,Fees and Commission Income,0.8,2021-Q4,rbnz-dashboard
Rabo Group,Other Income,5.4,2021-Q4,rbnz-dashboard
Rabo Group,Operating Expenses,58.9,2021-Q4,rbnz-dashboard
Rabo Group,Profit After Tax,52.2,2021-Q4,rbnz-dashboard
Rabo Group,Total Assets,17752.8,2021-Q4,rbnz-dashboard
Rabo Group,Cash Position,2032.3,2021-Q4,rbnz-dashboard
Rabo Group,Net Loans and Advances,14794.3,2021-Q4,rbnz-dashboard
Rabo Group,Deposits,5542.6,2021-Q4,rbnz-dashboard
Rabo Group,Equity,2340.5,2021-Q4,rbnz-dashboard
Rabo Group,Core Funding Ratio (CFR),,2021-Q4,rbnz-dashboard
Rabobank,Total Capital Ratio,14,2021-Q4,rbnz-dashboard
Rabobank,CET1 Ratio,14,2021-Q4,rbnz-dashboard
Rabobank,Tier 1 Capital Ratio,14,2021-Q4,rbnz-dashboard
Rabobank,Total Non-Performing Loans,270.9,2021-Q4,rbnz-dashboard
Rabobank,NPL Ratio,2.3,2021-Q4,rbnz-dashboard
Rabobank,Return on Assets,1.1,2021-Q4,rbnz-dashboard
Rabobank,Return on Equity,7.8,2021-Q4,rbnz-dashboard
Rabobank,NIM,2.6,2021-Q4,rbnz-dashboard
Rabobank,Net Interest Income,87,2021-Q4,rbnz-dashboard
Rabobank,Trading and Hedging Gains,0.4,2021-Q4,rbnz-dashboard
Rabobank,Fees and Commission Income,0.3,2021-Q4,rbnz-dashboard
Rabobank,Other Income,0.1,2021-Q4,rbnz-dashboard
Rabobank,Operating Expenses,47.8,2021-Q4,rbnz-dashboard
Rabobank,Profit After Tax,37.3,2021-Q4,rbnz-dashboard
Rabobank,Total Assets,13296.9,2021-Q4,rbnz-dashboard
Rabobank,Cash Position,781.2,2021-Q4,rbnz-dashboard
Rabobank,Net Loans and Advances,11900.4,2021-Q4,rbnz-dashboard
Rabobank,Deposits,5081.7,2021-Q4,rbnz-dashboard
Rabobank,Equity,1905.7,2021-Q4,rbnz-dashboard
Rabobank,Core Funding Ratio (CFR),79.7,2021-Q4,rbnz-dashboard
SBS,Total Capital Ratio,16,2021-Q4,rbnz-dashboard
SBS,CET1 Ratio,13.4,2021-Q4,rbnz-dashboard
SBS,Tier 1 Capital Ratio,13.4,2021-Q4,rbnz-dashboard
SBS,Total Non-Performing Loans,5.9,2021-Q4,rbnz-dashboard
SBS,NPL Ratio,0.1,2021-Q4,rbnz-dashboard
SBS,Return on Assets,0.8,2021-Q4,rbnz-dashboard
SBS,Return on Equity,8.9,2021-Q4,rbnz-dashboard
SBS,NIM,2.7,2021-Q4,rbnz-dashboard
SBS,Net Interest Income,33.1,2021-Q4,rbnz-dashboard
SBS,Trading and Hedging Gains,-0.1,2021-Q4,rbnz-dashboard
SBS,Fees and Commission Income,6.4,2021-Q4,rbnz-dashboard
SBS,Other Income,1.9,2021-Q4,rbnz-dashboard
SBS,Operating Expenses,25.7,2021-Q4,rbnz-dashboard
SBS,Profit After Tax,9.7,2021-Q4,rbnz-dashboard
SBS,Total Assets,5023.8,2021-Q4,rbnz-dashboard
SBS,Cash Position,65.4,2021-Q4,rbnz-dashboard
SBS,Net Loans and Advances,4282.6,2021-Q4,rbnz-dashboard
SBS,Deposits,3464.4,2021-Q4,rbnz-dashboard
SBS,Equity,437.4,2021-Q4,rbnz-dashboard
SBS,Core Funding Ratio (CFR),94.9,2021-Q4,rbnz-dashboard
TSB,Total Capital Ratio,13.7,2021-Q4,rbnz-dashboard
TSB,CET1 Ratio,13.7,2021-Q4,rbnz-dashboard
TSB,Tier 1 Capital Ratio,13.7,2021-Q4,rbnz-dashboard
TSB,Total Non-Performing Loans,19,2021-Q4,rbnz-dashboard
TSB,NPL Ratio,0.3,2021-Q4,rbnz-dashboard
TSB,Return on Assets,0.4,2021-Q4,rbnz-dashboard
TSB,Return on Equity,4.8,2021-Q4,rbnz-dashboard
TSB,NIM,1.9,2021-Q4,rbnz-dashboard
TSB,Net Interest Income,41.3,2021-Q4,rbnz-dashboard
TSB,Trading and Hedging Gains,0,2021-Q4,rbnz-dashboard
TSB,Fees and Commission Income,3.6,2021-Q4,rbnz-dashboard
TSB,Other Income,0.5,2021-Q4,rbnz-dashboard
TSB,Operating Expenses,33.7,2021-Q4,rbnz-dashboard
TSB,Profit After Tax,8.8,2021-Q4,rbnz-dashboard
TSB,Total Assets,8934.2,2021-Q4,rbnz-dashboard
TSB,Cash Position,608,2021-Q4,rbnz-dashboard
TSB,Net Loans and Advances,6700.1,2021-Q4,rbnz-dashboard
TSB,Deposits,8094.9,2021-Q4,rbnz-dashboard
TSB,Equity,733.8,2021-Q4,rbnz-dashboard
TSB,Core Funding Ratio (CFR),117.6,2021-Q4,rbnz-dashboard
WBC Group,Total Capital Ratio,,2021-Q4,rbnz-dashboard
WBC Group,CET1 Ratio,,2021-Q4,rbnz-dashboard
WBC Group,Tier 1 Capital Ratio,,2021-Q4,rbnz-dashboard
WBC Group,Total Non-Performing Loans,337,2021-Q4,rbnz-dashboard
WBC Group,NPL Ratio,0.4,2021-Q4,rbnz-dashboard
WBC Group,Return on Assets,1,2021-Q4,rbnz-dashboard
WBC Group,Return on Equity,11.6,2021-Q4,rbnz-dashboard
WBC Group,NIM,2,2021-Q4,rbnz-dashboard
WBC Group,Net Interest Income,563.7,2021-Q4,rbnz-dashboard
WBC Group,Trading and Hedging Gains,39.7,2021-Q4,rbnz-dashboard
WBC Group,Fees and Commission Income,81.3,2021-Q4,rbnz-dashboard
WBC Group,Other Income,-0.6,2021-Q4,rbnz-dashboard
WBC Group,Operating Expenses,281.5,2021-Q4,rbnz-dashboard
WBC Group,Profit After Tax,304.9,2021-Q4,rbnz-dashboard
WBC Group,Total Assets,122381.5,2021-Q4,rbnz-dashboard
WBC Group,Cash Position,10970.8,2021-Q4,rbnz-dashboard
WBC Group,Net Loans and Advances,93854.5,2021-Q4,rbnz-dashboard
WBC Group,Deposits,77351.2,2021-Q4,rbnz-dashboard
WBC Group,Equity,10530.6,2021-Q4,rbnz-dashboard
WBC Group,Core Funding Ratio (CFR),,2021-Q4,rbnz-dashboard
Westpac,Total Capital Ratio,19,2021-Q4,rbnz-dashboard
Westpac,CET1 Ratio,14.2,2021-Q4,rbnz-dashboard
Westpac,Tier 1 Capital Ratio,17,2021-Q4,rbnz-dashboard
Westpac,Total Non-Performing Loans,337,2021-Q4,rbnz-dashboard
Westpac,NPL Ratio,0.4,2021-Q4,rbnz-dashboard
Westpac,Return on Assets,0.9,2021-Q4,rbnz-dashboard
Westpac,Return on Equity,12.1,2021-Q4,rbnz-dashboard
Westpac,NIM,1.9,2021-Q4,rbnz-dashboard
Westpac,Net Interest Income,532.7,2021-Q4,rbnz-dashboard
Westpac,Trading and Hedging Gains,5.4,2021-Q4,rbnz-dashboard
Westpac,Fees and Commission Income,68.4,2021-Q4,rbnz-dashboard
Westpac,Other Income,0,2021-Q4,rbnz-dashboard
Westpac,Operating Expenses,267.7,2021-Q4,rbnz-dashboard
Westpac,Profit After Tax,259.2,2021-Q4,rbnz-dashboard
Westpac,Total Assets,115836.2,2021-Q4,rbnz-dashboard
Westpac,Cash Position,10683.5,2021-Q4,rbnz-dashboard
Westpac,Net Loans and Advances,93405.8,2021-Q4,rbnz-dashboard
Westpac,Deposits,77483.5,2021-Q4,rbnz-dashboard
Westpac,Equity,8649.4,2021-Q4,rbnz-dashboard
Westpac,Core Funding Ratio (CFR),82.4,2021-Q4,rbnz-dashboard
ANZ,Total Capital Ratio,15.1,2022-Q1,rbnz-dashboard
ANZ,CET1 Ratio,12.4,2022-Q1,rbnz-dashboard
ANZ,Tier 1 Capital Ratio,14.5,2022-Q1,rbnz-dashboard
ANZ,Total Non-Performing Loans,546,2022-Q1,rbnz-dashboard
ANZ,NPL Ratio,0.4,2022-Q1,rbnz-dashboard
ANZ,Return on Assets,1.3,2022-Q1,rbnz-dashboard
ANZ,Return on Equity,14.3,2022-Q1,rbnz-dashboard
ANZ,NIM,2.1,2022-Q1,rbnz-dashboard
ANZ,Net Interest Income,898.9,2022-Q1,rbnz-dashboard
ANZ,Trading and Hedging Gains,171.4,2022-Q1,rbnz-dashboard
ANZ,Fees and Commission Income,125.9,2022-Q1,rbnz-dashboard
ANZ,Other Income,14.6,2022-Q1,rbnz-dashboard
ANZ,Operating Expenses,387.9,2022-Q1,rbnz-dashboard
ANZ,Profit After Tax,604,2022-Q1,rbnz-dashboard
ANZ,Total Assets,190490.9,2022-Q1,rbnz-dashboard
ANZ,Cash Position,11138.7,2022-Q1,rbnz-dashboard
ANZ,Net Loans and Advances,146121.5,2022-Q1,rbnz-dashboard
ANZ,Deposits,129370.9,2022-Q1,rbnz-dashboard
ANZ,Equity,17028.1,2022-Q1,rbnz-dashboard
ANZ,Core Funding Ratio (CFR),91.4,2022-Q1,rbnz-dashboard
ANZ Group,Total Capital Ratio,,2022-Q1,rbnz-dashboard
ANZ Group,CET1 Ratio,,2022-Q1,rbnz-dashboard
ANZ Group,Tier 1 Capital Ratio,,2022-Q1,rbnz-dashboard
ANZ Group,Total Non-Performing Loans,548.4,2022-Q1,rbnz-dashboard
ANZ Group,NPL Ratio,0.4,2022-Q1,rbnz-dashboard
ANZ Group,Return on Assets,1.3,2022-Q1,rbnz-dashboard
ANZ Group,Return on Equity,15.6,2022-Q1,rbnz-dashboard
ANZ Group,NIM,2.1,2022-Q1,rbnz-dashboard
ANZ Group,Net Interest Income,894.9,2022-Q1,rbnz-dashboard
ANZ Group,Trading and Hedging Gains,170.8,2022-Q1,rbnz-dashboard
ANZ Group,Fees and Commission Income,125.9,2022-Q1,rbnz-dashboard
ANZ Group,Other Income,14.1,2022-Q1,rbnz-dashboard
ANZ Group,Operating Expenses,388.1,2022-Q1,rbnz-dashboard
ANZ Group,Profit After Tax,599.8,2022-Q1,rbnz-dashboard
ANZ Group,Total Assets,190720.2,2022-Q1,rbnz-dashboard
ANZ Group,Cash Position,11138.7,2022-Q1,rbnz-dashboard
ANZ Group,Net Loans and Advances,146397.3,2022-Q1,rbnz-dashboard
ANZ Group,Deposits,129370.9,2022-Q1,rbnz-dashboard
ANZ Group,Equity,15230.9,2022-Q1,rbnz-dashboard
ANZ Group,Core Funding Ratio (CFR),,2022-Q1,rbnz-dashboard
ASB,Total Capital Ratio,13.4,2022-Q1,rbnz-dashboard
ASB,CET1 Ratio,12.1,2022-Q1,rbnz-dashboard
ASB,Tier 1 Capital Ratio,13.4,2022-Q1,rbnz-dashboard
ASB,Total Non-Performing Loans,411.3,2022-Q1,rbnz-dashboard
ASB,NPL Ratio,0.4,2022-Q1,rbnz-dashboard
ASB,Return on Assets,1.2,2022-Q1,rbnz-dashboard
ASB,Return on Equity,15.2,2022-Q1,rbnz-dashboard
ASB,NIM,2.2,2022-Q1,rbnz-dashboard
ASB,Net Interest Income,643.8,2022-Q1,rbnz-dashboard
ASB,Trading and Hedging Gains,23.8,2022-Q1,rbnz-dashboard
ASB,Fees and Commission Income,114.8,2022-Q1,rbnz-dashboard
ASB,Other Income,20.9,2022-Q1,rbnz-dashboard
ASB,Operating Expenses,297.9,2022-Q1,rbnz-dashboard
ASB,Profit After Tax,358.1,2022-Q1,rbnz-dashboard
ASB,Total Assets,119044,2022-Q1,rbnz-dashboard
ASB,Cash Position,7221.6,2022-Q1,rbnz-dashboard
ASB,Net Loans and Advances,103351.3,2022-Q1,rbnz-dashboard
ASB,Deposits,77998.5,2022-Q1,rbnz-dashboard
ASB,Equity,9819.2,2022-Q1,rbnz-dashboard
ASB,Core Funding Ratio (CFR),87.6,2022-Q1,rbnz-dashboard
BNZ,Total Capital Ratio,15.3,2022-Q1,rbnz-dashboard
BNZ,CET1 Ratio,12.7,2022-Q1,rbnz-dashboard
BNZ,Tier 1 Capital Ratio,13.7,2022-Q1,rbnz-dashboard
BNZ,Total Non-Performing Loans,330.8,2022-Q1,rbnz-dashboard
BNZ,NPL Ratio,0.3,2022-Q1,rbnz-dashboard
BNZ,Return on Assets,1.2,2022-Q1,rbnz-dashboard
BNZ,Return on Equity,14,2022-Q1,rbnz-dashboard
BNZ,NIM,2.1,2022-Q1,rbnz-dashboard
BNZ,Net Interest Income,594.3,2022-Q1,rbnz-dashboard
BNZ,Trading and Hedging Gains,61.7,2022-Q1,rbnz-dashboard
BNZ,Fees and Commission Income,95.3,2022-Q1,rbnz-dashboard
BNZ,Other Income,-1,2022-Q1,rbnz-dashboard
BNZ,Operating Expenses,222.9,2022-Q1,rbnz-dashboard
BNZ,Profit After Tax,353,2022-Q1,rbnz-dashboard
BNZ,Total Assets,124060.1,2022-Q1,rbnz-dashboard
BNZ,Cash Position,12648.6,2022-Q1,rbnz-dashboard
BNZ,Net Loans and Advances,98008.4,2022-Q1,rbnz-dashboard
BNZ,Deposits,75917.6,2022-Q1,rbnz-dashboard
BNZ,Equity,10471.8,2022-Q1,rbnz-dashboard
BNZ,Core Funding Ratio (CFR),87.8,2022-Q1,rbnz-dashboard
BOB,Total Capital Ratio,61.2,2022-Q1,rbnz-dashboard
BOB,CET1 Ratio,61.2,2022-Q1,rbnz-dashboard
BOB,Tier 1 Capital Ratio,61.2,2022-Q1,rbnz-dashboard
BOB,Total Non-Performing Loans,0,2022-Q1,rbnz-dashboard
BOB,NPL Ratio,0,2022-Q1,rbnz-dashboard
BOB,Return on Assets,0.8,2022-Q1,rbnz-dashboard
BOB,Return on Equity,2.4,2022-Q1,rbnz-dashboard
BOB,NIM,3.2,2022-Q1,rbnz-dashboard
BOB,Net Interest Income,1.1,2022-Q1,rbnz-dashboard
BOB,Trading and Hedging Gains,0.2,2022-Q1,rbnz-dashboard
BOB,Fees and Commission Income,0.1,2022-Q1,rbnz-dashboard
BOB,Other Income,0,2022-Q1,rbnz-dashboard
BOB,Operating Expenses,0.9,2022-Q1,rbnz-dashboard
BOB,Profit After Tax,0.3,2022-Q1,rbnz-dashboard
BOB,Total Assets,146,2022-Q1,rbnz-dashboard
BOB,Cash Position,20.7,2022-Q1,rbnz-dashboard
BOB,Net Loans and Advances,123.5,2022-Q1,rbnz-dashboard
BOB,Deposits,92.9,2022-Q1,rbnz-dashboard
BOB,Equity,50.9,2022-Q1,rbnz-dashboard
BOB,Core Funding Ratio (CFR),108.8,2022-Q1,rbnz-dashboard
BOC,Total Capital Ratio,16.5,2022-Q1,rbnz-dashboard
BOC,CET1 Ratio,16.5,2022-Q1,rbnz-dashboard
BOC,Tier 1 Capital Ratio,16.5,2022-Q1,rbnz-dashboard
BOC,Total Non-Performing Loans,5.2,2022-Q1,rbnz-dashboard
BOC,NPL Ratio,0.2,2022-Q1,rbnz-dashboard
BOC,Return on Assets,0.2,2022-Q1,rbnz-dashboard
BOC,Return on Equity,2.2,2022-Q1,rbnz-dashboard
BOC,NIM,0.8,2022-Q1,rbnz-dashboard
BOC,Net Interest Income,5.9,2022-Q1,rbnz-dashboard
BOC,Trading and Hedging Gains,0.1,2022-Q1,rbnz-dashboard
BOC,Fees and Commission Income,4.1,2022-Q1,rbnz-dashboard
BOC,Other Income,0,2022-Q1,rbnz-dashboard
BOC,Operating Expenses,5.3,2022-Q1,rbnz-dashboard
BOC,Profit After Tax,1.6,2022-Q1,rbnz-dashboard
BOC,Total Assets,3151.8,2022-Q1,rbnz-dashboard
BOC,Cash Position,509.7,2022-Q1,rbnz-dashboard
BOC,Net Loans and Advances,2531.9,2022-Q1,rbnz-dashboard
BOC,Deposits,1448.8,2022-Q1,rbnz-dashboard
BOC,Equity,290.6,2022-Q1,rbnz-dashboard
BOC,Core Funding Ratio (CFR),80,2022-Q1,rbnz-dashboard
BOC Group,Total Capital Ratio,,2022-Q1,rbnz-dashboard
BOC Group,CET1 Ratio,,2022-Q1,rbnz-dashboard
BOC Group,Tier 1 Capital Ratio,,2022-Q1,rbnz-dashboard
BOC Group,Total Non-Performing Loans,5.2,2022-Q1,rbnz-dashboard
BOC Group,NPL Ratio,0.1,2022-Q1,rbnz-dashboard
BOC Group,Return on Assets,0.6,2022-Q1,rbnz-dashboard
BOC Group,Return on Equity,10.2,2022-Q1,rbnz-dashboard
BOC Group,NIM,1.3,2022-Q1,rbnz-dashboard
BOC Group,Net Interest Income,16.7,2022-Q1,rbnz-dashboard
BOC Group,Trading and Hedging Gains,0.6,2022-Q1,rbnz-dashboard
BOC Group,Fees and Commission Income,1,2022-Q1,rbnz-dashboard
BOC Group,Other Income,0,2022-Q1,rbnz-dashboard
BOC Group,Operating Expenses,5.3,2022-Q1,rbnz-dashboard
BOC Group,Profit After Tax,7.8,2022-Q1,rbnz-dashboard
BOC Group,Total Assets,5354.4,2022-Q1,rbnz-dashboard
BOC Group,Cash Position,535.1,2022-Q1,rbnz-dashboard
BOC Group,Net Loans and Advances,4692.5,2022-Q1,rbnz-dashboard
BOC Group,Deposits,1612.5,2022-Q1,rbnz-dashboard
BOC Group,Equity,312.8,2022-Q1,rbnz-dashboard
BOC Group,Core Funding Ratio (CFR),,2022-Q1,rbnz-dashboard
BOI,Total Capital Ratio,51.2,2022-Q1,rbnz-dashboard
BOI,CET1 Ratio,51.2,2022-Q1,rbnz-dashboard
BOI,Tier 1 Capital Ratio,51.2,2022-Q1,rbnz-dashboard
BOI,Total Non-Performing Loans,,2022-Q1,rbnz-dashboard
BOI,NPL Ratio,,2022-Q1,rbnz-dashboard
BOI,Return on Assets,1.2,2022-Q1,rbnz-dashboard
BOI,Return on Equity,2.8,2022-Q1,rbnz-dashboard
BOI,NIM,3.5,2022-Q1,rbnz-dashboard
BOI,Net Interest Income,1.2,2022-Q1,rbnz-dashboard
BOI,Trading and Hedging Gains,0.1,2022-Q1,rbnz-dashboard
BOI,Fees and Commission Income,0,2022-Q1,rbnz-dashboard
BOI,Other Income,0,2022-Q1,rbnz-dashboard
BOI,Operating Expenses,0.7,2022-Q1,rbnz-dashboard
BOI,Profit After Tax,0.4,2022-Q1,rbnz-dashboard
BOI,Total Assets,150.9,2022-Q1,rbnz-dashboard
BOI,Cash Position,42.4,2022-Q1,rbnz-dashboard
BOI,Net Loans and Advances,107.7,2022-Q1,rbnz-dashboard
BOI,Deposits,68.4,2022-Q1,rbnz-dashboard
BOI,Equity,58.5,2022-Q1,rbnz-dashboard
BOI,Core Funding Ratio (CFR),98,2022-Q1,rbnz-dashboard
CBA Group,Total Capital Ratio,,2022-Q1,rbnz-dashboard
CBA Group,CET1 Ratio,,2022-Q1,rbnz-dashboard
CBA Group,Tier 1 Capital Ratio,,2022-Q1,rbnz-dashboard
CBA Group,Total Non-Performing Loans,411.3,2022-Q1,rbnz-dashboard
CBA Group,NPL Ratio,0.4,2022-Q1,rbnz-dashboard
CBA Group,Return on Assets,1.2,2022-Q1,rbnz-dashboard
CBA Group,Return on Equity,16.8,2022-Q1,rbnz-dashboard
CBA Group,NIM,2.1,2022-Q1,rbnz-dashboard
CBA Group,Net Interest Income,634.8,2022-Q1,rbnz-dashboard
CBA Group,Trading and Hedging Gains,24.6,2022-Q1,rbnz-dashboard
CBA Group,Fees and Commission Income,116,2022-Q1,rbnz-dashboard
CBA Group,Other Income,20.9,2022-Q1,rbnz-dashboard
CBA Group,Operating Expenses,298.7,2022-Q1,rbnz-dashboard
CBA Group,Profit After Tax,348.9,2022-Q1,rbnz-dashboard
CBA Group,Total Assets,123364.7,2022-Q1,rbnz-dashboard
CBA Group,Cash Position,7225.3,2022-Q1,rbnz-dashboard
CBA Group,Net Loans and Advances,106932.5,2022-Q1,rbnz-dashboard
CBA Group,Deposits,77990.4,2022-Q1,rbnz-dashboard
CBA Group,Equity,9799.7,2022-Q1,rbnz-dashboard
CBA Group,Core Funding Ratio (CFR),,2022-Q1,rbnz-dashboard
CCB,Total Capital Ratio,15.6,2022-Q1,rbnz-dashboard
CCB,CET1 Ratio,15.3,2022-Q1,rbnz-dashboard
CCB,Tier 1 Capital Ratio,15.3,2022-Q1,rbnz-dashboard
CCB,Total Non-Performing Loans,,2022-Q1,rbnz-dashboard
CCB,NPL Ratio,,2022-Q1,rbnz-dashboard
CCB,Return on Assets,1.2,2022-Q1,rbnz-dashboard
CCB,Return on Equity,10.3,2022-Q1,rbnz-dashboard
CCB,NIM,1.7,2022-Q1,rbnz-dashboard
CCB,Net Interest Income,9.8,2022-Q1,rbnz-dashboard
CCB,Trading and Hedging Gains,0.8,2022-Q1,rbnz-dashboard
CCB,Fees and Commission Income,1.1,2022-Q1,rbnz-dashboard
CCB,Other Income,0.1,2022-Q1,rbnz-dashboard
CCB,Operating Expenses,2.7,2022-Q1,rbnz-dashboard
CCB,Profit After Tax,6.8,2022-Q1,rbnz-dashboard
CCB,Total Assets,2208.7,2022-Q1,rbnz-dashboard
CCB,Cash Position,288.3,2022-Q1,rbnz-dashboard
CCB,Net Loans and Advances,1803.8,2022-Q1,rbnz-dashboard
CCB,Deposits,416.7,2022-Q1,rbnz-dashboard
CCB,Equity,268.3,2022-Q1,rbnz-dashboard
CCB,Core Funding Ratio (CFR),88.1,2022-Q1,rbnz-dashboard
CCB Group,Total Capital Ratio,,2022-Q1,rbnz-dashboard
CCB Group,CET1 Ratio,,2022-Q1,rbnz-dashboard
CCB Group,Tier 1 Capital Ratio,,2022-Q1,rbnz-dashboard
CCB Group,Total Non-Performing Loans,,2022-Q1,rbnz-dashboard
CCB Group,NPL Ratio,,2022-Q1,rbnz-dashboard
CCB Group,Return on Assets,0.9,2022-Q1,rbnz-dashboard
CCB Group,Return on Equity,13.8,2022-Q1,rbnz-dashboard
CCB Group,NIM,1.6,2022-Q1,rbnz-dashboard
CCB Group,Net Interest Income,16.4,2022-Q1,rbnz-dashboard
CCB Group,Trading and Hedging Gains,-0.7,2022-Q1,rbnz-dashboard
CCB Group,Fees and Commission Income,1.8,2022-Q1,rbnz-dashboard
CCB Group,Other Income,0,2022-Q1,rbnz-dashboard
CCB Group,Operating Expenses,4.7,2022-Q1,rbnz-dashboard
CCB Group,Profit After Tax,9.9,2022-Q1,rbnz-dashboard
CCB Group,Total Assets,4159.9,2022-Q1,rbnz-dashboard
CCB Group,Cash Position,540.4,2022-Q1,rbnz-dashboard
CCB Group,Net Loans and Advances,3493.3,2022-Q1,rbnz-dashboard
CCB Group,Deposits,420.5,2022-Q1,rbnz-dashboard
CCB Group,Equity,292.5,2022-Q1,rbnz-dashboard
CCB Group,Core Funding Ratio (CFR),,2022-Q1,rbnz-dashboard
Co-op,Total Capital Ratio,16.9,2022-Q1,rbnz-dashboard
Co-op,CET1 Ratio,14.5,2022-Q1,rbnz-dashboard
Co-op,Tier 1 Capital Ratio,14.5,2022-Q1,rbnz-dashboard
Co-op,Total Non-Performing Loans,8,2022-Q1,rbnz-dashboard
Co-op,NPL Ratio,0.3,2022-Q1,rbnz-dashboard
Co-op,Return on Assets,-0.1,2022-Q1,rbnz-dashboard
Co-op,Return on Equity,-1.3,2022-Q1,rbnz-dashboard
Co-op,NIM,2.3,2022-Q1,rbnz-dashboard
Co-op,Net Interest Income,18,2022-Q1,rbnz-dashboard
Co-op,Trading and Hedging Gains,1.2,2022-Q1,rbnz-dashboard
Co-op,Fees and Commission Income,1.7,2022-Q1,rbnz-dashboard
Co-op,Other Income,1.9,2022-Q1,rbnz-dashboard
Co-op,Operating Expenses,24,2022-Q1,rbnz-dashboard
Co-op,Profit After Tax,-0.8,2022-Q1,rbnz-dashboard
Co-op,Total Assets,3197.5,2022-Q1,rbnz-dashboard
Co-op,Cash Position,31.5,2022-Q1,rbnz-dashboard
Co-op,Net Loans and Advances,2696,2022-Q1,rbnz-dashboard
Co-op,Deposits,2690.7,2022-Q1,rbnz-dashboard
Co-op,Equity,246.1,2022-Q1,rbnz-dashboard
Co-op,Core Funding Ratio (CFR),104.6,2022-Q1,rbnz-dashboard
Heartland,Total Capital Ratio,13.1,2022-Q1,rbnz-dashboard
Heartland,CET1 Ratio,13.1,2022-Q1,rbnz-dashboard
Heartland,Tier 1 Capital Ratio,13.1,2022-Q1,rbnz-dashboard
Heartland,Total Non-Performing Loans,90.4,2022-Q1,rbnz-dashboard
Heartland,NPL Ratio,2.1,2022-Q1,rbnz-dashboard
Heartland,Return on Assets,1.6,2022-Q1,rbnz-dashboard
Heartland,Return on Equity,11.6,2022-Q1,rbnz-dashboard
Heartland,NIM,4.3,2022-Q1,rbnz-dashboard
Heartland,Net Interest Income,49.5,2022-Q1,rbnz-dashboard
Heartland,Trading and Hedging Gains,0,2022-Q1,rbnz-dashboard
Heartland,Fees and Commission Income,1.8,2022-Q1,rbnz-dashboard
Heartland,Other Income,1.7,2022-Q1,rbnz-dashboard
Heartland,Operating Expenses,22.3,2022-Q1,rbnz-dashboard
Heartland,Profit After Tax,19.3,2022-Q1,rbnz-dashboard
Heartland,Total Assets,4857,2022-Q1,rbnz-dashboard
Heartland,Cash Position,168.8,2022-Q1,rbnz-dashboard
Heartland,Net Loans and Advances,4259.5,2022-Q1,rbnz-dashboard
Heartland,Deposits,3357.8,2022-Q1,rbnz-dashboard
Heartland,Equity,669.2,2022-Q1,rbnz-dashboard
Heartland,Core Funding Ratio (CFR),90.5,2022-Q1,rbnz-dashboard
ICBC,Total Capital Ratio,17.2,2022-Q1,rbnz-dashboard
ICBC,CET1 Ratio,16.4,2022-Q1,rbnz-dashboard
ICBC,Tier 1 Capital Ratio,16.4,2022-Q1,rbnz-dashboard
ICBC,Total Non-Performing Loans,6.8,2022-Q1,rbnz-dashboard
ICBC,NPL Ratio,0.4,2022-Q1,rbnz-dashboard
ICBC,Return on Assets,0.4,2022-Q1,rbnz-dashboard
ICBC,Return on Equity,3.3,2022-Q1,rbnz-dashboard
ICBC,NIM,1.4,2022-Q1,rbnz-dashboard
ICBC,Net Interest Income,7.5,2022-Q1,rbnz-dashboard
ICBC,Trading and Hedging Gains,-1.2,2022-Q1,rbnz-dashboard
ICBC,Fees and Commission Income,0.2,2022-Q1,rbnz-dashboard
ICBC,Other Income,1.5,2022-Q1,rbnz-dashboard
ICBC,Operating Expenses,5.2,2022-Q1,rbnz-dashboard
ICBC,Profit After Tax,2.3,2022-Q1,rbnz-dashboard
ICBC,Total Assets,2156.4,2022-Q1,rbnz-dashboard
ICBC,Cash Position,280.9,2022-Q1,rbnz-dashboard
ICBC,Net Loans and Advances,1655.9,2022-Q1,rbnz-dashboard
ICBC,Deposits,627.7,2022-Q1,rbnz-dashboard
ICBC,Equity,283.8,2022-Q1,rbnz-dashboard
ICBC,Core Funding Ratio (CFR),83.8,2022-Q1,rbnz-dashboard
ICBC Group,Total Capital Ratio,,2022-Q1,rbnz-dashboard
ICBC Group,CET1 Ratio,,2022-Q1,rbnz-dashboard
ICBC Group,Tier 1 Capital Ratio,,2022-Q1,rbnz-dashboard
ICBC Group,Total Non-Performing Loans,6.8,2022-Q1,rbnz-dashboard
ICBC Group,NPL Ratio,0.3,2022-Q1,rbnz-dashboard
ICBC Group,Return on Assets,0.5,2022-Q1,rbnz-dashboard
ICBC Group,Return on Equity,4.5,2022-Q1,rbnz-dashboard
ICBC Group,NIM,1.5,2022-Q1,rbnz-dashboard
ICBC Group,Net Interest Income,12.6,2022-Q1,rbnz-dashboard
ICBC Group,Trading and Hedging Gains,-1.3,2022-Q1,rbnz-dashboard
ICBC Group,Fees and Commission Income,0.2,2022-Q1,rbnz-dashboard
ICBC Group,Other Income,0,2022-Q1,rbnz-dashboard
ICBC Group,Operating Expenses,5.3,2022-Q1,rbnz-dashboard
ICBC Group,Profit After Tax,4.2,2022-Q1,rbnz-dashboard
ICBC Group,Total Assets,3339.4,2022-Q1,rbnz-dashboard
ICBC Group,Cash Position,524.8,2022-Q1,rbnz-dashboard
ICBC Group,Net Loans and Advances,2590.7,2022-Q1,rbnz-dashboard
ICBC Group,Deposits,547.1,2022-Q1,rbnz-dashboard
ICBC Group,Equity,374.1,2022-Q1,rbnz-dashboard
ICBC Group,Core Funding Ratio (CFR),,2022-Q1,rbnz-dashboard
Kiwibank,Total Capital Ratio,13.8,2022-Q1,rbnz-dashboard
Kiwibank,CET1 Ratio,10.6,2022-Q1,rbnz-dashboard
Kiwibank,Tier 1 Capital Ratio,12.1,2022-Q1,rbnz-dashboard
Kiwibank,Total Non-Performing Loans,16.3,2022-Q1,rbnz-dashboard
Kiwibank,NPL Ratio,0.1,2022-Q1,rbnz-dashboard
Kiwibank,Return on Assets,0.5,2022-Q1,rbnz-dashboard
Kiwibank,Return on Equity,6.8,2022-Q1,rbnz-dashboard
Kiwibank,NIM,2.1,2022-Q1,rbnz-dashboard
Kiwibank,Net Interest Income,158.2,2022-Q1,rbnz-dashboard
Kiwibank,Trading and Hedging Gains,-1.6,2022-Q1,rbnz-dashboard
Kiwibank,Fees and Commission Income,8,2022-Q1,rbnz-dashboard
Kiwibank,Other Income,0.6,2022-Q1,rbnz-dashboard
Kiwibank,Operating Expenses,113.7,2022-Q1,rbnz-dashboard
Kiwibank,Profit After Tax,35.5,2022-Q1,rbnz-dashboard
Kiwibank,Total Assets,30588.8,2022-Q1,rbnz-dashboard
Kiwibank,Cash Position,1205.2,2022-Q1,rbnz-dashboard
Kiwibank,Net Loans and Advances,27408.2,2022-Q1,rbnz-dashboard
Kiwibank,Deposits,23867.6,2022-Q1,rbnz-dashboard
Kiwibank,Equity,2158.1,2022-Q1,rbnz-dashboard
Kiwibank,Core Funding Ratio (CFR),88.9,2022-Q1,rbnz-dashboard
Rabo Group,Total Capital Ratio,,2022-Q1,rbnz-dashboard
Rabo Group,CET1 Ratio,,2022-Q1,rbnz-dashboard
Rabo Group,Tier 1 Capital Ratio,,2022-Q1,rbnz-dashboard
Rabo Group,Total Non-Performing Loans,239.5,2022-Q1,rbnz-dashboard
Rabo Group,NPL Ratio,1.6,2022-Q1,rbnz-dashboard
Rabo Group,Return on Assets,1.1,2022-Q1,rbnz-dashboard
Rabo Group,Return on Equity,8.2,2022-Q1,rbnz-dashboard
Rabo Group,NIM,2.5,2022-Q1,rbnz-dashboard
Rabo Group,Net Interest Income,108,2022-Q1,rbnz-dashboard
Rabo Group,Trading and Hedging Gains,0.1,2022-Q1,rbnz-dashboard
Rabo Group,Fees and Commission Income,0.6,2022-Q1,rbnz-dashboard
Rabo Group,Other Income,4.8,2022-Q1,rbnz-dashboard
Rabo Group,Operating Expenses,44.9,2022-Q1,rbnz-dashboard
Rabo Group,Profit After Tax,47.6,2022-Q1,rbnz-dashboard
Rabo Group,Total Assets,18772.1,2022-Q1,rbnz-dashboard
Rabo Group,Cash Position,2933.5,2022-Q1,rbnz-dashboard
Rabo Group,Net Loans and Advances,14905.7,2022-Q1,rbnz-dashboard
Rabo Group,Deposits,5799.4,2022-Q1,rbnz-dashboard
Rabo Group,Equity,2385,2022-Q1,rbnz-dashboard
Rabo Group,Core Funding Ratio (CFR),,2022-Q1,rbnz-dashboard
Rabobank,Total Capital Ratio,14.2,2022-Q1,rbnz-dashboard
Rabobank,CET1 Ratio,14.2,2022-Q1,rbnz-dashboard
Rabobank,Tier 1 Capital Ratio,14.2,2022-Q1,rbnz-dashboard
Rabobank,Total Non-Performing Loans,228.6,2022-Q1,rbnz-dashboard
Rabobank,NPL Ratio,1.9,2022-Q1,rbnz-dashboard
Rabobank,Return on Assets,0.9,2022-Q1,rbnz-dashboard
Rabobank,Return on Equity,6.4,2022-Q1,rbnz-dashboard
Rabobank,NIM,2.5,2022-Q1,rbnz-dashboard
Rabobank,Net Interest Income,81.2,2022-Q1,rbnz-dashboard
Rabobank,Trading and Hedging Gains,-2.4,2022-Q1,rbnz-dashboard
Rabobank,Fees and Commission Income,0.2,2022-Q1,rbnz-dashboard
Rabobank,Other Income,0,2022-Q1,rbnz-dashboard
Rabobank,Operating Expenses,35.2,2022-Q1,rbnz-dashboard
Rabobank,Profit After Tax,30.2,2022-Q1,rbnz-dashboard
Rabobank,Total Assets,13717.3,2022-Q1,rbnz-dashboard
Rabobank,Cash Position,1216.1,2022-Q1,rbnz-dashboard
Rabobank,Net Loans and Advances,11870.3,2022-Q1,rbnz-dashboard
Rabobank,Deposits,5338.6,2022-Q1,rbnz-dashboard
Rabobank,Equity,1932.8,2022-Q1,rbnz-dashboard
Rabobank,Core Funding Ratio (CFR),84.4,2022-Q1,rbnz-dashboard
SBS,Total Capital Ratio,15.4,2022-Q1,rbnz-dashboard
SBS,CET1 Ratio,13.1,2022-Q1,rbnz-dashboard
SBS,Tier 1 Capital Ratio,13.1,2022-Q1,rbnz-dashboard
SBS,Total Non-Performing Loans,6.2,2022-Q1,rbnz-dashboard
SBS,NPL Ratio,0.1,2022-Q1,rbnz-dashboard
SBS,Return on Assets,0.9,2022-Q1,rbnz-dashboard
SBS,Return on Equity,10.2,2022-Q1,rbnz-dashboard
SBS,NIM,2.6,2022-Q1,rbnz-dashboard
SBS,Net Interest Income,32.2,2022-Q1,rbnz-dashboard
SBS,Trading and Hedging Gains,-0.4,2022-Q1,rbnz-dashboard
SBS,Fees and Commission Income,5.4,2022-Q1,rbnz-dashboard
SBS,Other Income,1.3,2022-Q1,rbnz-dashboard
SBS,Operating Expenses,23,2022-Q1,rbnz-dashboard
SBS,Profit After Tax,11.2,2022-Q1,rbnz-dashboard
SBS,Total Assets,5219.8,2022-Q1,rbnz-dashboard
SBS,Cash Position,150.6,2022-Q1,rbnz-dashboard
SBS,Net Loans and Advances,4400.6,2022-Q1,rbnz-dashboard
SBS,Deposits,3469.5,2022-Q1,rbnz-dashboard
SBS,Equity,463,2022-Q1,rbnz-dashboard
SBS,Core Funding Ratio (CFR),93.2,2022-Q1,rbnz-dashboard
TSB,Total Capital Ratio,13.5,2022-Q1,rbnz-dashboard
TSB,CET1 Ratio,13.5,2022-Q1,rbnz-dashboard
TSB,Tier 1 Capital Ratio,13.5,2022-Q1,rbnz-dashboard
TSB,Total Non-Performing Loans,20.7,2022-Q1,rbnz-dashboard
TSB,NPL Ratio,0.3,2022-Q1,rbnz-dashboard
TSB,Return on Assets,0.2,2022-Q1,rbnz-dashboard
TSB,Return on Equity,2.5,2022-Q1,rbnz-dashboard
TSB,NIM,1.9,2022-Q1,rbnz-dashboard
TSB,Net Interest Income,40.8,2022-Q1,rbnz-dashboard
TSB,Trading and Hedging Gains,0,2022-Q1,rbnz-dashboard
TSB,Fees and Commission Income,3.6,2022-Q1,rbnz-dashboard
TSB,Other Income,1.1,2022-Q1,rbnz-dashboard
TSB,Operating Expenses,39,2022-Q1,rbnz-dashboard
TSB,Profit After Tax,4.5,2022-Q1,rbnz-dashboard
TSB,Total Assets,8960.5,2022-Q1,rbnz-dashboard
TSB,Cash Position,714.2,2022-Q1,rbnz-dashboard
TSB,Net Loans and Advances,6667.2,2022-Q1,rbnz-dashboard
TSB,Deposits,8135.3,2022-Q1,rbnz-dashboard
TSB,Equity,723.3,2022-Q1,rbnz-dashboard
TSB,Core Funding Ratio (CFR),116.8,2022-Q1,rbnz-dashboard
WBC Group,Total Capital Ratio,,2022-Q1,rbnz-dashboard
WBC Group,CET1 Ratio,,2022-Q1,rbnz-dashboard
WBC Group,Tier 1 Capital Ratio,,2022-Q1,rbnz-dashboard
WBC Group,Total Non-Performing Loans,331.3,2022-Q1,rbnz-dashboard
WBC Group,NPL Ratio,0.3,2022-Q1,rbnz-dashboard
WBC Group,Return on Assets,1.2,2022-Q1,rbnz-dashboard
WBC Group,Return on Equity,14.5,2022-Q1,rbnz-dashboard
WBC Group,NIM,2,2022-Q1,rbnz-dashboard
WBC Group,Net Interest Income,571.6,2022-Q1,rbnz-dashboard
WBC Group,Trading and Hedging Gains,15.8,2022-Q1,rbnz-dashboard
WBC Group,Fees and Commission Income,61,2022-Q1,rbnz-dashboard
WBC Group,Other Income,125.5,2022-Q1,rbnz-dashboard
WBC Group,Operating Expenses,297.2,2022-Q1,rbnz-dashboard
WBC Group,Profit After Tax,372.9,2022-Q1,rbnz-dashboard
WBC Group,Total Assets,125025.5,2022-Q1,rbnz-dashboard
WBC Group,Cash Position,13794.5,2022-Q1,rbnz-dashboard
WBC Group,Net Loans and Advances,94464,2022-Q1,rbnz-dashboard
WBC Group,Deposits,78511.1,2022-Q1,rbnz-dashboard
WBC Group,Equity,9987.2,2022-Q1,rbnz-dashboard
WBC Group,Core Funding Ratio (CFR),,2022-Q1,rbnz-dashboard
Westpac,Total Capital Ratio,14.5,2022-Q1,rbnz-dashboard
Westpac,CET1 Ratio,11.3,2022-Q1,rbnz-dashboard
Westpac,Tier 1 Capital Ratio,13.3,2022-Q1,rbnz-dashboard
Westpac,Total Non-Performing Loans,331.3,2022-Q1,rbnz-dashboard
Westpac,NPL Ratio,0.4,2022-Q1,rbnz-dashboard
Westpac,Return on Assets,0.8,2022-Q1,rbnz-dashboard
Westpac,Return on Equity,11.2,2022-Q1,rbnz-dashboard
Westpac,NIM,1.9,2022-Q1,rbnz-dashboard
Westpac,Net Interest Income,541.5,2022-Q1,rbnz-dashboard
Westpac,Trading and Hedging Gains,14.9,2022-Q1,rbnz-dashboard
Westpac,Fees and Commission Income,52.8,2022-Q1,rbnz-dashboard
Westpac,Other Income,0.2,2022-Q1,rbnz-dashboard
Westpac,Operating Expenses,275.5,2022-Q1,rbnz-dashboard
Westpac,Profit After Tax,237.8,2022-Q1,rbnz-dashboard
Westpac,Total Assets,117421.6,2022-Q1,rbnz-dashboard
Westpac,Cash Position,13512.4,2022-Q1,rbnz-dashboard
Westpac,Net Loans and Advances,94029.6,2022-Q1,rbnz-dashboard
Westpac,Deposits,78612.4,2022-Q1,rbnz-dashboard
Westpac,Equity,8497,2022-Q1,rbnz-dashboard
Westpac,Core Funding Ratio (CFR),84.2,2022-Q1,rbnz-dashboard
ANZ,Total Capital Ratio,15.6,2022-Q2,rbnz-dashboard
ANZ,CET1 Ratio,12.9,2022-Q2,rbnz-dashboard
ANZ,Tier 1 Capital Ratio,15,2022-Q2,rbnz-dashboard
ANZ,Total Non-Performing Loans,581.8,2022-Q2,rbnz-dashboard
ANZ,NPL Ratio,0.4,2022-Q2,rbnz-dashboard
ANZ,Return on Assets,1.3,2022-Q2,rbnz-dashboard
ANZ,Return on Equity,14.1,2022-Q2,rbnz-dashboard
ANZ,NIM,2.2,2022-Q2,rbnz-dashboard
ANZ,Net Interest Income,961.5,2022-Q2,rbnz-dashboard
ANZ,Trading and Hedging Gains,193.3,2022-Q2,rbnz-dashboard
ANZ,Fees and Commission Income,130.4,2022-Q2,rbnz-dashboard
ANZ,Other Income,-0.3,2022-Q2,rbnz-dashboard
ANZ,Operating Expenses,425.1,2022-Q2,rbnz-dashboard
ANZ,Profit After Tax,610.9,2022-Q2,rbnz-dashboard
ANZ,Total Assets,193018,2022-Q2,rbnz-dashboard
ANZ,Cash Position,10279.8,2022-Q2,rbnz-dashboard
ANZ,Net Loans and Advances,147149,2022-Q2,rbnz-dashboard
ANZ,Deposits,128688,2022-Q2,rbnz-dashboard
ANZ,Equity,17669.2,2022-Q2,rbnz-dashboard
ANZ,Core Funding Ratio (CFR),91.1,2022-Q2,rbnz-dashboard
ANZ Group,Total Capital Ratio,,2022-Q2,rbnz-dashboard
ANZ Group,CET1 Ratio,,2022-Q2,rbnz-dashboard
ANZ Group,Tier 1 Capital Ratio,,2022-Q2,rbnz-dashboard
ANZ Group,Total Non-Performing Loans,584.1,2022-Q2,rbnz-dashboard
ANZ Group,NPL Ratio,0.4,2022-Q2,rbnz-dashboard
ANZ Group,Return on Assets,1.3,2022-Q2,rbnz-dashboard
ANZ Group,Return on Equity,16,2022-Q2,rbnz-dashboard
ANZ Group,NIM,2.2,2022-Q2,rbnz-dashboard
ANZ Group,Net Interest Income,955.9,2022-Q2,rbnz-dashboard
ANZ Group,Trading and Hedging Gains,211.1,2022-Q2,rbnz-dashboard
ANZ Group,Fees and Commission Income,130.4,2022-Q2,rbnz-dashboard
ANZ Group,Other Income,1,2022-Q2,rbnz-dashboard
ANZ Group,Operating Expenses,425.4,2022-Q2,rbnz-dashboard
ANZ Group,Profit After Tax,620,2022-Q2,rbnz-dashboard
ANZ Group,Total Assets,193335.1,2022-Q2,rbnz-dashboard
ANZ Group,Cash Position,10279.8,2022-Q2,rbnz-dashboard
ANZ Group,Net Loans and Advances,147475.6,2022-Q2,rbnz-dashboard
ANZ Group,Deposits,128688,2022-Q2,rbnz-dashboard
ANZ Group,Equity,15881.2,2022-Q2,rbnz-dashboard
ANZ Group,Core Funding Ratio (CFR),,2022-Q2,rbnz-dashboard
ASB,Total Capital Ratio,15,2022-Q2,rbnz-dashboard
ASB,CET1 Ratio,12.3,2022-Q2,rbnz-dashboard
ASB,Tier 1 Capital Ratio,13.5,2022-Q2,rbnz-dashboard
ASB,Total Non-Performing Loans,382,2022-Q2,rbnz-dashboard
ASB,NPL Ratio,0.4,2022-Q2,rbnz-dashboard
ASB,Return on Assets,1.2,2022-Q2,rbnz-dashboard
ASB,Return on Equity,14.1,2022-Q2,rbnz-dashboard
ASB,NIM,2.3,2022-Q2,rbnz-dashboard
ASB,Net Interest Income,680.4,2022-Q2,rbnz-dashboard
ASB,Trading and Hedging Gains,52.7,2022-Q2,rbnz-dashboard
ASB,Fees and Commission Income,117.9,2022-Q2,rbnz-dashboard
ASB,Other Income,-3.5,2022-Q2,rbnz-dashboard
ASB,Operating Expenses,323.3,2022-Q2,rbnz-dashboard
ASB,Profit After Tax,350.3,2022-Q2,rbnz-dashboard
ASB,Total Assets,121522.1,2022-Q2,rbnz-dashboard
ASB,Cash Position,7080.9,2022-Q2,rbnz-dashboard
ASB,Net Loans and Advances,104751.2,2022-Q2,rbnz-dashboard
ASB,Deposits,77571.7,2022-Q2,rbnz-dashboard
ASB,Equity,9930.8,2022-Q2,rbnz-dashboard
ASB,Core Funding Ratio (CFR),88.3,2022-Q2,rbnz-dashboard
BNZ,Total Capital Ratio,15.1,2022-Q2,rbnz-dashboard
BNZ,CET1 Ratio,12.6,2022-Q2,rbnz-dashboard
BNZ,Tier 1 Capital Ratio,13.6,2022-Q2,rbnz-dashboard
BNZ,Total Non-Performing Loans,337,2022-Q2,rbnz-dashboard
BNZ,NPL Ratio,0.3,2022-Q2,rbnz-dashboard
BNZ,Return on Assets,1.2,2022-Q2,rbnz-dashboard
BNZ,Return on Equity,14.2,2022-Q2,rbnz-dashboard
BNZ,NIM,2.2,2022-Q2,rbnz-dashboard
BNZ,Net Interest Income,640.2,2022-Q2,rbnz-dashboard
BNZ,Trading and Hedging Gains,68.4,2022-Q2,rbnz-dashboard
BNZ,Fees and Commission Income,98,2022-Q2,rbnz-dashboard
BNZ,Other Income,0.1,2022-Q2,rbnz-dashboard
BNZ,Operating Expenses,279.7,2022-Q2,rbnz-dashboard
BNZ,Profit After Tax,376.9,2022-Q2,rbnz-dashboard
BNZ,Total Assets,126851.9,2022-Q2,rbnz-dashboard
BNZ,Cash Position,12413.3,2022-Q2,rbnz-dashboard
BNZ,Net Loans and Advances,99070.1,2022-Q2,rbnz-dashboard
BNZ,Deposits,75360.5,2022-Q2,rbnz-dashboard
BNZ,Equity,10701.2,2022-Q2,rbnz-dashboard
BNZ,Core Funding Ratio (CFR),88.8,2022-Q2,rbnz-dashboard
BOB,Total Capital Ratio,63.6,2022-Q2,rbnz-dashboard
BOB,CET1 Ratio,63.6,2022-Q2,rbnz-dashboard
BOB,Tier 1 Capital Ratio,63.6,2022-Q2,rbnz-dashboard
BOB,Total Non-Performing Loans,0,2022-Q2,rbnz-dashboard
BOB,NPL Ratio,0,2022-Q2,rbnz-dashboard
BOB,Return on Assets,1.2,2022-Q2,rbnz-dashboard
BOB,Return on Equity,3.4,2022-Q2,rbnz-dashboard
BOB,NIM,3,2022-Q2,rbnz-dashboard
BOB,Net Interest Income,1,2022-Q2,rbnz-dashboard
BOB,Trading and Hedging Gains,0.3,2022-Q2,rbnz-dashboard
BOB,Fees and Commission Income,0,2022-Q2,rbnz-dashboard
BOB,Other Income,0,2022-Q2,rbnz-dashboard
BOB,Operating Expenses,0.7,2022-Q2,rbnz-dashboard
BOB,Profit After Tax,0.4,2022-Q2,rbnz-dashboard
BOB,Total Assets,147.5,2022-Q2,rbnz-dashboard
BOB,Cash Position,31.1,2022-Q2,rbnz-dashboard
BOB,Net Loans and Advances,114.6,2022-Q2,rbnz-dashboard
BOB,Deposits,93.8,2022-Q2,rbnz-dashboard
BOB,Equity,51.4,2022-Q2,rbnz-dashboard
BOB,Core Funding Ratio (CFR),110.6,2022-Q2,rbnz-dashboard
BOC,Total Capital Ratio,16.7,2022-Q2,rbnz-dashboard
BOC,CET1 Ratio,16.7,2022-Q2,rbnz-dashboard
BOC,Tier 1 Capital Ratio,16.7,2022-Q2,rbnz-dashboard
BOC,Total Non-Performing Loans,7.6,2022-Q2,rbnz-dashboard
BOC,NPL Ratio,0.3,2022-Q2,rbnz-dashboard
BOC,Return on Assets,0.2,2022-Q2,rbnz-dashboard
BOC,Return on Equity,2.4,2022-Q2,rbnz-dashboard
BOC,NIM,0.6,2022-Q2,rbnz-dashboard
BOC,Net Interest Income,5.4,2022-Q2,rbnz-dashboard
BOC,Trading and Hedging Gains,0.7,2022-Q2,rbnz-dashboard
BOC,Fees and Commission Income,3.9,2022-Q2,rbnz-dashboard
BOC,Other Income,0.1,2022-Q2,rbnz-dashboard
BOC,Operating Expenses,5.5,2022-Q2,rbnz-dashboard
BOC,Profit After Tax,1.8,2022-Q2,rbnz-dashboard
BOC,Total Assets,3496.8,2022-Q2,rbnz-dashboard
BOC,Cash Position,647.3,2022-Q2,rbnz-dashboard
BOC,Net Loans and Advances,2500.6,2022-Q2,rbnz-dashboard
BOC,Deposits,1554,2022-Q2,rbnz-dashboard
BOC,Equity,290.5,2022-Q2,rbnz-dashboard
BOC,Core Funding Ratio (CFR),80.7,2022-Q2,rbnz-dashboard
BOC Group,Total Capital Ratio,,2022-Q2,rbnz-dashboard
BOC Group,CET1 Ratio,,2022-Q2,rbnz-dashboard
BOC Group,Tier 1 Capital Ratio,,2022-Q2,rbnz-dashboard
BOC Group,Total Non-Performing Loans,7.6,2022-Q2,rbnz-dashboard
BOC Group,NPL Ratio,0.2,2022-Q2,rbnz-dashboard
BOC Group,Return on Assets,0.4,2022-Q2,rbnz-dashboard
BOC Group,Return on Equity,7.6,2022-Q2,rbnz-dashboard
BOC Group,NIM,1.1,2022-Q2,rbnz-dashboard
BOC Group,Net Interest Income,15.4,2022-Q2,rbnz-dashboard
BOC Group,Trading and Hedging Gains,0,2022-Q2,rbnz-dashboard
BOC Group,Fees and Commission Income,1,2022-Q2,rbnz-dashboard
BOC Group,Other Income,0,2022-Q2,rbnz-dashboard
BOC Group,Operating Expenses,5.7,2022-Q2,rbnz-dashboard
BOC Group,Profit After Tax,5.9,2022-Q2,rbnz-dashboard
BOC Group,Total Assets,5797.5,2022-Q2,rbnz-dashboard
BOC Group,Cash Position,811.3,2022-Q2,rbnz-dashboard
BOC Group,Net Loans and Advances,4619.3,2022-Q2,rbnz-dashboard
BOC Group,Deposits,1738.9,2022-Q2,rbnz-dashboard
BOC Group,Equity,316.9,2022-Q2,rbnz-dashboard
BOC Group,Core Funding Ratio (CFR),,2022-Q2,rbnz-dashboard
BOI,Total Capital Ratio,56,2022-Q2,rbnz-dashboard
BOI,CET1 Ratio,56,2022-Q2,rbnz-dashboard
BOI,Tier 1 Capital Ratio,56,2022-Q2,rbnz-dashboard
BOI,Total Non-Performing Loans,,2022-Q2,rbnz-dashboard
BOI,NPL Ratio,,2022-Q2,rbnz-dashboard
BOI,Return on Assets,1.4,2022-Q2,rbnz-dashboard
BOI,Return on Equity,3.4,2022-Q2,rbnz-dashboard
BOI,NIM,3.1,2022-Q2,rbnz-dashboard
BOI,Net Interest Income,1.1,2022-Q2,rbnz-dashboard
BOI,Trading and Hedging Gains,0.1,2022-Q2,rbnz-dashboard
BOI,Fees and Commission Income,0.1,2022-Q2,rbnz-dashboard
BOI,Other Income,0,2022-Q2,rbnz-dashboard
BOI,Operating Expenses,0.6,2022-Q2,rbnz-dashboard
BOI,Profit After Tax,0.5,2022-Q2,rbnz-dashboard
BOI,Total Assets,148.9,2022-Q2,rbnz-dashboard
BOI,Cash Position,46,2022-Q2,rbnz-dashboard
BOI,Net Loans and Advances,101.1,2022-Q2,rbnz-dashboard
BOI,Deposits,79.6,2022-Q2,rbnz-dashboard
BOI,Equity,59,2022-Q2,rbnz-dashboard
BOI,Core Funding Ratio (CFR),111.7,2022-Q2,rbnz-dashboard
CBA Group,Total Capital Ratio,,2022-Q2,rbnz-dashboard
CBA Group,CET1 Ratio,,2022-Q2,rbnz-dashboard
CBA Group,Tier 1 Capital Ratio,,2022-Q2,rbnz-dashboard
CBA Group,Total Non-Performing Loans,382,2022-Q2,rbnz-dashboard
CBA Group,NPL Ratio,0.4,2022-Q2,rbnz-dashboard
CBA Group,Return on Assets,1.1,2022-Q2,rbnz-dashboard
CBA Group,Return on Equity,14.3,2022-Q2,rbnz-dashboard
CBA Group,NIM,2.2,2022-Q2,rbnz-dashboard
CBA Group,Net Interest Income,686.5,2022-Q2,rbnz-dashboard
CBA Group,Trading and Hedging Gains,55.5,2022-Q2,rbnz-dashboard
CBA Group,Fees and Commission Income,117.9,2022-Q2,rbnz-dashboard
CBA Group,Other Income,-2.5,2022-Q2,rbnz-dashboard
CBA Group,Operating Expenses,326.1,2022-Q2,rbnz-dashboard
CBA Group,Profit After Tax,356.1,2022-Q2,rbnz-dashboard
CBA Group,Total Assets,125838.3,2022-Q2,rbnz-dashboard
CBA Group,Cash Position,7084.2,2022-Q2,rbnz-dashboard
CBA Group,Net Loans and Advances,108276.5,2022-Q2,rbnz-dashboard
CBA Group,Deposits,77558.8,2022-Q2,rbnz-dashboard
CBA Group,Equity,9930.4,2022-Q2,rbnz-dashboard
CBA Group,Core Funding Ratio (CFR),,2022-Q2,rbnz-dashboard
CCB,Total Capital Ratio,15.9,2022-Q2,rbnz-dashboard
CCB,CET1 Ratio,15.7,2022-Q2,rbnz-dashboard
CCB,Tier 1 Capital Ratio,15.7,2022-Q2,rbnz-dashboard
CCB,Total Non-Performing Loans,,2022-Q2,rbnz-dashboard
CCB,NPL Ratio,,2022-Q2,rbnz-dashboard
CCB,Return on Assets,1.1,2022-Q2,rbnz-dashboard
CCB,Return on Equity,9.4,2022-Q2,rbnz-dashboard
CCB,NIM,1.8,2022-Q2,rbnz-dashboard
CCB,Net Interest Income,10,2022-Q2,rbnz-dashboard
CCB,Trading and Hedging Gains,1.9,2022-Q2,rbnz-dashboard
CCB,Fees and Commission Income,-0.3,2022-Q2,rbnz-dashboard
CCB,Other Income,0.1,2022-Q2,rbnz-dashboard
CCB,Operating Expenses,2.6,2022-Q2,rbnz-dashboard
CCB,Profit After Tax,6.3,2022-Q2,rbnz-dashboard
CCB,Total Assets,2292.7,2022-Q2,rbnz-dashboard
CCB,Cash Position,297,2022-Q2,rbnz-dashboard
CCB,Net Loans and Advances,1801.2,2022-Q2,rbnz-dashboard
CCB,Deposits,324.9,2022-Q2,rbnz-dashboard
CCB,Equity,274.4,2022-Q2,rbnz-dashboard
CCB,Core Funding Ratio (CFR),89.4,2022-Q2,rbnz-dashboard
CCB Group,Total Capital Ratio,,2022-Q2,rbnz-dashboard
CCB Group,CET1 Ratio,,2022-Q2,rbnz-dashboard
CCB Group,Tier 1 Capital Ratio,,2022-Q2,rbnz-dashboard
CCB Group,Total Non-Performing Loans,,2022-Q2,rbnz-dashboard
CCB Group,NPL Ratio,,2022-Q2,rbnz-dashboard
CCB Group,Return on Assets,1.1,2022-Q2,rbnz-dashboard
CCB Group,Return on Equity,16.3,2022-Q2,rbnz-dashboard
CCB Group,NIM,1.7,2022-Q2,rbnz-dashboard
CCB Group,Net Interest Income,17.9,2022-Q2,rbnz-dashboard
CCB Group,Trading and Hedging Gains,4.9,2022-Q2,rbnz-dashboard
CCB Group,Fees and Commission Income,0.3,2022-Q2,rbnz-dashboard
CCB Group,Other Income,0,2022-Q2,rbnz-dashboard
CCB Group,Operating Expenses,4.5,2022-Q2,rbnz-dashboard
CCB Group,Profit After Tax,12.1,2022-Q2,rbnz-dashboard
CCB Group,Total Assets,4278.6,2022-Q2,rbnz-dashboard
CCB Group,Cash Position,367.9,2022-Q2,rbnz-dashboard
CCB Group,Net Loans and Advances,3630.5,2022-Q2,rbnz-dashboard
CCB Group,Deposits,324.5,2022-Q2,rbnz-dashboard
CCB Group,Equity,304.1,2022-Q2,rbnz-dashboard
CCB Group,Core Funding Ratio (CFR),,2022-Q2,rbnz-dashboard
Co-op,Total Capital Ratio,16.6,2022-Q2,rbnz-dashboard
Co-op,CET1 Ratio,14.2,2022-Q2,rbnz-dashboard
Co-op,Tier 1 Capital Ratio,14.2,2022-Q2,rbnz-dashboard
Co-op,Total Non-Performing Loans,8.2,2022-Q2,rbnz-dashboard
Co-op,NPL Ratio,0.3,2022-Q2,rbnz-dashboard
Co-op,Return on Assets,0.4,2022-Q2,rbnz-dashboard
Co-op,Return on Equity,4.8,2022-Q2,rbnz-dashboard
Co-op,NIM,2.5,2022-Q2,rbnz-dashboard
Co-op,Net Interest Income,19,2022-Q2,rbnz-dashboard
Co-op,Trading and Hedging Gains,-0.2,2022-Q2,rbnz-dashboard
Co-op,Fees and Commission Income,1.5,2022-Q2,rbnz-dashboard
Co-op,Other Income,2.1,2022-Q2,rbnz-dashboard
Co-op,Operating Expenses,17.9,2022-Q2,rbnz-dashboard
Co-op,Profit After Tax,3,2022-Q2,rbnz-dashboard
Co-op,Total Assets,3188.7,2022-Q2,rbnz-dashboard
Co-op,Cash Position,16.9,2022-Q2,rbnz-dashboard
Co-op,Net Loans and Advances,2750.9,2022-Q2,rbnz-dashboard
Co-op,Deposits,2696.4,2022-Q2,rbnz-dashboard
Co-op,Equity,253.5,2022-Q2,rbnz-dashboard
Co-op,Core Funding Ratio (CFR),105,2022-Q2,rbnz-dashboard
Heartland,Total Capital Ratio,13.5,2022-Q2,rbnz-dashboard
Heartland,CET1 Ratio,13.5,2022-Q2,rbnz-dashboard
Heartland,Tier 1 Capital Ratio,13.5,2022-Q2,rbnz-dashboard
Heartland,Total Non-Performing Loans,107.5,2022-Q2,rbnz-dashboard
Heartland,NPL Ratio,2.4,2022-Q2,rbnz-dashboard
Heartland,Return on Assets,2.9,2022-Q2,rbnz-dashboard
Heartland,Return on Equity,20.8,2022-Q2,rbnz-dashboard
Heartland,NIM,4.6,2022-Q2,rbnz-dashboard
Heartland,Net Interest Income,56,2022-Q2,rbnz-dashboard
Heartland,Trading and Hedging Gains,16.7,2022-Q2,rbnz-dashboard
Heartland,Fees and Commission Income,2.5,2022-Q2,rbnz-dashboard
Heartland,Other Income,2.7,2022-Q2,rbnz-dashboard
Heartland,Operating Expenses,25.7,2022-Q2,rbnz-dashboard
Heartland,Profit After Tax,35.7,2022-Q2,rbnz-dashboard
Heartland,Total Assets,5154.7,2022-Q2,rbnz-dashboard
Heartland,Cash Position,223.9,2022-Q2,rbnz-dashboard
Heartland,Net Loans and Advances,4483.5,2022-Q2,rbnz-dashboard
Heartland,Deposits,3597.1,2022-Q2,rbnz-dashboard
Heartland,Equity,707.5,2022-Q2,rbnz-dashboard
Heartland,Core Funding Ratio (CFR),89.1,2022-Q2,rbnz-dashboard
ICBC,Total Capital Ratio,17.8,2022-Q2,rbnz-dashboard
ICBC,CET1 Ratio,17,2022-Q2,rbnz-dashboard
ICBC,Tier 1 Capital Ratio,17,2022-Q2,rbnz-dashboard
ICBC,Total Non-Performing Loans,6.6,2022-Q2,rbnz-dashboard
ICBC,NPL Ratio,0.4,2022-Q2,rbnz-dashboard
ICBC,Return on Assets,0.8,2022-Q2,rbnz-dashboard
ICBC,Return on Equity,6.4,2022-Q2,rbnz-dashboard
ICBC,NIM,1.7,2022-Q2,rbnz-dashboard
ICBC,Net Interest Income,9.2,2022-Q2,rbnz-dashboard
ICBC,Trading and Hedging Gains,-0.6,2022-Q2,rbnz-dashboard
ICBC,Fees and Commission Income,0.1,2022-Q2,rbnz-dashboard
ICBC,Other Income,2,2022-Q2,rbnz-dashboard
ICBC,Operating Expenses,5,2022-Q2,rbnz-dashboard
ICBC,Profit After Tax,4.6,2022-Q2,rbnz-dashboard
ICBC,Total Assets,2079.4,2022-Q2,rbnz-dashboard
ICBC,Cash Position,201.9,2022-Q2,rbnz-dashboard
ICBC,Net Loans and Advances,1648.6,2022-Q2,rbnz-dashboard
ICBC,Deposits,676.6,2022-Q2,rbnz-dashboard
ICBC,Equity,288.3,2022-Q2,rbnz-dashboard
ICBC,Core Funding Ratio (CFR),85.6,2022-Q2,rbnz-dashboard
ICBC Group,Total Capital Ratio,,2022-Q2,rbnz-dashboard
ICBC Group,CET1 Ratio,,2022-Q2,rbnz-dashboard
ICBC Group,Tier 1 Capital Ratio,,2022-Q2,rbnz-dashboard
ICBC Group,Total Non-Performing Loans,6.6,2022-Q2,rbnz-dashboard
ICBC Group,NPL Ratio,0.2,2022-Q2,rbnz-dashboard
ICBC Group,Return on Assets,0.8,2022-Q2,rbnz-dashboard
ICBC Group,Return on Equity,7.2,2022-Q2,rbnz-dashboard
ICBC Group,NIM,1.8,2022-Q2,rbnz-dashboard
ICBC Group,Net Interest Income,15.2,2022-Q2,rbnz-dashboard
ICBC Group,Trading and Hedging Gains,-0.3,2022-Q2,rbnz-dashboard
ICBC Group,Fees and Commission Income,0.1,2022-Q2,rbnz-dashboard
ICBC Group,Other Income,0,2022-Q2,rbnz-dashboard
ICBC Group,Operating Expenses,5.1,2022-Q2,rbnz-dashboard
ICBC Group,Profit After Tax,6.7,2022-Q2,rbnz-dashboard
ICBC Group,Total Assets,3272.1,2022-Q2,rbnz-dashboard
ICBC Group,Cash Position,298.7,2022-Q2,rbnz-dashboard
ICBC Group,Net Loans and Advances,2740.3,2022-Q2,rbnz-dashboard
ICBC Group,Deposits,642.7,2022-Q2,rbnz-dashboard
ICBC Group,Equity,380.8,2022-Q2,rbnz-dashboard
ICBC Group,Core Funding Ratio (CFR),,2022-Q2,rbnz-dashboard
Kiwibank,Total Capital Ratio,13.6,2022-Q2,rbnz-dashboard
Kiwibank,CET1 Ratio,10.5,2022-Q2,rbnz-dashboard
Kiwibank,Tier 1 Capital Ratio,12,2022-Q2,rbnz-dashboard
Kiwibank,Total Non-Performing Loans,19.4,2022-Q2,rbnz-dashboard
Kiwibank,NPL Ratio,0.1,2022-Q2,rbnz-dashboard
Kiwibank,Return on Assets,0.4,2022-Q2,rbnz-dashboard
Kiwibank,Return on Equity,5.9,2022-Q2,rbnz-dashboard
Kiwibank,NIM,2.3,2022-Q2,rbnz-dashboard
Kiwibank,Net Interest Income,173.8,2022-Q2,rbnz-dashboard
Kiwibank,Trading and Hedging Gains,-0.2,2022-Q2,rbnz-dashboard
Kiwibank,Fees and Commission Income,12.5,2022-Q2,rbnz-dashboard
Kiwibank,Other Income,0.6,2022-Q2,rbnz-dashboard
Kiwibank,Operating Expenses,134,2022-Q2,rbnz-dashboard
Kiwibank,Profit After Tax,32.2,2022-Q2,rbnz-dashboard
Kiwibank,Total Assets,31547.6,2022-Q2,rbnz-dashboard
Kiwibank,Cash Position,1659.7,2022-Q2,rbnz-dashboard
Kiwibank,Net Loans and Advances,27750.6,2022-Q2,rbnz-dashboard
Kiwibank,Deposits,24216.2,2022-Q2,rbnz-dashboard
Kiwibank,Equity,2203.5,2022-Q2,rbnz-dashboard
Kiwibank,Core Funding Ratio (CFR),88.7,2022-Q2,rbnz-dashboard
Rabo Group,Total Capital Ratio,,2022-Q2,rbnz-dashboard
Rabo Group,CET1 Ratio,,2022-Q2,rbnz-dashboard
Rabo Group,Tier 1 Capital Ratio,,2022-Q2,rbnz-dashboard
Rabo Group,Total Non-Performing Loans,179,2022-Q2,rbnz-dashboard
Rabo Group,NPL Ratio,1.1,2022-Q2,rbnz-dashboard
Rabo Group,Return on Assets,1,2022-Q2,rbnz-dashboard
Rabo Group,Return on Equity,8.1,2022-Q2,rbnz-dashboard
Rabo Group,NIM,2.6,2022-Q2,rbnz-dashboard
Rabo Group,Net Interest Income,118.9,2022-Q2,rbnz-dashboard
Rabo Group,Trading and Hedging Gains,-11.2,2022-Q2,rbnz-dashboard
Rabo Group,Fees and Commission Income,0.6,2022-Q2,rbnz-dashboard
Rabo Group,Other Income,4.5,2022-Q2,rbnz-dashboard
Rabo Group,Operating Expenses,48.3,2022-Q2,rbnz-dashboard
Rabo Group,Profit After Tax,48.6,2022-Q2,rbnz-dashboard
Rabo Group,Total Assets,19600.1,2022-Q2,rbnz-dashboard
Rabo Group,Cash Position,2900.9,2022-Q2,rbnz-dashboard
Rabo Group,Net Loans and Advances,15587.6,2022-Q2,rbnz-dashboard
Rabo Group,Deposits,5765.1,2022-Q2,rbnz-dashboard
Rabo Group,Equity,2430.2,2022-Q2,rbnz-dashboard
Rabo Group,Core Funding Ratio (CFR),,2022-Q2,rbnz-dashboard
Rabobank,Total Capital Ratio,13.9,2022-Q2,rbnz-dashboard
Rabobank,CET1 Ratio,13.9,2022-Q2,rbnz-dashboard
Rabobank,Tier 1 Capital Ratio,13.9,2022-Q2,rbnz-dashboard
Rabobank,Total Non-Performing Loans,166.9,2022-Q2,rbnz-dashboard
Rabobank,NPL Ratio,1.3,2022-Q2,rbnz-dashboard
Rabobank,Return on Assets,1.1,2022-Q2,rbnz-dashboard
Rabobank,Return on Equity,7.6,2022-Q2,rbnz-dashboard
Rabobank,NIM,2.5,2022-Q2,rbnz-dashboard
Rabobank,Net Interest Income,86.3,2022-Q2,rbnz-dashboard
Rabobank,Trading and Hedging Gains,-1,2022-Q2,rbnz-dashboard
Rabobank,Fees and Commission Income,0.3,2022-Q2,rbnz-dashboard
Rabobank,Other Income,0.2,2022-Q2,rbnz-dashboard
Rabobank,Operating Expenses,38,2022-Q2,rbnz-dashboard
Rabobank,Profit After Tax,37.1,2022-Q2,rbnz-dashboard
Rabobank,Total Assets,14709.1,2022-Q2,rbnz-dashboard
Rabobank,Cash Position,1589.5,2022-Q2,rbnz-dashboard
Rabobank,Net Loans and Advances,12429.8,2022-Q2,rbnz-dashboard
Rabobank,Deposits,5523.7,2022-Q2,rbnz-dashboard
Rabobank,Equity,1966.4,2022-Q2,rbnz-dashboard
Rabobank,Core Funding Ratio (CFR),85.7,2022-Q2,rbnz-dashboard
SBS,Total Capital Ratio,15,2022-Q2,rbnz-dashboard
SBS,CET1 Ratio,12.8,2022-Q2,rbnz-dashboard
SBS,Tier 1 Capital Ratio,12.8,2022-Q2,rbnz-dashboard
SBS,Total Non-Performing Loans,8,2022-Q2,rbnz-dashboard
SBS,NPL Ratio,0.2,2022-Q2,rbnz-dashboard
SBS,Return on Assets,0.6,2022-Q2,rbnz-dashboard
SBS,Return on Equity,6.6,2022-Q2,rbnz-dashboard
SBS,NIM,2.6,2022-Q2,rbnz-dashboard
SBS,Net Interest Income,33.2,2022-Q2,rbnz-dashboard
SBS,Trading and Hedging Gains,-0.1,2022-Q2,rbnz-dashboard
SBS,Fees and Commission Income,6.3,2022-Q2,rbnz-dashboard
SBS,Other Income,1.4,2022-Q2,rbnz-dashboard
SBS,Operating Expenses,26.3,2022-Q2,rbnz-dashboard
SBS,Profit After Tax,7.8,2022-Q2,rbnz-dashboard
SBS,Total Assets,5420.7,2022-Q2,rbnz-dashboard
SBS,Cash Position,165.5,2022-Q2,rbnz-dashboard
SBS,Net Loans and Advances,4524.6,2022-Q2,rbnz-dashboard
SBS,Deposits,3679.1,2022-Q2,rbnz-dashboard
SBS,Equity,477.9,2022-Q2,rbnz-dashboard
SBS,Core Funding Ratio (CFR),94,2022-Q2,rbnz-dashboard
TSB,Total Capital Ratio,13.6,2022-Q2,rbnz-dashboard
TSB,CET1 Ratio,13.6,2022-Q2,rbnz-dashboard
TSB,Tier 1 Capital Ratio,13.6,2022-Q2,rbnz-dashboard
TSB,Total Non-Performing Loans,19.6,2022-Q2,rbnz-dashboard
TSB,NPL Ratio,0.3,2022-Q2,rbnz-dashboard
TSB,Return on Assets,0.6,2022-Q2,rbnz-dashboard
TSB,Return on Equity,7.1,2022-Q2,rbnz-dashboard
TSB,NIM,2.1,2022-Q2,rbnz-dashboard
TSB,Net Interest Income,45,2022-Q2,rbnz-dashboard
TSB,Trading and Hedging Gains,0,2022-Q2,rbnz-dashboard
TSB,Fees and Commission Income,3.3,2022-Q2,rbnz-dashboard
TSB,Other Income,5.9,2022-Q2,rbnz-dashboard
TSB,Operating Expenses,37.2,2022-Q2,rbnz-dashboard
TSB,Profit After Tax,12.8,2022-Q2,rbnz-dashboard
TSB,Total Assets,8925.2,2022-Q2,rbnz-dashboard
TSB,Cash Position,684.7,2022-Q2,rbnz-dashboard
TSB,Net Loans and Advances,6652.6,2022-Q2,rbnz-dashboard
TSB,Deposits,8091.8,2022-Q2,rbnz-dashboard
TSB,Equity,733.4,2022-Q2,rbnz-dashboard
TSB,Core Funding Ratio (CFR),117.3,2022-Q2,rbnz-dashboard
WBC Group,Total Capital Ratio,,2022-Q2,rbnz-dashboard
WBC Group,CET1 Ratio,,2022-Q2,rbnz-dashboard
WBC Group,Tier 1 Capital Ratio,,2022-Q2,rbnz-dashboard
WBC Group,Total Non-Performing Loans,305.1,2022-Q2,rbnz-dashboard
WBC Group,NPL Ratio,0.3,2022-Q2,rbnz-dashboard
WBC Group,Return on Assets,0.9,2022-Q2,rbnz-dashboard
WBC Group,Return on Equity,11.5,2022-Q2,rbnz-dashboard
WBC Group,NIM,2.1,2022-Q2,rbnz-dashboard
WBC Group,Net Interest Income,611.5,2022-Q2,rbnz-dashboard
WBC Group,Trading and Hedging Gains,43.4,2022-Q2,rbnz-dashboard
WBC Group,Fees and Commission Income,57,2022-Q2,rbnz-dashboard
WBC Group,Other Income,0.7,2022-Q2,rbnz-dashboard
WBC Group,Operating Expenses,306.4,2022-Q2,rbnz-dashboard
WBC Group,Profit After Tax,289.5,2022-Q2,rbnz-dashboard
WBC Group,Total Assets,129385,2022-Q2,rbnz-dashboard
WBC Group,Cash Position,14080.9,2022-Q2,rbnz-dashboard
WBC Group,Net Loans and Advances,95799.5,2022-Q2,rbnz-dashboard
WBC Group,Deposits,77894,2022-Q2,rbnz-dashboard
WBC Group,Equity,10253.5,2022-Q2,rbnz-dashboard
WBC Group,Core Funding Ratio (CFR),,2022-Q2,rbnz-dashboard
Westpac,Total Capital Ratio,14.8,2022-Q2,rbnz-dashboard
Westpac,CET1 Ratio,11.5,2022-Q2,rbnz-dashboard
Westpac,Tier 1 Capital Ratio,13.5,2022-Q2,rbnz-dashboard
Westpac,Total Non-Performing Loans,305.1,2022-Q2,rbnz-dashboard
Westpac,NPL Ratio,0.3,2022-Q2,rbnz-dashboard
Westpac,Return on Assets,0.9,2022-Q2,rbnz-dashboard
Westpac,Return on Equity,12.1,2022-Q2,rbnz-dashboard
Westpac,NIM,2,2022-Q2,rbnz-dashboard
Westpac,Net Interest Income,569.9,2022-Q2,rbnz-dashboard
Westpac,Trading and Hedging Gains,28,2022-Q2,rbnz-dashboard
Westpac,Fees and Commission Income,58,2022-Q2,rbnz-dashboard
Westpac,Other Income,1.2,2022-Q2,rbnz-dashboard
Westpac,Operating Expenses,292.7,2022-Q2,rbnz-dashboard
Westpac,Profit After Tax,260.9,2022-Q2,rbnz-dashboard
Westpac,Total Assets,118409.2,2022-Q2,rbnz-dashboard
Westpac,Cash Position,12995,2022-Q2,rbnz-dashboard
Westpac,Net Loans and Advances,95250.4,2022-Q2,rbnz-dashboard
Westpac,Deposits,78020.4,2022-Q2,rbnz-dashboard
Westpac,Equity,8786.8,2022-Q2,rbnz-dashboard
Westpac,Core Funding Ratio (CFR),86.2,2022-Q2,rbnz-dashboard
ANZ,Total Capital Ratio,16.4,2022-Q3,rbnz-dashboard
ANZ,CET1 Ratio,12.4,2022-Q3,rbnz-dashboard
ANZ,Tier 1 Capital Ratio,15,2022-Q3,rbnz-dashboard
ANZ,Total Non-Performing Loans,597,2022-Q3,rbnz-dashboard
ANZ,NPL Ratio,0.4,2022-Q3,rbnz-dashboard
ANZ,Return on Assets,1.2,2022-Q3,rbnz-dashboard
ANZ,Return on Equity,12.7,2022-Q3,rbnz-dashboard
ANZ,NIM,2.3,2022-Q3,rbnz-dashboard
ANZ,Net Interest Income,1046.1,2022-Q3,rbnz-dashboard
ANZ,Trading and Hedging Gains,46.4,2022-Q3,rbnz-dashboard
ANZ,Fees and Commission Income,150,2022-Q3,rbnz-dashboard
ANZ,Other Income,5.9,2022-Q3,rbnz-dashboard
ANZ,Operating Expenses,403,2022-Q3,rbnz-dashboard
ANZ,Profit After Tax,577.1,2022-Q3,rbnz-dashboard
ANZ,Total Assets,201134.4,2022-Q3,rbnz-dashboard
ANZ,Cash Position,12768.8,2022-Q3,rbnz-dashboard
ANZ,Net Loans and Advances,147066.9,2022-Q3,rbnz-dashboard
ANZ,Deposits,130330.2,2022-Q3,rbnz-dashboard
ANZ,Equity,17784.2,2022-Q3,rbnz-dashboard
ANZ,Core Funding Ratio (CFR),91.5,2022-Q3,rbnz-dashboard
ANZ Group,Total Capital Ratio,,2022-Q3,rbnz-dashboard
ANZ Group,CET1 Ratio,,2022-Q3,rbnz-dashboard
ANZ Group,Tier 1 Capital Ratio,,2022-Q3,rbnz-dashboard
ANZ Group,Total Non-Performing Loans,599.7,2022-Q3,rbnz-dashboard
ANZ Group,NPL Ratio,0.4,2022-Q3,rbnz-dashboard
ANZ Group,Return on Assets,1.2,2022-Q3,rbnz-dashboard
ANZ Group,Return on Equity,14.2,2022-Q3,rbnz-dashboard
ANZ Group,NIM,2.3,2022-Q3,rbnz-dashboard
ANZ Group,Net Interest Income,1045.2,2022-Q3,rbnz-dashboard
ANZ Group,Trading and Hedging Gains,56.5,2022-Q3,rbnz-dashboard
ANZ Group,Fees and Commission Income,150,2022-Q3,rbnz-dashboard
ANZ Group,Other Income,5.6,2022-Q3,rbnz-dashboard
ANZ Group,Operating Expenses,403.3,2022-Q3,rbnz-dashboard
ANZ Group,Profit After Tax,582.7,2022-Q3,rbnz-dashboard
ANZ Group,Total Assets,201438.9,2022-Q3,rbnz-dashboard
ANZ Group,Cash Position,12768.8,2022-Q3,rbnz-dashboard
ANZ Group,Net Loans and Advances,147372.5,2022-Q3,rbnz-dashboard
ANZ Group,Deposits,130330.2,2022-Q3,rbnz-dashboard
ANZ Group,Equity,16022.1,2022-Q3,rbnz-dashboard
ANZ Group,Core Funding Ratio (CFR),,2022-Q3,rbnz-dashboard
ASB,Total Capital Ratio,15,2022-Q3,rbnz-dashboard
ASB,CET1 Ratio,12.1,2022-Q3,rbnz-dashboard
ASB,Tier 1 Capital Ratio,13.4,2022-Q3,rbnz-dashboard
ASB,Total Non-Performing Loans,370.7,2022-Q3,rbnz-dashboard
ASB,NPL Ratio,0.4,2022-Q3,rbnz-dashboard
ASB,Return on Assets,1.4,2022-Q3,rbnz-dashboard
ASB,Return on Equity,17,2022-Q3,rbnz-dashboard
ASB,NIM,2.5,2022-Q3,rbnz-dashboard
ASB,Net Interest Income,770.2,2022-Q3,rbnz-dashboard
ASB,Trading and Hedging Gains,38.1,2022-Q3,rbnz-dashboard
ASB,Fees and Commission Income,118.6,2022-Q3,rbnz-dashboard
ASB,Other Income,-1.8,2022-Q3,rbnz-dashboard
ASB,Operating Expenses,321.6,2022-Q3,rbnz-dashboard
ASB,Profit After Tax,431,2022-Q3,rbnz-dashboard
ASB,Total Assets,124048.7,2022-Q3,rbnz-dashboard
ASB,Cash Position,8126.1,2022-Q3,rbnz-dashboard
ASB,Net Loans and Advances,105588.8,2022-Q3,rbnz-dashboard
ASB,Deposits,78353.1,2022-Q3,rbnz-dashboard
ASB,Equity,10010.1,2022-Q3,rbnz-dashboard
ASB,Core Funding Ratio (CFR),88.7,2022-Q3,rbnz-dashboard
BNZ,Total Capital Ratio,15.4,2022-Q3,rbnz-dashboard
BNZ,CET1 Ratio,12.8,2022-Q3,rbnz-dashboard
BNZ,Tier 1 Capital Ratio,13.8,2022-Q3,rbnz-dashboard
BNZ,Total Non-Performing Loans,431.5,2022-Q3,rbnz-dashboard
BNZ,NPL Ratio,0.4,2022-Q3,rbnz-dashboard
BNZ,Return on Assets,1,2022-Q3,rbnz-dashboard
BNZ,Return on Equity,12,2022-Q3,rbnz-dashboard
BNZ,NIM,2.4,2022-Q3,rbnz-dashboard
BNZ,Net Interest Income,699.6,2022-Q3,rbnz-dashboard
BNZ,Trading and Hedging Gains,38.5,2022-Q3,rbnz-dashboard
BNZ,Fees and Commission Income,86.5,2022-Q3,rbnz-dashboard
BNZ,Other Income,0.2,2022-Q3,rbnz-dashboard
BNZ,Operating Expenses,307.5,2022-Q3,rbnz-dashboard
BNZ,Profit After Tax,328,2022-Q3,rbnz-dashboard
BNZ,Total Assets,131420.2,2022-Q3,rbnz-dashboard
BNZ,Cash Position,12138.9,2022-Q3,rbnz-dashboard
BNZ,Net Loans and Advances,99680.2,2022-Q3,rbnz-dashboard
BNZ,Deposits,76834.7,2022-Q3,rbnz-dashboard
BNZ,Equity,11060.8,2022-Q3,rbnz-dashboard
BNZ,Core Funding Ratio (CFR),90,2022-Q3,rbnz-dashboard
BOB,Total Capital Ratio,61.4,2022-Q3,rbnz-dashboard
BOB,CET1 Ratio,61.4,2022-Q3,rbnz-dashboard
BOB,Tier 1 Capital Ratio,61.4,2022-Q3,rbnz-dashboard
BOB,Total Non-Performing Loans,0,2022-Q3,rbnz-dashboard
BOB,NPL Ratio,0,2022-Q3,rbnz-dashboard
BOB,Return on Assets,1.2,2022-Q3,rbnz-dashboard
BOB,Return on Equity,3.3,2022-Q3,rbnz-dashboard
BOB,NIM,3.4,2022-Q3,rbnz-dashboard
BOB,Net Interest Income,1.2,2022-Q3,rbnz-dashboard
BOB,Trading and Hedging Gains,0.1,2022-Q3,rbnz-dashboard
BOB,Fees and Commission Income,0.2,2022-Q3,rbnz-dashboard
BOB,Other Income,0,2022-Q3,rbnz-dashboard
BOB,Operating Expenses,0.8,2022-Q3,rbnz-dashboard
BOB,Profit After Tax,0.4,2022-Q3,rbnz-dashboard
BOB,Total Assets,144.4,2022-Q3,rbnz-dashboard
BOB,Cash Position,26.9,2022-Q3,rbnz-dashboard
BOB,Net Loans and Advances,115.7,2022-Q3,rbnz-dashboard
BOB,Deposits,91.3,2022-Q3,rbnz-dashboard
BOB,Equity,50.8,2022-Q3,rbnz-dashboard
BOB,Core Funding Ratio (CFR),117.3,2022-Q3,rbnz-dashboard
BOC,Total Capital Ratio,19.9,2022-Q3,rbnz-dashboard
BOC,CET1 Ratio,19.9,2022-Q3,rbnz-dashboard
BOC,Tier 1 Capital Ratio,19.9,2022-Q3,rbnz-dashboard
BOC,Total Non-Performing Loans,7.6,2022-Q3,rbnz-dashboard
BOC,NPL Ratio,0.3,2022-Q3,rbnz-dashboard
BOC,Return on Assets,0.7,2022-Q3,rbnz-dashboard
BOC,Return on Equity,8.7,2022-Q3,rbnz-dashboard
BOC,NIM,0.7,2022-Q3,rbnz-dashboard
BOC,Net Interest Income,6.4,2022-Q3,rbnz-dashboard
BOC,Trading and Hedging Gains,0.4,2022-Q3,rbnz-dashboard
BOC,Fees and Commission Income,4.7,2022-Q3,rbnz-dashboard
BOC,Other Income,0.1,2022-Q3,rbnz-dashboard
BOC,Operating Expenses,6,2022-Q3,rbnz-dashboard
BOC,Profit After Tax,6.4,2022-Q3,rbnz-dashboard
BOC,Total Assets,3506.9,2022-Q3,rbnz-dashboard
BOC,Cash Position,933.9,2022-Q3,rbnz-dashboard
BOC,Net Loans and Advances,2274.9,2022-Q3,rbnz-dashboard
BOC,Deposits,1505.7,2022-Q3,rbnz-dashboard
BOC,Equity,295.7,2022-Q3,rbnz-dashboard
BOC,Core Funding Ratio (CFR),80.8,2022-Q3,rbnz-dashboard
BOC Group,Total Capital Ratio,,2022-Q3,rbnz-dashboard
BOC Group,CET1 Ratio,,2022-Q3,rbnz-dashboard
BOC Group,Tier 1 Capital Ratio,,2022-Q3,rbnz-dashboard
BOC Group,Total Non-Performing Loans,7.6,2022-Q3,rbnz-dashboard
BOC Group,NPL Ratio,0.2,2022-Q3,rbnz-dashboard
BOC Group,Return on Assets,0.7,2022-Q3,rbnz-dashboard
BOC Group,Return on Equity,11.9,2022-Q3,rbnz-dashboard
BOC Group,NIM,1.1,2022-Q3,rbnz-dashboard
BOC Group,Net Interest Income,15.8,2022-Q3,rbnz-dashboard
BOC Group,Trading and Hedging Gains,1.4,2022-Q3,rbnz-dashboard
BOC Group,Fees and Commission Income,0.7,2022-Q3,rbnz-dashboard
BOC Group,Other Income,0,2022-Q3,rbnz-dashboard
BOC Group,Operating Expenses,5.8,2022-Q3,rbnz-dashboard
BOC Group,Profit After Tax,9.6,2022-Q3,rbnz-dashboard
BOC Group,Total Assets,6248.3,2022-Q3,rbnz-dashboard
BOC Group,Cash Position,1121.7,2022-Q3,rbnz-dashboard
BOC Group,Net Loans and Advances,4795.7,2022-Q3,rbnz-dashboard
BOC Group,Deposits,1683.2,2022-Q3,rbnz-dashboard
BOC Group,Equity,325.4,2022-Q3,rbnz-dashboard
BOC Group,Core Funding Ratio (CFR),,2022-Q3,rbnz-dashboard
BOI,Total Capital Ratio,50.5,2022-Q3,rbnz-dashboard
BOI,CET1 Ratio,50.5,2022-Q3,rbnz-dashboard
BOI,Tier 1 Capital Ratio,50.5,2022-Q3,rbnz-dashboard
BOI,Total Non-Performing Loans,,2022-Q3,rbnz-dashboard
BOI,NPL Ratio,,2022-Q3,rbnz-dashboard
BOI,Return on Assets,0.8,2022-Q3,rbnz-dashboard
BOI,Return on Equity,2.1,2022-Q3,rbnz-dashboard
BOI,NIM,3,2022-Q3,rbnz-dashboard
BOI,Net Interest Income,1.1,2022-Q3,rbnz-dashboard
BOI,Trading and Hedging Gains,0.1,2022-Q3,rbnz-dashboard
BOI,Fees and Commission Income,0,2022-Q3,rbnz-dashboard
BOI,Other Income,0,2022-Q3,rbnz-dashboard
BOI,Operating Expenses,0.8,2022-Q3,rbnz-dashboard
BOI,Profit After Tax,0.3,2022-Q3,rbnz-dashboard
BOI,Total Assets,147.8,2022-Q3,rbnz-dashboard
BOI,Cash Position,30.4,2022-Q3,rbnz-dashboard
BOI,Net Loans and Advances,115.6,2022-Q3,rbnz-dashboard
BOI,Deposits,78.7,2022-Q3,rbnz-dashboard
BOI,Equity,59.3,2022-Q3,rbnz-dashboard
BOI,Core Funding Ratio (CFR),118.7,2022-Q3,rbnz-dashboard
CBA Group,Total Capital Ratio,,2022-Q3,rbnz-dashboard
CBA Group,CET1 Ratio,,2022-Q3,rbnz-dashboard
CBA Group,Tier 1 Capital Ratio,,2022-Q3,rbnz-dashboard
CBA Group,Total Non-Performing Loans,370.7,2022-Q3,rbnz-dashboard
CBA Group,NPL Ratio,0.3,2022-Q3,rbnz-dashboard
CBA Group,Return on Assets,1.4,2022-Q3,rbnz-dashboard
CBA Group,Return on Equity,17.3,2022-Q3,rbnz-dashboard
CBA Group,NIM,2.5,2022-Q3,rbnz-dashboard
CBA Group,Net Interest Income,775.1,2022-Q3,rbnz-dashboard
CBA Group,Trading and Hedging Gains,43.9,2022-Q3,rbnz-dashboard
CBA Group,Fees and Commission Income,118.6,2022-Q3,rbnz-dashboard
CBA Group,Other Income,-1.9,2022-Q3,rbnz-dashboard
CBA Group,Operating Expenses,324.5,2022-Q3,rbnz-dashboard
CBA Group,Profit After Tax,438.3,2022-Q3,rbnz-dashboard
CBA Group,Total Assets,128437,2022-Q3,rbnz-dashboard
CBA Group,Cash Position,8129.1,2022-Q3,rbnz-dashboard
CBA Group,Net Loans and Advances,109142.3,2022-Q3,rbnz-dashboard
CBA Group,Deposits,78341.3,2022-Q3,rbnz-dashboard
CBA Group,Equity,10018.2,2022-Q3,rbnz-dashboard
CBA Group,Core Funding Ratio (CFR),,2022-Q3,rbnz-dashboard
CCB,Total Capital Ratio,15.7,2022-Q3,rbnz-dashboard
CCB,CET1 Ratio,15.5,2022-Q3,rbnz-dashboard
CCB,Tier 1 Capital Ratio,15.5,2022-Q3,rbnz-dashboard
CCB,Total Non-Performing Loans,,2022-Q3,rbnz-dashboard
CCB,NPL Ratio,,2022-Q3,rbnz-dashboard
CCB,Return on Assets,1,2022-Q3,rbnz-dashboard
CCB,Return on Equity,8.1,2022-Q3,rbnz-dashboard
CCB,NIM,1.8,2022-Q3,rbnz-dashboard
CCB,Net Interest Income,10.5,2022-Q3,rbnz-dashboard
CCB,Trading and Hedging Gains,-0.6,2022-Q3,rbnz-dashboard
CCB,Fees and Commission Income,0.5,2022-Q3,rbnz-dashboard
CCB,Other Income,0.2,2022-Q3,rbnz-dashboard
CCB,Operating Expenses,2.5,2022-Q3,rbnz-dashboard
CCB,Profit After Tax,5.6,2022-Q3,rbnz-dashboard
CCB,Total Assets,2335,2022-Q3,rbnz-dashboard
CCB,Cash Position,279.6,2022-Q3,rbnz-dashboard
CCB,Net Loans and Advances,1812.4,2022-Q3,rbnz-dashboard
CCB,Deposits,427.2,2022-Q3,rbnz-dashboard
CCB,Equity,280.4,2022-Q3,rbnz-dashboard
CCB,Core Funding Ratio (CFR),92.6,2022-Q3,rbnz-dashboard
CCB Group,Total Capital Ratio,,2022-Q3,rbnz-dashboard
CCB Group,CET1 Ratio,,2022-Q3,rbnz-dashboard
CCB Group,Tier 1 Capital Ratio,,2022-Q3,rbnz-dashboard
CCB Group,Total Non-Performing Loans,0,2022-Q3,rbnz-dashboard
CCB Group,NPL Ratio,0,2022-Q3,rbnz-dashboard
CCB Group,Return on Assets,0.7,2022-Q3,rbnz-dashboard
CCB Group,Return on Equity,10.1,2022-Q3,rbnz-dashboard
CCB Group,NIM,1.7,2022-Q3,rbnz-dashboard
CCB Group,Net Interest Income,17.6,2022-Q3,rbnz-dashboard
CCB Group,Trading and Hedging Gains,-3.4,2022-Q3,rbnz-dashboard
CCB Group,Fees and Commission Income,1.8,2022-Q3,rbnz-dashboard
CCB Group,Other Income,0,2022-Q3,rbnz-dashboard
CCB Group,Operating Expenses,4.7,2022-Q3,rbnz-dashboard
CCB Group,Profit After Tax,7.9,2022-Q3,rbnz-dashboard
CCB Group,Total Assets,4297.8,2022-Q3,rbnz-dashboard
CCB Group,Cash Position,414.1,2022-Q3,rbnz-dashboard
CCB Group,Net Loans and Advances,3514.9,2022-Q3,rbnz-dashboard
CCB Group,Deposits,426,2022-Q3,rbnz-dashboard
CCB Group,Equity,312.9,2022-Q3,rbnz-dashboard
CCB Group,Core Funding Ratio (CFR),,2022-Q3,rbnz-dashboard
Co-op,Total Capital Ratio,17,2022-Q3,rbnz-dashboard
Co-op,CET1 Ratio,14.5,2022-Q3,rbnz-dashboard
Co-op,Tier 1 Capital Ratio,14.5,2022-Q3,rbnz-dashboard
Co-op,Total Non-Performing Loans,7.5,2022-Q3,rbnz-dashboard
Co-op,NPL Ratio,0.3,2022-Q3,rbnz-dashboard
Co-op,Return on Assets,0.9,2022-Q3,rbnz-dashboard
Co-op,Return on Equity,10.8,2022-Q3,rbnz-dashboard
Co-op,NIM,2.6,2022-Q3,rbnz-dashboard
Co-op,Net Interest Income,20.2,2022-Q3,rbnz-dashboard
Co-op,Trading and Hedging Gains,5.6,2022-Q3,rbnz-dashboard
Co-op,Fees and Commission Income,2,2022-Q3,rbnz-dashboard
Co-op,Other Income,1.8,2022-Q3,rbnz-dashboard
Co-op,Operating Expenses,19.4,2022-Q3,rbnz-dashboard
Co-op,Profit After Tax,6.9,2022-Q3,rbnz-dashboard
Co-op,Total Assets,3260.8,2022-Q3,rbnz-dashboard
Co-op,Cash Position,32,2022-Q3,rbnz-dashboard
Co-op,Net Loans and Advances,2824.5,2022-Q3,rbnz-dashboard
Co-op,Deposits,2757,2022-Q3,rbnz-dashboard
Co-op,Equity,260,2022-Q3,rbnz-dashboard
Co-op,Core Funding Ratio (CFR),104,2022-Q3,rbnz-dashboard
Heartland,Total Capital Ratio,12.9,2022-Q3,rbnz-dashboard
Heartland,CET1 Ratio,12.9,2022-Q3,rbnz-dashboard
Heartland,Tier 1 Capital Ratio,12.9,2022-Q3,rbnz-dashboard
Heartland,Total Non-Performing Loans,122.1,2022-Q3,rbnz-dashboard
Heartland,NPL Ratio,2.6,2022-Q3,rbnz-dashboard
Heartland,Return on Assets,1.3,2022-Q3,rbnz-dashboard
Heartland,Return on Equity,9.6,2022-Q3,rbnz-dashboard
Heartland,NIM,4.1,2022-Q3,rbnz-dashboard
Heartland,Net Interest Income,52.4,2022-Q3,rbnz-dashboard
Heartland,Trading and Hedging Gains,-1.8,2022-Q3,rbnz-dashboard
Heartland,Fees and Commission Income,2.2,2022-Q3,rbnz-dashboard
Heartland,Other Income,2,2022-Q3,rbnz-dashboard
Heartland,Operating Expenses,26.8,2022-Q3,rbnz-dashboard
Heartland,Profit After Tax,17.1,2022-Q3,rbnz-dashboard
Heartland,Total Assets,5264.3,2022-Q3,rbnz-dashboard
Heartland,Cash Position,252.2,2022-Q3,rbnz-dashboard
Heartland,Net Loans and Advances,4565,2022-Q3,rbnz-dashboard
Heartland,Deposits,3932.9,2022-Q3,rbnz-dashboard
Heartland,Equity,699.2,2022-Q3,rbnz-dashboard
Heartland,Core Funding Ratio (CFR),89.1,2022-Q3,rbnz-dashboard
ICBC,Total Capital Ratio,18.2,2022-Q3,rbnz-dashboard
ICBC,CET1 Ratio,17.3,2022-Q3,rbnz-dashboard
ICBC,Tier 1 Capital Ratio,17.3,2022-Q3,rbnz-dashboard
ICBC,Total Non-Performing Loans,6.7,2022-Q3,rbnz-dashboard
ICBC,NPL Ratio,0.4,2022-Q3,rbnz-dashboard
ICBC,Return on Assets,1,2022-Q3,rbnz-dashboard
ICBC,Return on Equity,7,2022-Q3,rbnz-dashboard
ICBC,NIM,1.6,2022-Q3,rbnz-dashboard
ICBC,Net Interest Income,8.4,2022-Q3,rbnz-dashboard
ICBC,Trading and Hedging Gains,1.3,2022-Q3,rbnz-dashboard
ICBC,Fees and Commission Income,0.2,2022-Q3,rbnz-dashboard
ICBC,Other Income,2.8,2022-Q3,rbnz-dashboard
ICBC,Operating Expenses,6,2022-Q3,rbnz-dashboard
ICBC,Profit After Tax,5.2,2022-Q3,rbnz-dashboard
ICBC,Total Assets,2148.9,2022-Q3,rbnz-dashboard
ICBC,Cash Position,342.6,2022-Q3,rbnz-dashboard
ICBC,Net Loans and Advances,1582.6,2022-Q3,rbnz-dashboard
ICBC,Deposits,742.5,2022-Q3,rbnz-dashboard
ICBC,Equity,293.5,2022-Q3,rbnz-dashboard
ICBC,Core Funding Ratio (CFR),92.9,2022-Q3,rbnz-dashboard
ICBC Group,Total Capital Ratio,,2022-Q3,rbnz-dashboard
ICBC Group,CET1 Ratio,,2022-Q3,rbnz-dashboard
ICBC Group,Tier 1 Capital Ratio,,2022-Q3,rbnz-dashboard
ICBC Group,Total Non-Performing Loans,6.7,2022-Q3,rbnz-dashboard
ICBC Group,NPL Ratio,0.2,2022-Q3,rbnz-dashboard
ICBC Group,Return on Assets,0.8,2022-Q3,rbnz-dashboard
ICBC Group,Return on Equity,7.3,2022-Q3,rbnz-dashboard
ICBC Group,NIM,1.6,2022-Q3,rbnz-dashboard
ICBC Group,Net Interest Income,14,2022-Q3,rbnz-dashboard
ICBC Group,Trading and Hedging Gains,1.6,2022-Q3,rbnz-dashboard
ICBC Group,Fees and Commission Income,0.2,2022-Q3,rbnz-dashboard
ICBC Group,Other Income,0,2022-Q3,rbnz-dashboard
ICBC Group,Operating Expenses,6.1,2022-Q3,rbnz-dashboard
ICBC Group,Profit After Tax,7.1,2022-Q3,rbnz-dashboard
ICBC Group,Total Assets,3483.3,2022-Q3,rbnz-dashboard
ICBC Group,Cash Position,483,2022-Q3,rbnz-dashboard
ICBC Group,Net Loans and Advances,2770.9,2022-Q3,rbnz-dashboard
ICBC Group,Deposits,665.9,2022-Q3,rbnz-dashboard
ICBC Group,Equity,387.9,2022-Q3,rbnz-dashboard
ICBC Group,Core Funding Ratio (CFR),,2022-Q3,rbnz-dashboard
Kiwibank,Total Capital Ratio,13.6,2022-Q3,rbnz-dashboard
Kiwibank,CET1 Ratio,10.5,2022-Q3,rbnz-dashboard
Kiwibank,Tier 1 Capital Ratio,12,2022-Q3,rbnz-dashboard
Kiwibank,Total Non-Performing Loans,22.1,2022-Q3,rbnz-dashboard
Kiwibank,NPL Ratio,0.1,2022-Q3,rbnz-dashboard
Kiwibank,Return on Assets,0.7,2022-Q3,rbnz-dashboard
Kiwibank,Return on Equity,9.8,2022-Q3,rbnz-dashboard
Kiwibank,NIM,2.4,2022-Q3,rbnz-dashboard
Kiwibank,Net Interest Income,188.9,2022-Q3,rbnz-dashboard
Kiwibank,Trading and Hedging Gains,7.4,2022-Q3,rbnz-dashboard
Kiwibank,Fees and Commission Income,11.1,2022-Q3,rbnz-dashboard
Kiwibank,Other Income,0.5,2022-Q3,rbnz-dashboard
Kiwibank,Operating Expenses,129.1,2022-Q3,rbnz-dashboard
Kiwibank,Profit After Tax,54.7,2022-Q3,rbnz-dashboard
Kiwibank,Total Assets,32016.8,2022-Q3,rbnz-dashboard
Kiwibank,Cash Position,1423.4,2022-Q3,rbnz-dashboard
Kiwibank,Net Loans and Advances,28262.2,2022-Q3,rbnz-dashboard
Kiwibank,Deposits,24442.3,2022-Q3,rbnz-dashboard
Kiwibank,Equity,2262.1,2022-Q3,rbnz-dashboard
Kiwibank,Core Funding Ratio (CFR),90.4,2022-Q3,rbnz-dashboard
Rabo Group,Total Capital Ratio,,2022-Q3,rbnz-dashboard
Rabo Group,CET1 Ratio,,2022-Q3,rbnz-dashboard
Rabo Group,Tier 1 Capital Ratio,,2022-Q3,rbnz-dashboard
Rabo Group,Total Non-Performing Loans,171.6,2022-Q3,rbnz-dashboard
Rabo Group,NPL Ratio,1.1,2022-Q3,rbnz-dashboard
Rabo Group,Return on Assets,1,2022-Q3,rbnz-dashboard
Rabo Group,Return on Equity,7.8,2022-Q3,rbnz-dashboard
Rabo Group,NIM,2.7,2022-Q3,rbnz-dashboard
Rabo Group,Net Interest Income,130.1,2022-Q3,rbnz-dashboard
Rabo Group,Trading and Hedging Gains,-17.5,2022-Q3,rbnz-dashboard
Rabo Group,Fees and Commission Income,0.7,2022-Q3,rbnz-dashboard
Rabo Group,Other Income,4.1,2022-Q3,rbnz-dashboard
Rabo Group,Operating Expenses,51.4,2022-Q3,rbnz-dashboard
Rabo Group,Profit After Tax,48.1,2022-Q3,rbnz-dashboard
Rabo Group,Total Assets,19385.6,2022-Q3,rbnz-dashboard
Rabo Group,Cash Position,2308.6,2022-Q3,rbnz-dashboard
Rabo Group,Net Loans and Advances,15925.1,2022-Q3,rbnz-dashboard
Rabo Group,Deposits,5724.5,2022-Q3,rbnz-dashboard
Rabo Group,Equity,2474.4,2022-Q3,rbnz-dashboard
Rabo Group,Core Funding Ratio (CFR),,2022-Q3,rbnz-dashboard
Rabobank,Total Capital Ratio,14,2022-Q3,rbnz-dashboard
Rabobank,CET1 Ratio,14,2022-Q3,rbnz-dashboard
Rabobank,Tier 1 Capital Ratio,14,2022-Q3,rbnz-dashboard
Rabobank,Total Non-Performing Loans,157.5,2022-Q3,rbnz-dashboard
Rabobank,NPL Ratio,1.3,2022-Q3,rbnz-dashboard
Rabobank,Return on Assets,1.1,2022-Q3,rbnz-dashboard
Rabobank,Return on Equity,8.2,2022-Q3,rbnz-dashboard
Rabobank,NIM,2.6,2022-Q3,rbnz-dashboard
Rabobank,Net Interest Income,96.8,2022-Q3,rbnz-dashboard
Rabobank,Trading and Hedging Gains,-0.2,2022-Q3,rbnz-dashboard
Rabobank,Fees and Commission Income,0.3,2022-Q3,rbnz-dashboard
Rabobank,Other Income,0,2022-Q3,rbnz-dashboard
Rabobank,Operating Expenses,41.2,2022-Q3,rbnz-dashboard
Rabobank,Profit After Tax,41.1,2022-Q3,rbnz-dashboard
Rabobank,Total Assets,14814.3,2022-Q3,rbnz-dashboard
Rabobank,Cash Position,1524.9,2022-Q3,rbnz-dashboard
Rabobank,Net Loans and Advances,12585,2022-Q3,rbnz-dashboard
Rabobank,Deposits,5522.5,2022-Q3,rbnz-dashboard
Rabobank,Equity,2003.7,2022-Q3,rbnz-dashboard
Rabobank,Core Funding Ratio (CFR),84.8,2022-Q3,rbnz-dashboard
SBS,Total Capital Ratio,14.6,2022-Q3,rbnz-dashboard
SBS,CET1 Ratio,12.5,2022-Q3,rbnz-dashboard
SBS,Tier 1 Capital Ratio,12.5,2022-Q3,rbnz-dashboard
SBS,Total Non-Performing Loans,8.9,2022-Q3,rbnz-dashboard
SBS,NPL Ratio,0.2,2022-Q3,rbnz-dashboard
SBS,Return on Assets,0.7,2022-Q3,rbnz-dashboard
SBS,Return on Equity,8.4,2022-Q3,rbnz-dashboard
SBS,NIM,2.6,2022-Q3,rbnz-dashboard
SBS,Net Interest Income,35,2022-Q3,rbnz-dashboard
SBS,Trading and Hedging Gains,-0.2,2022-Q3,rbnz-dashboard
SBS,Fees and Commission Income,6.3,2022-Q3,rbnz-dashboard
SBS,Other Income,2,2022-Q3,rbnz-dashboard
SBS,Operating Expenses,26.5,2022-Q3,rbnz-dashboard
SBS,Profit After Tax,10.2,2022-Q3,rbnz-dashboard
SBS,Total Assets,5518.6,2022-Q3,rbnz-dashboard
SBS,Cash Position,82.7,2022-Q3,rbnz-dashboard
SBS,Net Loans and Advances,4700.7,2022-Q3,rbnz-dashboard
SBS,Deposits,3739.8,2022-Q3,rbnz-dashboard
SBS,Equity,494.6,2022-Q3,rbnz-dashboard
SBS,Core Funding Ratio (CFR),96,2022-Q3,rbnz-dashboard
TSB,Total Capital Ratio,13.4,2022-Q3,rbnz-dashboard
TSB,CET1 Ratio,13.4,2022-Q3,rbnz-dashboard
TSB,Tier 1 Capital Ratio,13.4,2022-Q3,rbnz-dashboard
TSB,Total Non-Performing Loans,15.6,2022-Q3,rbnz-dashboard
TSB,NPL Ratio,0.2,2022-Q3,rbnz-dashboard
TSB,Return on Assets,0.3,2022-Q3,rbnz-dashboard
TSB,Return on Equity,4,2022-Q3,rbnz-dashboard
TSB,NIM,2.1,2022-Q3,rbnz-dashboard
TSB,Net Interest Income,47.3,2022-Q3,rbnz-dashboard
TSB,Trading and Hedging Gains,3.7,2022-Q3,rbnz-dashboard
TSB,Fees and Commission Income,3.2,2022-Q3,rbnz-dashboard
TSB,Other Income,1.3,2022-Q3,rbnz-dashboard
TSB,Operating Expenses,48.9,2022-Q3,rbnz-dashboard
TSB,Profit After Tax,7.4,2022-Q3,rbnz-dashboard
TSB,Total Assets,8942.7,2022-Q3,rbnz-dashboard
TSB,Cash Position,560.6,2022-Q3,rbnz-dashboard
TSB,Net Loans and Advances,6787.2,2022-Q3,rbnz-dashboard
TSB,Deposits,8090.3,2022-Q3,rbnz-dashboard
TSB,Equity,739.8,2022-Q3,rbnz-dashboard
TSB,Core Funding Ratio (CFR),117.3,2022-Q3,rbnz-dashboard
WBC Group,Total Capital Ratio,,2022-Q3,rbnz-dashboard
WBC Group,CET1 Ratio,,2022-Q3,rbnz-dashboard
WBC Group,Tier 1 Capital Ratio,,2022-Q3,rbnz-dashboard
WBC Group,Total Non-Performing Loans,286.5,2022-Q3,rbnz-dashboard
WBC Group,NPL Ratio,0.3,2022-Q3,rbnz-dashboard
WBC Group,Return on Assets,1,2022-Q3,rbnz-dashboard
WBC Group,Return on Equity,12.8,2022-Q3,rbnz-dashboard
WBC Group,NIM,2.2,2022-Q3,rbnz-dashboard
WBC Group,Net Interest Income,664.2,2022-Q3,rbnz-dashboard
WBC Group,Trading and Hedging Gains,11.8,2022-Q3,rbnz-dashboard
WBC Group,Fees and Commission Income,69.9,2022-Q3,rbnz-dashboard
WBC Group,Other Income,5.4,2022-Q3,rbnz-dashboard
WBC Group,Operating Expenses,300.9,2022-Q3,rbnz-dashboard
WBC Group,Profit After Tax,330.9,2022-Q3,rbnz-dashboard
WBC Group,Total Assets,135779.7,2022-Q3,rbnz-dashboard
WBC Group,Cash Position,13908.5,2022-Q3,rbnz-dashboard
WBC Group,Net Loans and Advances,97391.8,2022-Q3,rbnz-dashboard
WBC Group,Deposits,77946.5,2022-Q3,rbnz-dashboard
WBC Group,Equity,10303.5,2022-Q3,rbnz-dashboard
WBC Group,Core Funding Ratio (CFR),,2022-Q3,rbnz-dashboard
Westpac,Total Capital Ratio,13.9,2022-Q3,rbnz-dashboard
Westpac,CET1 Ratio,11,2022-Q3,rbnz-dashboard
Westpac,Tier 1 Capital Ratio,13,2022-Q3,rbnz-dashboard
Westpac,Total Non-Performing Loans,286.5,2022-Q3,rbnz-dashboard
Westpac,NPL Ratio,0.3,2022-Q3,rbnz-dashboard
Westpac,Return on Assets,1,2022-Q3,rbnz-dashboard
Westpac,Return on Equity,13.1,2022-Q3,rbnz-dashboard
Westpac,NIM,2.1,2022-Q3,rbnz-dashboard
Westpac,Net Interest Income,616.4,2022-Q3,rbnz-dashboard
Westpac,Trading and Hedging Gains,-13.5,2022-Q3,rbnz-dashboard
Westpac,Fees and Commission Income,72.8,2022-Q3,rbnz-dashboard
Westpac,Other Income,10.2,2022-Q3,rbnz-dashboard
Westpac,Operating Expenses,295.2,2022-Q3,rbnz-dashboard
Westpac,Profit After Tax,288.8,2022-Q3,rbnz-dashboard
Westpac,Total Assets,119817.7,2022-Q3,rbnz-dashboard
Westpac,Cash Position,11290,2022-Q3,rbnz-dashboard
Westpac,Net Loans and Advances,96881.9,2022-Q3,rbnz-dashboard
Westpac,Deposits,78079.1,2022-Q3,rbnz-dashboard
Westpac,Equity,8779.5,2022-Q3,rbnz-dashboard
Westpac,Core Funding Ratio (CFR),88.1,2022-Q3,rbnz-dashboard
ANZ,Total Capital Ratio,16.4,2022-Q4,rbnz-dashboard
ANZ,CET1 Ratio,12.6,2022-Q4,rbnz-dashboard
ANZ,Tier 1 Capital Ratio,15.1,2022-Q4,rbnz-dashboard
ANZ,Total Non-Performing Loans,601.1,2022-Q4,rbnz-dashboard
ANZ,NPL Ratio,0.4,2022-Q4,rbnz-dashboard
ANZ,Return on Assets,1.1,2022-Q4,rbnz-dashboard
ANZ,Return on Equity,12.1,2022-Q4,rbnz-dashboard
ANZ,NIM,2.4,2022-Q4,rbnz-dashboard
ANZ,Net Interest Income,1084.8,2022-Q4,rbnz-dashboard
ANZ,Trading and Hedging Gains,-11.8,2022-Q4,rbnz-dashboard
ANZ,Fees and Commission Income,130.1,2022-Q4,rbnz-dashboard
ANZ,Other Income,1.1,2022-Q4,rbnz-dashboard
ANZ,Operating Expenses,414.2,2022-Q4,rbnz-dashboard
ANZ,Profit After Tax,552.3,2022-Q4,rbnz-dashboard
ANZ,Total Assets,195601.2,2022-Q4,rbnz-dashboard
ANZ,Cash Position,16825.2,2022-Q4,rbnz-dashboard
ANZ,Net Loans and Advances,146920.1,2022-Q4,rbnz-dashboard
ANZ,Deposits,131606.8,2022-Q4,rbnz-dashboard
ANZ,Equity,18359.7,2022-Q4,rbnz-dashboard
ANZ,Core Funding Ratio (CFR),92,2022-Q4,rbnz-dashboard
ANZ Group,Total Capital Ratio,,2022-Q4,rbnz-dashboard
ANZ Group,CET1 Ratio,,2022-Q4,rbnz-dashboard
ANZ Group,Tier 1 Capital Ratio,,2022-Q4,rbnz-dashboard
ANZ Group,Total Non-Performing Loans,603.8,2022-Q4,rbnz-dashboard
ANZ Group,NPL Ratio,0.4,2022-Q4,rbnz-dashboard
ANZ Group,Return on Assets,1.1,2022-Q4,rbnz-dashboard
ANZ Group,Return on Equity,12.9,2022-Q4,rbnz-dashboard
ANZ Group,NIM,2.4,2022-Q4,rbnz-dashboard
ANZ Group,Net Interest Income,1072.6,2022-Q4,rbnz-dashboard
ANZ Group,Trading and Hedging Gains,-27.6,2022-Q4,rbnz-dashboard
ANZ Group,Fees and Commission Income,130.1,2022-Q4,rbnz-dashboard
ANZ Group,Other Income,0.2,2022-Q4,rbnz-dashboard
ANZ Group,Operating Expenses,414.4,2022-Q4,rbnz-dashboard
ANZ Group,Profit After Tax,530.8,2022-Q4,rbnz-dashboard
ANZ Group,Total Assets,195852.1,2022-Q4,rbnz-dashboard
ANZ Group,Cash Position,16825.2,2022-Q4,rbnz-dashboard
ANZ Group,Net Loans and Advances,147204.4,2022-Q4,rbnz-dashboard
ANZ Group,Deposits,131606.8,2022-Q4,rbnz-dashboard
ANZ Group,Equity,16576.2,2022-Q4,rbnz-dashboard
ANZ Group,Core Funding Ratio (CFR),,2022-Q4,rbnz-dashboard
ASB,Total Capital Ratio,15.5,2022-Q4,rbnz-dashboard
ASB,CET1 Ratio,14.1,2022-Q4,rbnz-dashboard
ASB,Tier 1 Capital Ratio,14.1,2022-Q4,rbnz-dashboard
ASB,Total Non-Performing Loans,383.9,2022-Q4,rbnz-dashboard
ASB,NPL Ratio,0.4,2022-Q4,rbnz-dashboard
ASB,Return on Assets,1.3,2022-Q4,rbnz-dashboard
ASB,Return on Equity,15.9,2022-Q4,rbnz-dashboard
ASB,NIM,2.5,2022-Q4,rbnz-dashboard
ASB,Net Interest Income,778,2022-Q4,rbnz-dashboard
ASB,Trading and Hedging Gains,28.5,2022-Q4,rbnz-dashboard
ASB,Fees and Commission Income,88.2,2022-Q4,rbnz-dashboard
ASB,Other Income,6.1,2022-Q4,rbnz-dashboard
ASB,Operating Expenses,287.6,2022-Q4,rbnz-dashboard
ASB,Profit After Tax,409.1,2022-Q4,rbnz-dashboard
ASB,Total Assets,124485,2022-Q4,rbnz-dashboard
ASB,Cash Position,8996.4,2022-Q4,rbnz-dashboard
ASB,Net Loans and Advances,106645.2,2022-Q4,rbnz-dashboard
ASB,Deposits,78942.2,2022-Q4,rbnz-dashboard
ASB,Equity,10378.9,2022-Q4,rbnz-dashboard
ASB,Core Funding Ratio (CFR),89.8,2022-Q4,rbnz-dashboard
BNZ,Total Capital Ratio,15.3,2022-Q4,rbnz-dashboard
BNZ,CET1 Ratio,12.7,2022-Q4,rbnz-dashboard
BNZ,Tier 1 Capital Ratio,13.7,2022-Q4,rbnz-dashboard
BNZ,Total Non-Performing Loans,377.5,2022-Q4,rbnz-dashboard
BNZ,NPL Ratio,0.4,2022-Q4,rbnz-dashboard
BNZ,Return on Assets,1.3,2022-Q4,rbnz-dashboard
BNZ,Return on Equity,15.1,2022-Q4,rbnz-dashboard
BNZ,NIM,2.5,2022-Q4,rbnz-dashboard
BNZ,Net Interest Income,751.7,2022-Q4,rbnz-dashboard
BNZ,Trading and Hedging Gains,41,2022-Q4,rbnz-dashboard
BNZ,Fees and Commission Income,91.8,2022-Q4,rbnz-dashboard
BNZ,Other Income,2.2,2022-Q4,rbnz-dashboard
BNZ,Operating Expenses,299.7,2022-Q4,rbnz-dashboard
BNZ,Profit After Tax,424.4,2022-Q4,rbnz-dashboard
BNZ,Total Assets,130242.1,2022-Q4,rbnz-dashboard
BNZ,Cash Position,13669.8,2022-Q4,rbnz-dashboard
BNZ,Net Loans and Advances,100514.6,2022-Q4,rbnz-dashboard
BNZ,Deposits,80055.6,2022-Q4,rbnz-dashboard
BNZ,Equity,11004.3,2022-Q4,rbnz-dashboard
BNZ,Core Funding Ratio (CFR),90.5,2022-Q4,rbnz-dashboard
BOB,Total Capital Ratio,59.9,2022-Q4,rbnz-dashboard
BOB,CET1 Ratio,59.9,2022-Q4,rbnz-dashboard
BOB,Tier 1 Capital Ratio,59.9,2022-Q4,rbnz-dashboard
BOB,Total Non-Performing Loans,2,2022-Q4,rbnz-dashboard
BOB,NPL Ratio,1.7,2022-Q4,rbnz-dashboard
BOB,Return on Assets,1.2,2022-Q4,rbnz-dashboard
BOB,Return on Equity,3.4,2022-Q4,rbnz-dashboard
BOB,NIM,3.5,2022-Q4,rbnz-dashboard
BOB,Net Interest Income,1.2,2022-Q4,rbnz-dashboard
BOB,Trading and Hedging Gains,0.1,2022-Q4,rbnz-dashboard
BOB,Fees and Commission Income,0,2022-Q4,rbnz-dashboard
BOB,Other Income,0,2022-Q4,rbnz-dashboard
BOB,Operating Expenses,0.7,2022-Q4,rbnz-dashboard
BOB,Profit After Tax,0.4,2022-Q4,rbnz-dashboard
BOB,Total Assets,140.9,2022-Q4,rbnz-dashboard
BOB,Cash Position,23.2,2022-Q4,rbnz-dashboard
BOB,Net Loans and Advances,116,2022-Q4,rbnz-dashboard
BOB,Deposits,87.4,2022-Q4,rbnz-dashboard
BOB,Equity,51.2,2022-Q4,rbnz-dashboard
BOB,Core Funding Ratio (CFR),112.8,2022-Q4,rbnz-dashboard
BOC,Total Capital Ratio,20.9,2022-Q4,rbnz-dashboard
BOC,CET1 Ratio,20.9,2022-Q4,rbnz-dashboard
BOC,Tier 1 Capital Ratio,20.9,2022-Q4,rbnz-dashboard
BOC,Total Non-Performing Loans,5.1,2022-Q4,rbnz-dashboard
BOC,NPL Ratio,0.2,2022-Q4,rbnz-dashboard
BOC,Return on Assets,-0.3,2022-Q4,rbnz-dashboard
BOC,Return on Equity,-3.2,2022-Q4,rbnz-dashboard
BOC,NIM,0.3,2022-Q4,rbnz-dashboard
BOC,Net Interest Income,2.9,2022-Q4,rbnz-dashboard
BOC,Trading and Hedging Gains,0.9,2022-Q4,rbnz-dashboard
BOC,Fees and Commission Income,5.3,2022-Q4,rbnz-dashboard
BOC,Other Income,-0.1,2022-Q4,rbnz-dashboard
BOC,Operating Expenses,7.6,2022-Q4,rbnz-dashboard
BOC,Profit After Tax,-2.4,2022-Q4,rbnz-dashboard
BOC,Total Assets,3562.1,2022-Q4,rbnz-dashboard
BOC,Cash Position,1073.3,2022-Q4,rbnz-dashboard
BOC,Net Loans and Advances,2179.2,2022-Q4,rbnz-dashboard
BOC,Deposits,1922,2022-Q4,rbnz-dashboard
BOC,Equity,292,2022-Q4,rbnz-dashboard
BOC,Core Funding Ratio (CFR),86.5,2022-Q4,rbnz-dashboard
BOC Group,Total Capital Ratio,,2022-Q4,rbnz-dashboard
BOC Group,CET1 Ratio,,2022-Q4,rbnz-dashboard
BOC Group,Tier 1 Capital Ratio,,2022-Q4,rbnz-dashboard
BOC Group,Total Non-Performing Loans,5.1,2022-Q4,rbnz-dashboard
BOC Group,NPL Ratio,0.1,2022-Q4,rbnz-dashboard
BOC Group,Return on Assets,0.3,2022-Q4,rbnz-dashboard
BOC Group,Return on Equity,5.1,2022-Q4,rbnz-dashboard
BOC Group,NIM,1.1,2022-Q4,rbnz-dashboard
BOC Group,Net Interest Income,16.6,2022-Q4,rbnz-dashboard
BOC Group,Trading and Hedging Gains,-0.2,2022-Q4,rbnz-dashboard
BOC Group,Fees and Commission Income,0.5,2022-Q4,rbnz-dashboard
BOC Group,Other Income,0,2022-Q4,rbnz-dashboard
BOC Group,Operating Expenses,8,2022-Q4,rbnz-dashboard
BOC Group,Profit After Tax,4.2,2022-Q4,rbnz-dashboard
BOC Group,Total Assets,6193.6,2022-Q4,rbnz-dashboard
BOC Group,Cash Position,1111.4,2022-Q4,rbnz-dashboard
BOC Group,Net Loans and Advances,4748,2022-Q4,rbnz-dashboard
BOC Group,Deposits,1968.4,2022-Q4,rbnz-dashboard
BOC Group,Equity,328.3,2022-Q4,rbnz-dashboard
BOC Group,Core Funding Ratio (CFR),,2022-Q4,rbnz-dashboard
BOI,Total Capital Ratio,46.3,2022-Q4,rbnz-dashboard
BOI,CET1 Ratio,46.3,2022-Q4,rbnz-dashboard
BOI,Tier 1 Capital Ratio,46.3,2022-Q4,rbnz-dashboard
BOI,Total Non-Performing Loans,,2022-Q4,rbnz-dashboard
BOI,NPL Ratio,,2022-Q4,rbnz-dashboard
BOI,Return on Assets,2,2022-Q4,rbnz-dashboard
BOI,Return on Equity,5,2022-Q4,rbnz-dashboard
BOI,NIM,4.2,2022-Q4,rbnz-dashboard
BOI,Net Interest Income,1.6,2022-Q4,rbnz-dashboard
BOI,Trading and Hedging Gains,0.1,2022-Q4,rbnz-dashboard
BOI,Fees and Commission Income,0,2022-Q4,rbnz-dashboard
BOI,Other Income,0,2022-Q4,rbnz-dashboard
BOI,Operating Expenses,0.5,2022-Q4,rbnz-dashboard
BOI,Profit After Tax,0.7,2022-Q4,rbnz-dashboard
BOI,Total Assets,150.9,2022-Q4,rbnz-dashboard
BOI,Cash Position,19.6,2022-Q4,rbnz-dashboard
BOI,Net Loans and Advances,129.5,2022-Q4,rbnz-dashboard
BOI,Deposits,80.5,2022-Q4,rbnz-dashboard
BOI,Equity,60.1,2022-Q4,rbnz-dashboard
BOI,Core Funding Ratio (CFR),109.3,2022-Q4,rbnz-dashboard
CBA Group,Total Capital Ratio,,2022-Q4,rbnz-dashboard
CBA Group,CET1 Ratio,,2022-Q4,rbnz-dashboard
CBA Group,Tier 1 Capital Ratio,,2022-Q4,rbnz-dashboard
CBA Group,Total Non-Performing Loans,383.9,2022-Q4,rbnz-dashboard
CBA Group,NPL Ratio,0.3,2022-Q4,rbnz-dashboard
CBA Group,Return on Assets,1.3,2022-Q4,rbnz-dashboard
CBA Group,Return on Equity,15.4,2022-Q4,rbnz-dashboard
CBA Group,NIM,2.5,2022-Q4,rbnz-dashboard
CBA Group,Net Interest Income,790.4,2022-Q4,rbnz-dashboard
CBA Group,Trading and Hedging Gains,36.7,2022-Q4,rbnz-dashboard
CBA Group,Fees and Commission Income,88.2,2022-Q4,rbnz-dashboard
CBA Group,Other Income,6,2022-Q4,rbnz-dashboard
CBA Group,Operating Expenses,289.5,2022-Q4,rbnz-dashboard
CBA Group,Profit After Tax,419.5,2022-Q4,rbnz-dashboard
CBA Group,Total Assets,128426.3,2022-Q4,rbnz-dashboard
CBA Group,Cash Position,9000.3,2022-Q4,rbnz-dashboard
CBA Group,Net Loans and Advances,109854.8,2022-Q4,rbnz-dashboard
CBA Group,Deposits,78924.9,2022-Q4,rbnz-dashboard
CBA Group,Equity,11545.5,2022-Q4,rbnz-dashboard
CBA Group,Core Funding Ratio (CFR),,2022-Q4,rbnz-dashboard
CCB,Total Capital Ratio,16.9,2022-Q4,rbnz-dashboard
CCB,CET1 Ratio,16.7,2022-Q4,rbnz-dashboard
CCB,Tier 1 Capital Ratio,16.7,2022-Q4,rbnz-dashboard
CCB,Total Non-Performing Loans,,2022-Q4,rbnz-dashboard
CCB,NPL Ratio,,2022-Q4,rbnz-dashboard
CCB,Return on Assets,1.1,2022-Q4,rbnz-dashboard
CCB,Return on Equity,10.6,2022-Q4,rbnz-dashboard
CCB,NIM,1.5,2022-Q4,rbnz-dashboard
CCB,Net Interest Income,9.8,2022-Q4,rbnz-dashboard
CCB,Trading and Hedging Gains,-0.3,2022-Q4,rbnz-dashboard
CCB,Fees and Commission Income,3.6,2022-Q4,rbnz-dashboard
CCB,Other Income,0.1,2022-Q4,rbnz-dashboard
CCB,Operating Expenses,2.9,2022-Q4,rbnz-dashboard
CCB,Profit After Tax,7.6,2022-Q4,rbnz-dashboard
CCB,Total Assets,2439.7,2022-Q4,rbnz-dashboard
CCB,Cash Position,427.6,2022-Q4,rbnz-dashboard
CCB,Net Loans and Advances,1803,2022-Q4,rbnz-dashboard
CCB,Deposits,461.4,2022-Q4,rbnz-dashboard
CCB,Equity,287.6,2022-Q4,rbnz-dashboard
CCB,Core Funding Ratio (CFR),91.3,2022-Q4,rbnz-dashboard
CCB Group,Total Capital Ratio,,2022-Q4,rbnz-dashboard
CCB Group,CET1 Ratio,,2022-Q4,rbnz-dashboard
CCB Group,Tier 1 Capital Ratio,,2022-Q4,rbnz-dashboard
CCB Group,Total Non-Performing Loans,,2022-Q4,rbnz-dashboard
CCB Group,NPL Ratio,,2022-Q4,rbnz-dashboard
CCB Group,Return on Assets,1,2022-Q4,rbnz-dashboard
CCB Group,Return on Equity,14.9,2022-Q4,rbnz-dashboard
CCB Group,NIM,1.5,2022-Q4,rbnz-dashboard
CCB Group,Net Interest Income,17.2,2022-Q4,rbnz-dashboard
CCB Group,Trading and Hedging Gains,-0.1,2022-Q4,rbnz-dashboard
CCB Group,Fees and Commission Income,6.5,2022-Q4,rbnz-dashboard
CCB Group,Other Income,0,2022-Q4,rbnz-dashboard
CCB Group,Operating Expenses,4.9,2022-Q4,rbnz-dashboard
CCB Group,Profit After Tax,12,2022-Q4,rbnz-dashboard
CCB Group,Total Assets,4660.9,2022-Q4,rbnz-dashboard
CCB Group,Cash Position,1178,2022-Q4,rbnz-dashboard
CCB Group,Net Loans and Advances,3252.9,2022-Q4,rbnz-dashboard
CCB Group,Deposits,463.3,2022-Q4,rbnz-dashboard
CCB Group,Equity,324.7,2022-Q4,rbnz-dashboard
CCB Group,Core Funding Ratio (CFR),,2022-Q4,rbnz-dashboard
Co-op,Total Capital Ratio,16.7,2022-Q4,rbnz-dashboard
Co-op,CET1 Ratio,14.4,2022-Q4,rbnz-dashboard
Co-op,Tier 1 Capital Ratio,14.4,2022-Q4,rbnz-dashboard
Co-op,Total Non-Performing Loans,8.1,2022-Q4,rbnz-dashboard
Co-op,NPL Ratio,0.3,2022-Q4,rbnz-dashboard
Co-op,Return on Assets,0.6,2022-Q4,rbnz-dashboard
Co-op,Return on Equity,7.2,2022-Q4,rbnz-dashboard
Co-op,NIM,2.6,2022-Q4,rbnz-dashboard
Co-op,Net Interest Income,21.1,2022-Q4,rbnz-dashboard
Co-op,Trading and Hedging Gains,0.2,2022-Q4,rbnz-dashboard
Co-op,Fees and Commission Income,2.7,2022-Q4,rbnz-dashboard
Co-op,Other Income,1.6,2022-Q4,rbnz-dashboard
Co-op,Operating Expenses,18.8,2022-Q4,rbnz-dashboard
Co-op,Profit After Tax,4.8,2022-Q4,rbnz-dashboard
Co-op,Total Assets,3330.5,2022-Q4,rbnz-dashboard
Co-op,Cash Position,47.8,2022-Q4,rbnz-dashboard
Co-op,Net Loans and Advances,2897.1,2022-Q4,rbnz-dashboard
Co-op,Deposits,2815.3,2022-Q4,rbnz-dashboard
Co-op,Equity,266.2,2022-Q4,rbnz-dashboard
Co-op,Core Funding Ratio (CFR),102.8,2022-Q4,rbnz-dashboard
Heartland,Total Capital Ratio,13.1,2022-Q4,rbnz-dashboard
Heartland,CET1 Ratio,13.1,2022-Q4,rbnz-dashboard
Heartland,Tier 1 Capital Ratio,13.1,2022-Q4,rbnz-dashboard
Heartland,Total Non-Performing Loans,128,2022-Q4,rbnz-dashboard
Heartland,NPL Ratio,2.7,2022-Q4,rbnz-dashboard
Heartland,Return on Assets,1.5,2022-Q4,rbnz-dashboard
Heartland,Return on Equity,11.4,2022-Q4,rbnz-dashboard
Heartland,NIM,4.2,2022-Q4,rbnz-dashboard
Heartland,Net Interest Income,55,2022-Q4,rbnz-dashboard
Heartland,Trading and Hedging Gains,-1.5,2022-Q4,rbnz-dashboard
Heartland,Fees and Commission Income,2.5,2022-Q4,rbnz-dashboard
Heartland,Other Income,3.7,2022-Q4,rbnz-dashboard
Heartland,Operating Expenses,26.3,2022-Q4,rbnz-dashboard
Heartland,Profit After Tax,20.4,2022-Q4,rbnz-dashboard
Heartland,Total Assets,5409.3,2022-Q4,rbnz-dashboard
Heartland,Cash Position,296.6,2022-Q4,rbnz-dashboard
Heartland,Net Loans and Advances,4661.2,2022-Q4,rbnz-dashboard
Heartland,Deposits,4077.7,2022-Q4,rbnz-dashboard
Heartland,Equity,723.1,2022-Q4,rbnz-dashboard
Heartland,Core Funding Ratio (CFR),90.4,2022-Q4,rbnz-dashboard
ICBC,Total Capital Ratio,18.3,2022-Q4,rbnz-dashboard
ICBC,CET1 Ratio,17.9,2022-Q4,rbnz-dashboard
ICBC,Tier 1 Capital Ratio,17.9,2022-Q4,rbnz-dashboard
ICBC,Total Non-Performing Loans,1.4,2022-Q4,rbnz-dashboard
ICBC,NPL Ratio,0.1,2022-Q4,rbnz-dashboard
ICBC,Return on Assets,0.9,2022-Q4,rbnz-dashboard
ICBC,Return on Equity,6.3,2022-Q4,rbnz-dashboard
ICBC,NIM,1.8,2022-Q4,rbnz-dashboard
ICBC,Net Interest Income,9.8,2022-Q4,rbnz-dashboard
ICBC,Trading and Hedging Gains,-1.6,2022-Q4,rbnz-dashboard
ICBC,Fees and Commission Income,0.1,2022-Q4,rbnz-dashboard
ICBC,Other Income,2.9,2022-Q4,rbnz-dashboard
ICBC,Operating Expenses,4.8,2022-Q4,rbnz-dashboard
ICBC,Profit After Tax,4.7,2022-Q4,rbnz-dashboard
ICBC,Total Assets,2232.7,2022-Q4,rbnz-dashboard
ICBC,Cash Position,354.1,2022-Q4,rbnz-dashboard
ICBC,Net Loans and Advances,1663.3,2022-Q4,rbnz-dashboard
ICBC,Deposits,830.2,2022-Q4,rbnz-dashboard
ICBC,Equity,298.2,2022-Q4,rbnz-dashboard
ICBC,Core Funding Ratio (CFR),94.6,2022-Q4,rbnz-dashboard
ICBC Group,Total Capital Ratio,,2022-Q4,rbnz-dashboard
ICBC Group,CET1 Ratio,,2022-Q4,rbnz-dashboard
ICBC Group,Tier 1 Capital Ratio,,2022-Q4,rbnz-dashboard
ICBC Group,Total Non-Performing Loans,1.4,2022-Q4,rbnz-dashboard
ICBC Group,NPL Ratio,0,2022-Q4,rbnz-dashboard
ICBC Group,Return on Assets,0.8,2022-Q4,rbnz-dashboard
ICBC Group,Return on Equity,7.3,2022-Q4,rbnz-dashboard
ICBC Group,NIM,2,2022-Q4,rbnz-dashboard
ICBC Group,Net Interest Income,17.9,2022-Q4,rbnz-dashboard
ICBC Group,Trading and Hedging Gains,-1.9,2022-Q4,rbnz-dashboard
ICBC Group,Fees and Commission Income,0.1,2022-Q4,rbnz-dashboard
ICBC Group,Other Income,0,2022-Q4,rbnz-dashboard
ICBC Group,Operating Expenses,4.8,2022-Q4,rbnz-dashboard
ICBC Group,Profit After Tax,7.2,2022-Q4,rbnz-dashboard
ICBC Group,Total Assets,3625.5,2022-Q4,rbnz-dashboard
ICBC Group,Cash Position,416.9,2022-Q4,rbnz-dashboard
ICBC Group,Net Loans and Advances,2985.5,2022-Q4,rbnz-dashboard
ICBC Group,Deposits,626.6,2022-Q4,rbnz-dashboard
ICBC Group,Equity,395,2022-Q4,rbnz-dashboard
ICBC Group,Core Funding Ratio (CFR),,2022-Q4,rbnz-dashboard
Kiwibank,Total Capital Ratio,13.4,2022-Q4,rbnz-dashboard
Kiwibank,CET1 Ratio,10.4,2022-Q4,rbnz-dashboard
Kiwibank,Tier 1 Capital Ratio,11.8,2022-Q4,rbnz-dashboard
Kiwibank,Total Non-Performing Loans,22.2,2022-Q4,rbnz-dashboard
Kiwibank,NPL Ratio,0.1,2022-Q4,rbnz-dashboard
Kiwibank,Return on Assets,0.5,2022-Q4,rbnz-dashboard
Kiwibank,Return on Equity,7.6,2022-Q4,rbnz-dashboard
Kiwibank,NIM,2.5,2022-Q4,rbnz-dashboard
Kiwibank,Net Interest Income,196.8,2022-Q4,rbnz-dashboard
Kiwibank,Trading and Hedging Gains,-0.1,2022-Q4,rbnz-dashboard
Kiwibank,Fees and Commission Income,4.9,2022-Q4,rbnz-dashboard
Kiwibank,Other Income,6.3,2022-Q4,rbnz-dashboard
Kiwibank,Operating Expenses,134.7,2022-Q4,rbnz-dashboard
Kiwibank,Profit After Tax,43.6,2022-Q4,rbnz-dashboard
Kiwibank,Total Assets,33368.3,2022-Q4,rbnz-dashboard
Kiwibank,Cash Position,1561.7,2022-Q4,rbnz-dashboard
Kiwibank,Net Loans and Advances,28898.2,2022-Q4,rbnz-dashboard
Kiwibank,Deposits,25262,2022-Q4,rbnz-dashboard
Kiwibank,Equity,2301,2022-Q4,rbnz-dashboard
Kiwibank,Core Funding Ratio (CFR),92.8,2022-Q4,rbnz-dashboard
Rabo Group,Total Capital Ratio,,2022-Q4,rbnz-dashboard
Rabo Group,CET1 Ratio,,2022-Q4,rbnz-dashboard
Rabo Group,Tier 1 Capital Ratio,,2022-Q4,rbnz-dashboard
Rabo Group,Total Non-Performing Loans,266.1,2022-Q4,rbnz-dashboard
Rabo Group,NPL Ratio,1.7,2022-Q4,rbnz-dashboard
Rabo Group,Return on Assets,1,2022-Q4,rbnz-dashboard
Rabo Group,Return on Equity,7.8,2022-Q4,rbnz-dashboard
Rabo Group,NIM,2.7,2022-Q4,rbnz-dashboard
Rabo Group,Net Interest Income,130.6,2022-Q4,rbnz-dashboard
Rabo Group,Trading and Hedging Gains,-12.6,2022-Q4,rbnz-dashboard
Rabo Group,Fees and Commission Income,0.6,2022-Q4,rbnz-dashboard
Rabo Group,Other Income,6.3,2022-Q4,rbnz-dashboard
Rabo Group,Operating Expenses,53.2,2022-Q4,rbnz-dashboard
Rabo Group,Profit After Tax,49.1,2022-Q4,rbnz-dashboard
Rabo Group,Total Assets,19514,2022-Q4,rbnz-dashboard
Rabo Group,Cash Position,2432,2022-Q4,rbnz-dashboard
Rabo Group,Net Loans and Advances,16074.9,2022-Q4,rbnz-dashboard
Rabo Group,Deposits,5734.7,2022-Q4,rbnz-dashboard
Rabo Group,Equity,2521.5,2022-Q4,rbnz-dashboard
Rabo Group,Core Funding Ratio (CFR),,2022-Q4,rbnz-dashboard
Rabobank,Total Capital Ratio,14.1,2022-Q4,rbnz-dashboard
Rabobank,CET1 Ratio,14.1,2022-Q4,rbnz-dashboard
Rabobank,Tier 1 Capital Ratio,14.1,2022-Q4,rbnz-dashboard
Rabobank,Total Non-Performing Loans,194.3,2022-Q4,rbnz-dashboard
Rabobank,NPL Ratio,1.5,2022-Q4,rbnz-dashboard
Rabobank,Return on Assets,1,2022-Q4,rbnz-dashboard
Rabobank,Return on Equity,7.6,2022-Q4,rbnz-dashboard
Rabobank,NIM,2.7,2022-Q4,rbnz-dashboard
Rabobank,Net Interest Income,101.7,2022-Q4,rbnz-dashboard
Rabobank,Trading and Hedging Gains,-2.7,2022-Q4,rbnz-dashboard
Rabobank,Fees and Commission Income,0.2,2022-Q4,rbnz-dashboard
Rabobank,Other Income,0.2,2022-Q4,rbnz-dashboard
Rabobank,Operating Expenses,42.5,2022-Q4,rbnz-dashboard
Rabobank,Profit After Tax,38.8,2022-Q4,rbnz-dashboard
Rabobank,Total Assets,15037.4,2022-Q4,rbnz-dashboard
Rabobank,Cash Position,1596.8,2022-Q4,rbnz-dashboard
Rabobank,Net Loans and Advances,12751.2,2022-Q4,rbnz-dashboard
Rabobank,Deposits,5569.3,2022-Q4,rbnz-dashboard
Rabobank,Equity,2041.4,2022-Q4,rbnz-dashboard
Rabobank,Core Funding Ratio (CFR),83,2022-Q4,rbnz-dashboard
SBS,Total Capital Ratio,13.9,2022-Q4,rbnz-dashboard
SBS,CET1 Ratio,12.2,2022-Q4,rbnz-dashboard
SBS,Tier 1 Capital Ratio,12.2,2022-Q4,rbnz-dashboard
SBS,Total Non-Performing Loans,10.5,2022-Q4,rbnz-dashboard
SBS,NPL Ratio,0.2,2022-Q4,rbnz-dashboard
SBS,Return on Assets,0.8,2022-Q4,rbnz-dashboard
SBS,Return on Equity,8.5,2022-Q4,rbnz-dashboard
SBS,NIM,2.7,2022-Q4,rbnz-dashboard
SBS,Net Interest Income,36.9,2022-Q4,rbnz-dashboard
SBS,Trading and Hedging Gains,0.1,2022-Q4,rbnz-dashboard
SBS,Fees and Commission Income,6.6,2022-Q4,rbnz-dashboard
SBS,Other Income,1.6,2022-Q4,rbnz-dashboard
SBS,Operating Expenses,27.7,2022-Q4,rbnz-dashboard
SBS,Profit After Tax,10.8,2022-Q4,rbnz-dashboard
SBS,Total Assets,5770.8,2022-Q4,rbnz-dashboard
SBS,Cash Position,70.3,2022-Q4,rbnz-dashboard
SBS,Net Loans and Advances,4913.9,2022-Q4,rbnz-dashboard
SBS,Deposits,3888.3,2022-Q4,rbnz-dashboard
SBS,Equity,509,2022-Q4,rbnz-dashboard
SBS,Core Funding Ratio (CFR),96.3,2022-Q4,rbnz-dashboard
TSB,Total Capital Ratio,13.1,2022-Q4,rbnz-dashboard
TSB,CET1 Ratio,13.1,2022-Q4,rbnz-dashboard
TSB,Tier 1 Capital Ratio,13.1,2022-Q4,rbnz-dashboard
TSB,Total Non-Performing Loans,9.7,2022-Q4,rbnz-dashboard
TSB,NPL Ratio,0.1,2022-Q4,rbnz-dashboard
TSB,Return on Assets,0.4,2022-Q4,rbnz-dashboard
TSB,Return on Equity,5.3,2022-Q4,rbnz-dashboard
TSB,NIM,2.2,2022-Q4,rbnz-dashboard
TSB,Net Interest Income,48.9,2022-Q4,rbnz-dashboard
TSB,Trading and Hedging Gains,1.7,2022-Q4,rbnz-dashboard
TSB,Fees and Commission Income,3,2022-Q4,rbnz-dashboard
TSB,Other Income,0.9,2022-Q4,rbnz-dashboard
TSB,Operating Expenses,43.8,2022-Q4,rbnz-dashboard
TSB,Profit After Tax,9.9,2022-Q4,rbnz-dashboard
TSB,Total Assets,9123.5,2022-Q4,rbnz-dashboard
TSB,Cash Position,504,2022-Q4,rbnz-dashboard
TSB,Net Loans and Advances,7009.5,2022-Q4,rbnz-dashboard
TSB,Deposits,8247,2022-Q4,rbnz-dashboard
TSB,Equity,745.1,2022-Q4,rbnz-dashboard
TSB,Core Funding Ratio (CFR),115.6,2022-Q4,rbnz-dashboard
WBC Group,Total Capital Ratio,,2022-Q4,rbnz-dashboard
WBC Group,CET1 Ratio,,2022-Q4,rbnz-dashboard
WBC Group,Tier 1 Capital Ratio,,2022-Q4,rbnz-dashboard
WBC Group,Total Non-Performing Loans,314.6,2022-Q4,rbnz-dashboard
WBC Group,NPL Ratio,0.3,2022-Q4,rbnz-dashboard
WBC Group,Return on Assets,0.9,2022-Q4,rbnz-dashboard
WBC Group,Return on Equity,11.7,2022-Q4,rbnz-dashboard
WBC Group,NIM,2.3,2022-Q4,rbnz-dashboard
WBC Group,Net Interest Income,714.3,2022-Q4,rbnz-dashboard
WBC Group,Trading and Hedging Gains,2.5,2022-Q4,rbnz-dashboard
WBC Group,Fees and Commission Income,51.6,2022-Q4,rbnz-dashboard
WBC Group,Other Income,0.8,2022-Q4,rbnz-dashboard
WBC Group,Operating Expenses,317.6,2022-Q4,rbnz-dashboard
WBC Group,Profit After Tax,307,2022-Q4,rbnz-dashboard
WBC Group,Total Assets,134315.4,2022-Q4,rbnz-dashboard
WBC Group,Cash Position,16237.3,2022-Q4,rbnz-dashboard
WBC Group,Net Loans and Advances,97904.7,2022-Q4,rbnz-dashboard
WBC Group,Deposits,80627.6,2022-Q4,rbnz-dashboard
WBC Group,Equity,10581.7,2022-Q4,rbnz-dashboard
WBC Group,Core Funding Ratio (CFR),,2022-Q4,rbnz-dashboard
Westpac,Total Capital Ratio,14.2,2022-Q4,rbnz-dashboard
Westpac,CET1 Ratio,11.4,2022-Q4,rbnz-dashboard
Westpac,Tier 1 Capital Ratio,13.3,2022-Q4,rbnz-dashboard
Westpac,Total Non-Performing Loans,314.6,2022-Q4,rbnz-dashboard
Westpac,NPL Ratio,0.3,2022-Q4,rbnz-dashboard
Westpac,Return on Assets,0.9,2022-Q4,rbnz-dashboard
Westpac,Return on Equity,12.5,2022-Q4,rbnz-dashboard
Westpac,NIM,2.2,2022-Q4,rbnz-dashboard
Westpac,Net Interest Income,665.8,2022-Q4,rbnz-dashboard
Westpac,Trading and Hedging Gains,-0.3,2022-Q4,rbnz-dashboard
Westpac,Fees and Commission Income,53.6,2022-Q4,rbnz-dashboard
Westpac,Other Income,1,2022-Q4,rbnz-dashboard
Westpac,Operating Expenses,303,2022-Q4,rbnz-dashboard
Westpac,Profit After Tax,281.3,2022-Q4,rbnz-dashboard
Westpac,Total Assets,122361.4,2022-Q4,rbnz-dashboard
Westpac,Cash Position,13334.3,2022-Q4,rbnz-dashboard
Westpac,Net Loans and Advances,97445.9,2022-Q4,rbnz-dashboard
Westpac,Deposits,80507.2,2022-Q4,rbnz-dashboard
Westpac,Equity,9038,2022-Q4,rbnz-dashboard
Westpac,Core Funding Ratio (CFR),88.6,2022-Q4,rbnz-dashboard
ANZ,Total Capital Ratio,15.2,2023-Q1,rbnz-dashboard
ANZ,CET1 Ratio,12.2,2023-Q1,rbnz-dashboard
ANZ,Tier 1 Capital Ratio,13.8,2023-Q1,rbnz-dashboard
ANZ,Total Non-Performing Loans,647.2,2023-Q1,rbnz-dashboard
ANZ,NPL Ratio,0.4,2023-Q1,rbnz-dashboard
ANZ,Return on Assets,1,2023-Q1,rbnz-dashboard
ANZ,Return on Equity,10.9,2023-Q1,rbnz-dashboard
ANZ,NIM,2.4,2023-Q1,rbnz-dashboard
ANZ,Net Interest Income,1062.4,2023-Q1,rbnz-dashboard
ANZ,Trading and Hedging Gains,-2.7,2023-Q1,rbnz-dashboard
ANZ,Fees and Commission Income,120.1,2023-Q1,rbnz-dashboard
ANZ,Other Income,1.6,2023-Q1,rbnz-dashboard
ANZ,Operating Expenses,396.5,2023-Q1,rbnz-dashboard
ANZ,Profit After Tax,493.9,2023-Q1,rbnz-dashboard
ANZ,Total Assets,188995.4,2023-Q1,rbnz-dashboard
ANZ,Cash Position,11713.6,2023-Q1,rbnz-dashboard
ANZ,Net Loans and Advances,147153.7,2023-Q1,rbnz-dashboard
ANZ,Deposits,130298.2,2023-Q1,rbnz-dashboard
ANZ,Equity,17880.1,2023-Q1,rbnz-dashboard
ANZ,Core Funding Ratio (CFR),91.4,2023-Q1,rbnz-dashboard
ANZ Group,Total Capital Ratio,,2023-Q1,rbnz-dashboard
ANZ Group,CET1 Ratio,,2023-Q1,rbnz-dashboard
ANZ Group,Tier 1 Capital Ratio,,2023-Q1,rbnz-dashboard
ANZ Group,Total Non-Performing Loans,649.7,2023-Q1,rbnz-dashboard
ANZ Group,NPL Ratio,0.4,2023-Q1,rbnz-dashboard
ANZ Group,Return on Assets,1,2023-Q1,rbnz-dashboard
ANZ Group,Return on Equity,12,2023-Q1,rbnz-dashboard
ANZ Group,NIM,2.4,2023-Q1,rbnz-dashboard
ANZ Group,Net Interest Income,1054.3,2023-Q1,rbnz-dashboard
ANZ Group,Trading and Hedging Gains,-0.6,2023-Q1,rbnz-dashboard
ANZ Group,Fees and Commission Income,120.1,2023-Q1,rbnz-dashboard
ANZ Group,Other Income,3.6,2023-Q1,rbnz-dashboard
ANZ Group,Operating Expenses,396.8,2023-Q1,rbnz-dashboard
ANZ Group,Profit After Tax,491.2,2023-Q1,rbnz-dashboard
ANZ Group,Total Assets,189253,2023-Q1,rbnz-dashboard
ANZ Group,Cash Position,11713.6,2023-Q1,rbnz-dashboard
ANZ Group,Net Loans and Advances,147422.5,2023-Q1,rbnz-dashboard
ANZ Group,Deposits,130298.2,2023-Q1,rbnz-dashboard
ANZ Group,Equity,16131.5,2023-Q1,rbnz-dashboard
ANZ Group,Core Funding Ratio (CFR),,2023-Q1,rbnz-dashboard
ASB,Total Capital Ratio,15.7,2023-Q1,rbnz-dashboard
ASB,CET1 Ratio,14.3,2023-Q1,rbnz-dashboard
ASB,Tier 1 Capital Ratio,14.3,2023-Q1,rbnz-dashboard
ASB,Total Non-Performing Loans,472.9,2023-Q1,rbnz-dashboard
ASB,NPL Ratio,0.4,2023-Q1,rbnz-dashboard
ASB,Return on Assets,1.2,2023-Q1,rbnz-dashboard
ASB,Return on Equity,13.9,2023-Q1,rbnz-dashboard
ASB,NIM,2.5,2023-Q1,rbnz-dashboard
ASB,Net Interest Income,745.7,2023-Q1,rbnz-dashboard
ASB,Trading and Hedging Gains,-13.5,2023-Q1,rbnz-dashboard
ASB,Fees and Commission Income,92.4,2023-Q1,rbnz-dashboard
ASB,Other Income,0,2023-Q1,rbnz-dashboard
ASB,Operating Expenses,310.2,2023-Q1,rbnz-dashboard
ASB,Profit After Tax,359.1,2023-Q1,rbnz-dashboard
ASB,Total Assets,125614.1,2023-Q1,rbnz-dashboard
ASB,Cash Position,7704.7,2023-Q1,rbnz-dashboard
ASB,Net Loans and Advances,107491.5,2023-Q1,rbnz-dashboard
ASB,Deposits,78761.7,2023-Q1,rbnz-dashboard
ASB,Equity,10631.5,2023-Q1,rbnz-dashboard
ASB,Core Funding Ratio (CFR),89.7,2023-Q1,rbnz-dashboard
BNZ,Total Capital Ratio,15.7,2023-Q1,rbnz-dashboard
BNZ,CET1 Ratio,13.3,2023-Q1,rbnz-dashboard
BNZ,Tier 1 Capital Ratio,14.1,2023-Q1,rbnz-dashboard
BNZ,Total Non-Performing Loans,438.1,2023-Q1,rbnz-dashboard
BNZ,NPL Ratio,0.4,2023-Q1,rbnz-dashboard
BNZ,Return on Assets,1.2,2023-Q1,rbnz-dashboard
BNZ,Return on Equity,13.8,2023-Q1,rbnz-dashboard
BNZ,NIM,2.4,2023-Q1,rbnz-dashboard
BNZ,Net Interest Income,712.2,2023-Q1,rbnz-dashboard
BNZ,Trading and Hedging Gains,58.5,2023-Q1,rbnz-dashboard
BNZ,Fees and Commission Income,98.2,2023-Q1,rbnz-dashboard
BNZ,Other Income,-0.1,2023-Q1,rbnz-dashboard
BNZ,Operating Expenses,277,2023-Q1,rbnz-dashboard
BNZ,Profit After Tax,381,2023-Q1,rbnz-dashboard
BNZ,Total Assets,126459.8,2023-Q1,rbnz-dashboard
BNZ,Cash Position,10377.5,2023-Q1,rbnz-dashboard
BNZ,Net Loans and Advances,101136.6,2023-Q1,rbnz-dashboard
BNZ,Deposits,76838,2023-Q1,rbnz-dashboard
BNZ,Equity,11339.8,2023-Q1,rbnz-dashboard
BNZ,Core Funding Ratio (CFR),89.4,2023-Q1,rbnz-dashboard
BOB,Total Capital Ratio,61.2,2023-Q1,rbnz-dashboard
BOB,CET1 Ratio,61.2,2023-Q1,rbnz-dashboard
BOB,Tier 1 Capital Ratio,61.2,2023-Q1,rbnz-dashboard
BOB,Total Non-Performing Loans,2.1,2023-Q1,rbnz-dashboard
BOB,NPL Ratio,1.8,2023-Q1,rbnz-dashboard
BOB,Return on Assets,1.8,2023-Q1,rbnz-dashboard
BOB,Return on Equity,4.9,2023-Q1,rbnz-dashboard
BOB,NIM,4.2,2023-Q1,rbnz-dashboard
BOB,Net Interest Income,1.4,2023-Q1,rbnz-dashboard
BOB,Trading and Hedging Gains,0.1,2023-Q1,rbnz-dashboard
BOB,Fees and Commission Income,0.1,2023-Q1,rbnz-dashboard
BOB,Other Income,0,2023-Q1,rbnz-dashboard
BOB,Operating Expenses,0.8,2023-Q1,rbnz-dashboard
BOB,Profit After Tax,0.6,2023-Q1,rbnz-dashboard
BOB,Total Assets,138.4,2023-Q1,rbnz-dashboard
BOB,Cash Position,19.9,2023-Q1,rbnz-dashboard
BOB,Net Loans and Advances,117.1,2023-Q1,rbnz-dashboard
BOB,Deposits,84.4,2023-Q1,rbnz-dashboard
BOB,Equity,51.9,2023-Q1,rbnz-dashboard
BOB,Core Funding Ratio (CFR),109.1,2023-Q1,rbnz-dashboard
BOC,Total Capital Ratio,19.8,2023-Q1,rbnz-dashboard
BOC,CET1 Ratio,19.8,2023-Q1,rbnz-dashboard
BOC,Tier 1 Capital Ratio,19.8,2023-Q1,rbnz-dashboard
BOC,Total Non-Performing Loans,5.2,2023-Q1,rbnz-dashboard
BOC,NPL Ratio,0.2,2023-Q1,rbnz-dashboard
BOC,Return on Assets,0.5,2023-Q1,rbnz-dashboard
BOC,Return on Equity,6.2,2023-Q1,rbnz-dashboard
BOC,NIM,0.7,2023-Q1,rbnz-dashboard
BOC,Net Interest Income,6.4,2023-Q1,rbnz-dashboard
BOC,Trading and Hedging Gains,1.1,2023-Q1,rbnz-dashboard
BOC,Fees and Commission Income,5.3,2023-Q1,rbnz-dashboard
BOC,Other Income,0,2023-Q1,rbnz-dashboard
BOC,Operating Expenses,6.5,2023-Q1,rbnz-dashboard
BOC,Profit After Tax,4.5,2023-Q1,rbnz-dashboard
BOC,Total Assets,3428.5,2023-Q1,rbnz-dashboard
BOC,Cash Position,745.2,2023-Q1,rbnz-dashboard
BOC,Net Loans and Advances,2381.3,2023-Q1,rbnz-dashboard
BOC,Deposits,1626.3,2023-Q1,rbnz-dashboard
BOC,Equity,298.1,2023-Q1,rbnz-dashboard
BOC,Core Funding Ratio (CFR),88.6,2023-Q1,rbnz-dashboard
BOC Group,Total Capital Ratio,,2023-Q1,rbnz-dashboard
BOC Group,CET1 Ratio,,2023-Q1,rbnz-dashboard
BOC Group,Tier 1 Capital Ratio,,2023-Q1,rbnz-dashboard
BOC Group,Total Non-Performing Loans,5.2,2023-Q1,rbnz-dashboard
BOC Group,NPL Ratio,0.1,2023-Q1,rbnz-dashboard
BOC Group,Return on Assets,0.7,2023-Q1,rbnz-dashboard
BOC Group,Return on Equity,14,2023-Q1,rbnz-dashboard
BOC Group,NIM,1.3,2023-Q1,rbnz-dashboard
BOC Group,Net Interest Income,20.3,2023-Q1,rbnz-dashboard
BOC Group,Trading and Hedging Gains,1.2,2023-Q1,rbnz-dashboard
BOC Group,Fees and Commission Income,0.7,2023-Q1,rbnz-dashboard
BOC Group,Other Income,0,2023-Q1,rbnz-dashboard
BOC Group,Operating Expenses,6.4,2023-Q1,rbnz-dashboard
BOC Group,Profit After Tax,11.6,2023-Q1,rbnz-dashboard
BOC Group,Total Assets,6247.8,2023-Q1,rbnz-dashboard
BOC Group,Cash Position,785.9,2023-Q1,rbnz-dashboard
BOC Group,Net Loans and Advances,5128.8,2023-Q1,rbnz-dashboard
BOC Group,Deposits,1700.2,2023-Q1,rbnz-dashboard
BOC Group,Equity,341.4,2023-Q1,rbnz-dashboard
BOC Group,Core Funding Ratio (CFR),,2023-Q1,rbnz-dashboard
BOI,Total Capital Ratio,45.5,2023-Q1,rbnz-dashboard
BOI,CET1 Ratio,45.5,2023-Q1,rbnz-dashboard
BOI,Tier 1 Capital Ratio,45.5,2023-Q1,rbnz-dashboard
BOI,Total Non-Performing Loans,,2023-Q1,rbnz-dashboard
BOI,NPL Ratio,,2023-Q1,rbnz-dashboard
BOI,Return on Assets,2.2,2023-Q1,rbnz-dashboard
BOI,Return on Equity,5.6,2023-Q1,rbnz-dashboard
BOI,NIM,4.7,2023-Q1,rbnz-dashboard
BOI,Net Interest Income,1.7,2023-Q1,rbnz-dashboard
BOI,Trading and Hedging Gains,0.1,2023-Q1,rbnz-dashboard
BOI,Fees and Commission Income,0,2023-Q1,rbnz-dashboard
BOI,Other Income,0,2023-Q1,rbnz-dashboard
BOI,Operating Expenses,0.6,2023-Q1,rbnz-dashboard
BOI,Profit After Tax,0.8,2023-Q1,rbnz-dashboard
BOI,Total Assets,152.9,2023-Q1,rbnz-dashboard
BOI,Cash Position,20.2,2023-Q1,rbnz-dashboard
BOI,Net Loans and Advances,130.9,2023-Q1,rbnz-dashboard
BOI,Deposits,81.9,2023-Q1,rbnz-dashboard
BOI,Equity,60.9,2023-Q1,rbnz-dashboard
BOI,Core Funding Ratio (CFR),94.1,2023-Q1,rbnz-dashboard
CBA Group,Total Capital Ratio,,2023-Q1,rbnz-dashboard
CBA Group,CET1 Ratio,,2023-Q1,rbnz-dashboard
CBA Group,Tier 1 Capital Ratio,,2023-Q1,rbnz-dashboard
CBA Group,Total Non-Performing Loans,472.9,2023-Q1,rbnz-dashboard
CBA Group,NPL Ratio,0.4,2023-Q1,rbnz-dashboard
CBA Group,Return on Assets,1.2,2023-Q1,rbnz-dashboard
CBA Group,Return on Equity,13.3,2023-Q1,rbnz-dashboard
CBA Group,NIM,2.5,2023-Q1,rbnz-dashboard
CBA Group,Net Interest Income,768.2,2023-Q1,rbnz-dashboard
CBA Group,Trading and Hedging Gains,-3.4,2023-Q1,rbnz-dashboard
CBA Group,Fees and Commission Income,92.4,2023-Q1,rbnz-dashboard
CBA Group,Other Income,0.1,2023-Q1,rbnz-dashboard
CBA Group,Operating Expenses,313.9,2023-Q1,rbnz-dashboard
CBA Group,Profit After Tax,383,2023-Q1,rbnz-dashboard
CBA Group,Total Assets,128191.2,2023-Q1,rbnz-dashboard
CBA Group,Cash Position,7708.7,2023-Q1,rbnz-dashboard
CBA Group,Net Loans and Advances,109672.4,2023-Q1,rbnz-dashboard
CBA Group,Deposits,78743.5,2023-Q1,rbnz-dashboard
CBA Group,Equity,11807.8,2023-Q1,rbnz-dashboard
CBA Group,Core Funding Ratio (CFR),,2023-Q1,rbnz-dashboard
CCB,Total Capital Ratio,17.5,2023-Q1,rbnz-dashboard
CCB,CET1 Ratio,17.3,2023-Q1,rbnz-dashboard
CCB,Tier 1 Capital Ratio,17.3,2023-Q1,rbnz-dashboard
CCB,Total Non-Performing Loans,,2023-Q1,rbnz-dashboard
CCB,NPL Ratio,,2023-Q1,rbnz-dashboard
CCB,Return on Assets,1,2023-Q1,rbnz-dashboard
CCB,Return on Equity,8.5,2023-Q1,rbnz-dashboard
CCB,NIM,1.8,2023-Q1,rbnz-dashboard
CCB,Net Interest Income,10.6,2023-Q1,rbnz-dashboard
CCB,Trading and Hedging Gains,-1.2,2023-Q1,rbnz-dashboard
CCB,Fees and Commission Income,0.9,2023-Q1,rbnz-dashboard
CCB,Other Income,0.1,2023-Q1,rbnz-dashboard
CCB,Operating Expenses,3,2023-Q1,rbnz-dashboard
CCB,Profit After Tax,6.1,2023-Q1,rbnz-dashboard
CCB,Total Assets,2392.6,2023-Q1,rbnz-dashboard
CCB,Cash Position,298,2023-Q1,rbnz-dashboard
CCB,Net Loans and Advances,1789.7,2023-Q1,rbnz-dashboard
CCB,Deposits,431,2023-Q1,rbnz-dashboard
CCB,Equity,294.1,2023-Q1,rbnz-dashboard
CCB,Core Funding Ratio (CFR),91.8,2023-Q1,rbnz-dashboard
CCB Group,Total Capital Ratio,,2023-Q1,rbnz-dashboard
CCB Group,CET1 Ratio,,2023-Q1,rbnz-dashboard
CCB Group,Tier 1 Capital Ratio,,2023-Q1,rbnz-dashboard
CCB Group,Total Non-Performing Loans,,2023-Q1,rbnz-dashboard
CCB Group,NPL Ratio,,2023-Q1,rbnz-dashboard
CCB Group,Return on Assets,1.2,2023-Q1,rbnz-dashboard
CCB Group,Return on Equity,15.2,2023-Q1,rbnz-dashboard
CCB Group,NIM,1.9,2023-Q1,rbnz-dashboard
CCB Group,Net Interest Income,20.6,2023-Q1,rbnz-dashboard
CCB Group,Trading and Hedging Gains,-3.6,2023-Q1,rbnz-dashboard
CCB Group,Fees and Commission Income,2.4,2023-Q1,rbnz-dashboard
CCB Group,Other Income,0,2023-Q1,rbnz-dashboard
CCB Group,Operating Expenses,5,2023-Q1,rbnz-dashboard
CCB Group,Profit After Tax,12.4,2023-Q1,rbnz-dashboard
CCB Group,Total Assets,4245.2,2023-Q1,rbnz-dashboard
CCB Group,Cash Position,775.4,2023-Q1,rbnz-dashboard
CCB Group,Net Loans and Advances,3151.4,2023-Q1,rbnz-dashboard
CCB Group,Deposits,432.5,2023-Q1,rbnz-dashboard
CCB Group,Equity,338.5,2023-Q1,rbnz-dashboard
CCB Group,Core Funding Ratio (CFR),,2023-Q1,rbnz-dashboard
Co-op,Total Capital Ratio,16.6,2023-Q1,rbnz-dashboard
Co-op,CET1 Ratio,14.3,2023-Q1,rbnz-dashboard
Co-op,Tier 1 Capital Ratio,14.3,2023-Q1,rbnz-dashboard
Co-op,Total Non-Performing Loans,11.9,2023-Q1,rbnz-dashboard
Co-op,NPL Ratio,0.4,2023-Q1,rbnz-dashboard
Co-op,Return on Assets,-0.4,2023-Q1,rbnz-dashboard
Co-op,Return on Equity,-4.7,2023-Q1,rbnz-dashboard
Co-op,NIM,2.6,2023-Q1,rbnz-dashboard
Co-op,Net Interest Income,20.7,2023-Q1,rbnz-dashboard
Co-op,Trading and Hedging Gains,-7.3,2023-Q1,rbnz-dashboard
Co-op,Fees and Commission Income,3.6,2023-Q1,rbnz-dashboard
Co-op,Other Income,1.4,2023-Q1,rbnz-dashboard
Co-op,Operating Expenses,22.2,2023-Q1,rbnz-dashboard
Co-op,Profit After Tax,-3.1,2023-Q1,rbnz-dashboard
Co-op,Total Assets,3343.5,2023-Q1,rbnz-dashboard
Co-op,Cash Position,39.5,2023-Q1,rbnz-dashboard
Co-op,Net Loans and Advances,2889.4,2023-Q1,rbnz-dashboard
Co-op,Deposits,2834.2,2023-Q1,rbnz-dashboard
Co-op,Equity,263,2023-Q1,rbnz-dashboard
Co-op,Core Funding Ratio (CFR),100.3,2023-Q1,rbnz-dashboard
Heartland,Total Capital Ratio,12.6,2023-Q1,rbnz-dashboard
Heartland,CET1 Ratio,12.6,2023-Q1,rbnz-dashboard
Heartland,Tier 1 Capital Ratio,12.6,2023-Q1,rbnz-dashboard
Heartland,Total Non-Performing Loans,138,2023-Q1,rbnz-dashboard
Heartland,NPL Ratio,2.8,2023-Q1,rbnz-dashboard
Heartland,Return on Assets,1.3,2023-Q1,rbnz-dashboard
Heartland,Return on Equity,9.9,2023-Q1,rbnz-dashboard
Heartland,NIM,4.1,2023-Q1,rbnz-dashboard
Heartland,Net Interest Income,53,2023-Q1,rbnz-dashboard
Heartland,Trading and Hedging Gains,-2.8,2023-Q1,rbnz-dashboard
Heartland,Fees and Commission Income,1.9,2023-Q1,rbnz-dashboard
Heartland,Other Income,3,2023-Q1,rbnz-dashboard
Heartland,Operating Expenses,24.1,2023-Q1,rbnz-dashboard
Heartland,Profit After Tax,17.6,2023-Q1,rbnz-dashboard
Heartland,Total Assets,5476,2023-Q1,rbnz-dashboard
Heartland,Cash Position,239.6,2023-Q1,rbnz-dashboard
Heartland,Net Loans and Advances,4796,2023-Q1,rbnz-dashboard
Heartland,Deposits,4059.5,2023-Q1,rbnz-dashboard
Heartland,Equity,705.8,2023-Q1,rbnz-dashboard
Heartland,Core Funding Ratio (CFR),90.2,2023-Q1,rbnz-dashboard
ICBC,Total Capital Ratio,19,2023-Q1,rbnz-dashboard
ICBC,CET1 Ratio,19,2023-Q1,rbnz-dashboard
ICBC,Tier 1 Capital Ratio,19,2023-Q1,rbnz-dashboard
ICBC,Total Non-Performing Loans,2.5,2023-Q1,rbnz-dashboard
ICBC,NPL Ratio,0.2,2023-Q1,rbnz-dashboard
ICBC,Return on Assets,1.1,2023-Q1,rbnz-dashboard
ICBC,Return on Equity,8,2023-Q1,rbnz-dashboard
ICBC,NIM,1.5,2023-Q1,rbnz-dashboard
ICBC,Net Interest Income,8.4,2023-Q1,rbnz-dashboard
ICBC,Trading and Hedging Gains,2,2023-Q1,rbnz-dashboard
ICBC,Fees and Commission Income,0.3,2023-Q1,rbnz-dashboard
ICBC,Other Income,2.8,2023-Q1,rbnz-dashboard
ICBC,Operating Expenses,5.7,2023-Q1,rbnz-dashboard
ICBC,Profit After Tax,6,2023-Q1,rbnz-dashboard
ICBC,Total Assets,2321.6,2023-Q1,rbnz-dashboard
ICBC,Cash Position,485.8,2023-Q1,rbnz-dashboard
ICBC,Net Loans and Advances,1592,2023-Q1,rbnz-dashboard
ICBC,Deposits,916.2,2023-Q1,rbnz-dashboard
ICBC,Equity,304.2,2023-Q1,rbnz-dashboard
ICBC,Core Funding Ratio (CFR),94.9,2023-Q1,rbnz-dashboard
ICBC Group,Total Capital Ratio,,2023-Q1,rbnz-dashboard
ICBC Group,CET1 Ratio,,2023-Q1,rbnz-dashboard
ICBC Group,Tier 1 Capital Ratio,,2023-Q1,rbnz-dashboard
ICBC Group,Total Non-Performing Loans,2.5,2023-Q1,rbnz-dashboard
ICBC Group,NPL Ratio,0.1,2023-Q1,rbnz-dashboard
ICBC Group,Return on Assets,1,2023-Q1,rbnz-dashboard
ICBC Group,Return on Equity,9.4,2023-Q1,rbnz-dashboard
ICBC Group,NIM,1.8,2023-Q1,rbnz-dashboard
ICBC Group,Net Interest Income,16.5,2023-Q1,rbnz-dashboard
ICBC Group,Trading and Hedging Gains,2.1,2023-Q1,rbnz-dashboard
ICBC Group,Fees and Commission Income,0.3,2023-Q1,rbnz-dashboard
ICBC Group,Other Income,0,2023-Q1,rbnz-dashboard
ICBC Group,Operating Expenses,5.9,2023-Q1,rbnz-dashboard
ICBC Group,Profit After Tax,9.3,2023-Q1,rbnz-dashboard
ICBC Group,Total Assets,3731.7,2023-Q1,rbnz-dashboard
ICBC Group,Cash Position,529.5,2023-Q1,rbnz-dashboard
ICBC Group,Net Loans and Advances,2947.1,2023-Q1,rbnz-dashboard
ICBC Group,Deposits,677.3,2023-Q1,rbnz-dashboard
ICBC Group,Equity,404.4,2023-Q1,rbnz-dashboard
ICBC Group,Core Funding Ratio (CFR),,2023-Q1,rbnz-dashboard
Kiwibank,Total Capital Ratio,13.4,2023-Q1,rbnz-dashboard
Kiwibank,CET1 Ratio,10.4,2023-Q1,rbnz-dashboard
Kiwibank,Tier 1 Capital Ratio,11.8,2023-Q1,rbnz-dashboard
Kiwibank,Total Non-Performing Loans,30.3,2023-Q1,rbnz-dashboard
Kiwibank,NPL Ratio,0.1,2023-Q1,rbnz-dashboard
Kiwibank,Return on Assets,0.5,2023-Q1,rbnz-dashboard
Kiwibank,Return on Equity,7.2,2023-Q1,rbnz-dashboard
Kiwibank,NIM,2.5,2023-Q1,rbnz-dashboard
Kiwibank,Net Interest Income,202,2023-Q1,rbnz-dashboard
Kiwibank,Trading and Hedging Gains,-10.7,2023-Q1,rbnz-dashboard
Kiwibank,Fees and Commission Income,2.1,2023-Q1,rbnz-dashboard
Kiwibank,Other Income,0.1,2023-Q1,rbnz-dashboard
Kiwibank,Operating Expenses,126.3,2023-Q1,rbnz-dashboard
Kiwibank,Profit After Tax,40.8,2023-Q1,rbnz-dashboard
Kiwibank,Total Assets,33505.4,2023-Q1,rbnz-dashboard
Kiwibank,Cash Position,1141.1,2023-Q1,rbnz-dashboard
Kiwibank,Net Loans and Advances,29257.9,2023-Q1,rbnz-dashboard
Kiwibank,Deposits,25372.6,2023-Q1,rbnz-dashboard
Kiwibank,Equity,2296.5,2023-Q1,rbnz-dashboard
Kiwibank,Core Funding Ratio (CFR),91.6,2023-Q1,rbnz-dashboard
Rabo Group,Total Capital Ratio,,2023-Q1,rbnz-dashboard
Rabo Group,CET1 Ratio,,2023-Q1,rbnz-dashboard
Rabo Group,Tier 1 Capital Ratio,,2023-Q1,rbnz-dashboard
Rabo Group,Total Non-Performing Loans,255.9,2023-Q1,rbnz-dashboard
Rabo Group,NPL Ratio,1.6,2023-Q1,rbnz-dashboard
Rabo Group,Return on Assets,1.1,2023-Q1,rbnz-dashboard
Rabo Group,Return on Equity,8.4,2023-Q1,rbnz-dashboard
Rabo Group,NIM,2.7,2023-Q1,rbnz-dashboard
Rabo Group,Net Interest Income,128.2,2023-Q1,rbnz-dashboard
Rabo Group,Trading and Hedging Gains,-6.1,2023-Q1,rbnz-dashboard
Rabo Group,Fees and Commission Income,0.6,2023-Q1,rbnz-dashboard
Rabo Group,Other Income,4.5,2023-Q1,rbnz-dashboard
Rabo Group,Operating Expenses,52.1,2023-Q1,rbnz-dashboard
Rabo Group,Profit After Tax,52.6,2023-Q1,rbnz-dashboard
Rabo Group,Total Assets,19290.1,2023-Q1,rbnz-dashboard
Rabo Group,Cash Position,2475.4,2023-Q1,rbnz-dashboard
Rabo Group,Net Loans and Advances,15990.9,2023-Q1,rbnz-dashboard
Rabo Group,Deposits,5942.2,2023-Q1,rbnz-dashboard
Rabo Group,Equity,2575.3,2023-Q1,rbnz-dashboard
Rabo Group,Core Funding Ratio (CFR),,2023-Q1,rbnz-dashboard
Rabobank,Total Capital Ratio,14.3,2023-Q1,rbnz-dashboard
Rabobank,CET1 Ratio,14.3,2023-Q1,rbnz-dashboard
Rabobank,Tier 1 Capital Ratio,14.3,2023-Q1,rbnz-dashboard
Rabobank,Total Non-Performing Loans,187.3,2023-Q1,rbnz-dashboard
Rabobank,NPL Ratio,1.5,2023-Q1,rbnz-dashboard
Rabobank,Return on Assets,1.2,2023-Q1,rbnz-dashboard
Rabobank,Return on Equity,8.8,2023-Q1,rbnz-dashboard
Rabobank,NIM,2.8,2023-Q1,rbnz-dashboard
Rabobank,Net Interest Income,103.8,2023-Q1,rbnz-dashboard
Rabobank,Trading and Hedging Gains,0.5,2023-Q1,rbnz-dashboard
Rabobank,Fees and Commission Income,0.2,2023-Q1,rbnz-dashboard
Rabobank,Other Income,0,2023-Q1,rbnz-dashboard
Rabobank,Operating Expenses,41.4,2023-Q1,rbnz-dashboard
Rabobank,Profit After Tax,44.8,2023-Q1,rbnz-dashboard
Rabobank,Total Assets,15487.3,2023-Q1,rbnz-dashboard
Rabobank,Cash Position,2096.5,2023-Q1,rbnz-dashboard
Rabobank,Net Loans and Advances,12829.4,2023-Q1,rbnz-dashboard
Rabobank,Deposits,5766.1,2023-Q1,rbnz-dashboard
Rabobank,Equity,2087.5,2023-Q1,rbnz-dashboard
Rabobank,Core Funding Ratio (CFR),83.6,2023-Q1,rbnz-dashboard
SBS,Total Capital Ratio,13.6,2023-Q1,rbnz-dashboard
SBS,CET1 Ratio,12.4,2023-Q1,rbnz-dashboard
SBS,Tier 1 Capital Ratio,12.4,2023-Q1,rbnz-dashboard
SBS,Total Non-Performing Loans,15.9,2023-Q1,rbnz-dashboard
SBS,NPL Ratio,0.3,2023-Q1,rbnz-dashboard
SBS,Return on Assets,0.7,2023-Q1,rbnz-dashboard
SBS,Return on Equity,7.6,2023-Q1,rbnz-dashboard
SBS,NIM,2.5,2023-Q1,rbnz-dashboard
SBS,Net Interest Income,35.5,2023-Q1,rbnz-dashboard
SBS,Trading and Hedging Gains,0.1,2023-Q1,rbnz-dashboard
SBS,Fees and Commission Income,5.8,2023-Q1,rbnz-dashboard
SBS,Other Income,1.8,2023-Q1,rbnz-dashboard
SBS,Operating Expenses,26.4,2023-Q1,rbnz-dashboard
SBS,Profit After Tax,9.5,2023-Q1,rbnz-dashboard
SBS,Total Assets,6004.8,2023-Q1,rbnz-dashboard
SBS,Cash Position,183.4,2023-Q1,rbnz-dashboard
SBS,Net Loans and Advances,5024.7,2023-Q1,rbnz-dashboard
SBS,Deposits,4165.6,2023-Q1,rbnz-dashboard
SBS,Equity,506.2,2023-Q1,rbnz-dashboard
SBS,Core Funding Ratio (CFR),96.8,2023-Q1,rbnz-dashboard
TSB,Total Capital Ratio,12.9,2023-Q1,rbnz-dashboard
TSB,CET1 Ratio,12.9,2023-Q1,rbnz-dashboard
TSB,Tier 1 Capital Ratio,12.9,2023-Q1,rbnz-dashboard
TSB,Total Non-Performing Loans,37.1,2023-Q1,rbnz-dashboard
TSB,NPL Ratio,0.5,2023-Q1,rbnz-dashboard
TSB,Return on Assets,-0.5,2023-Q1,rbnz-dashboard
TSB,Return on Equity,-5.6,2023-Q1,rbnz-dashboard
TSB,NIM,2.1,2023-Q1,rbnz-dashboard
TSB,Net Interest Income,46.4,2023-Q1,rbnz-dashboard
TSB,Trading and Hedging Gains,-1,2023-Q1,rbnz-dashboard
TSB,Fees and Commission Income,3,2023-Q1,rbnz-dashboard
TSB,Other Income,0.4,2023-Q1,rbnz-dashboard
TSB,Operating Expenses,59.4,2023-Q1,rbnz-dashboard
TSB,Profit After Tax,-10.2,2023-Q1,rbnz-dashboard
TSB,Total Assets,9150,2023-Q1,rbnz-dashboard
TSB,Cash Position,560.4,2023-Q1,rbnz-dashboard
TSB,Net Loans and Advances,7078.1,2023-Q1,rbnz-dashboard
TSB,Deposits,8264.5,2023-Q1,rbnz-dashboard
TSB,Equity,730.6,2023-Q1,rbnz-dashboard
TSB,Core Funding Ratio (CFR),113,2023-Q1,rbnz-dashboard
WBC Group,Total Capital Ratio,,2023-Q1,rbnz-dashboard
WBC Group,CET1 Ratio,,2023-Q1,rbnz-dashboard
WBC Group,Tier 1 Capital Ratio,,2023-Q1,rbnz-dashboard
WBC Group,Total Non-Performing Loans,383.5,2023-Q1,rbnz-dashboard
WBC Group,NPL Ratio,0.4,2023-Q1,rbnz-dashboard
WBC Group,Return on Assets,0.7,2023-Q1,rbnz-dashboard
WBC Group,Return on Equity,8.4,2023-Q1,rbnz-dashboard
WBC Group,NIM,2.3,2023-Q1,rbnz-dashboard
WBC Group,Net Interest Income,691.2,2023-Q1,rbnz-dashboard
WBC Group,Trading and Hedging Gains,16.6,2023-Q1,rbnz-dashboard
WBC Group,Fees and Commission Income,56.2,2023-Q1,rbnz-dashboard
WBC Group,Other Income,0.9,2023-Q1,rbnz-dashboard
WBC Group,Operating Expenses,330.9,2023-Q1,rbnz-dashboard
WBC Group,Profit After Tax,218.5,2023-Q1,rbnz-dashboard
WBC Group,Total Assets,132735.4,2023-Q1,rbnz-dashboard
WBC Group,Cash Position,14021.2,2023-Q1,rbnz-dashboard
WBC Group,Net Loans and Advances,98622.4,2023-Q1,rbnz-dashboard
WBC Group,Deposits,79980,2023-Q1,rbnz-dashboard
WBC Group,Equity,10487.6,2023-Q1,rbnz-dashboard
WBC Group,Core Funding Ratio (CFR),,2023-Q1,rbnz-dashboard
Westpac,Total Capital Ratio,13.7,2023-Q1,rbnz-dashboard
Westpac,CET1 Ratio,11.1,2023-Q1,rbnz-dashboard
Westpac,Tier 1 Capital Ratio,12.7,2023-Q1,rbnz-dashboard
Westpac,Total Non-Performing Loans,383.5,2023-Q1,rbnz-dashboard
Westpac,NPL Ratio,0.4,2023-Q1,rbnz-dashboard
Westpac,Return on Assets,0.6,2023-Q1,rbnz-dashboard
Westpac,Return on Equity,8.4,2023-Q1,rbnz-dashboard
Westpac,NIM,2.3,2023-Q1,rbnz-dashboard
Westpac,Net Interest Income,665.2,2023-Q1,rbnz-dashboard
Westpac,Trading and Hedging Gains,-22.1,2023-Q1,rbnz-dashboard
Westpac,Fees and Commission Income,57.8,2023-Q1,rbnz-dashboard
Westpac,Other Income,2.3,2023-Q1,rbnz-dashboard
Westpac,Operating Expenses,315.6,2023-Q1,rbnz-dashboard
Westpac,Profit After Tax,186.2,2023-Q1,rbnz-dashboard
Westpac,Total Assets,122047.3,2023-Q1,rbnz-dashboard
Westpac,Cash Position,11377.8,2023-Q1,rbnz-dashboard
Westpac,Net Loans and Advances,98209.3,2023-Q1,rbnz-dashboard
Westpac,Deposits,80104.7,2023-Q1,rbnz-dashboard
Westpac,Equity,8898.9,2023-Q1,rbnz-dashboard
Westpac,Core Funding Ratio (CFR),88.2,2023-Q1,rbnz-dashboard
ANZ,Total Capital Ratio,15.5,2023-Q2,rbnz-dashboard
ANZ,CET1 Ratio,12.5,2023-Q2,rbnz-dashboard
ANZ,Tier 1 Capital Ratio,14.1,2023-Q2,rbnz-dashboard
ANZ,Total Non-Performing Loans,752.2,2023-Q2,rbnz-dashboard
ANZ,NPL Ratio,0.5,2023-Q2,rbnz-dashboard
ANZ,Return on Assets,1.3,2023-Q2,rbnz-dashboard
ANZ,Return on Equity,13.2,2023-Q2,rbnz-dashboard
ANZ,NIM,2.4,2023-Q2,rbnz-dashboard
ANZ,Net Interest Income,1062.8,2023-Q2,rbnz-dashboard
ANZ,Trading and Hedging Gains,71.5,2023-Q2,rbnz-dashboard
ANZ,Fees and Commission Income,129.9,2023-Q2,rbnz-dashboard
ANZ,Other Income,25.2,2023-Q2,rbnz-dashboard
ANZ,Operating Expenses,418.2,2023-Q2,rbnz-dashboard
ANZ,Profit After Tax,599.9,2023-Q2,rbnz-dashboard
ANZ,Total Assets,191718.2,2023-Q2,rbnz-dashboard
ANZ,Cash Position,11023.1,2023-Q2,rbnz-dashboard
ANZ,Net Loans and Advances,148870,2023-Q2,rbnz-dashboard
ANZ,Deposits,131226,2023-Q2,rbnz-dashboard
ANZ,Equity,18467.5,2023-Q2,rbnz-dashboard
ANZ,Core Funding Ratio (CFR),89.9,2023-Q2,rbnz-dashboard
ANZ Group,Total Capital Ratio,,2023-Q2,rbnz-dashboard
ANZ Group,CET1 Ratio,,2023-Q2,rbnz-dashboard
ANZ Group,Tier 1 Capital Ratio,,2023-Q2,rbnz-dashboard
ANZ Group,Total Non-Performing Loans,755,2023-Q2,rbnz-dashboard
ANZ Group,NPL Ratio,0.5,2023-Q2,rbnz-dashboard
ANZ Group,Return on Assets,1.2,2023-Q2,rbnz-dashboard
ANZ Group,Return on Equity,14.4,2023-Q2,rbnz-dashboard
ANZ Group,NIM,2.4,2023-Q2,rbnz-dashboard
ANZ Group,Net Interest Income,1047.2,2023-Q2,rbnz-dashboard
ANZ Group,Trading and Hedging Gains,75,2023-Q2,rbnz-dashboard
ANZ Group,Fees and Commission Income,129.9,2023-Q2,rbnz-dashboard
ANZ Group,Other Income,26.1,2023-Q2,rbnz-dashboard
ANZ Group,Operating Expenses,418.4,2023-Q2,rbnz-dashboard
ANZ Group,Profit After Tax,591.2,2023-Q2,rbnz-dashboard
ANZ Group,Total Assets,192047.7,2023-Q2,rbnz-dashboard
ANZ Group,Cash Position,11031.2,2023-Q2,rbnz-dashboard
ANZ Group,Net Loans and Advances,149194.8,2023-Q2,rbnz-dashboard
ANZ Group,Deposits,131226,2023-Q2,rbnz-dashboard
ANZ Group,Equity,16710.1,2023-Q2,rbnz-dashboard
ANZ Group,Core Funding Ratio (CFR),,2023-Q2,rbnz-dashboard
ASB,Total Capital Ratio,15.7,2023-Q2,rbnz-dashboard
ASB,CET1 Ratio,14.3,2023-Q2,rbnz-dashboard
ASB,Tier 1 Capital Ratio,14.3,2023-Q2,rbnz-dashboard
ASB,Total Non-Performing Loans,576.3,2023-Q2,rbnz-dashboard
ASB,NPL Ratio,0.5,2023-Q2,rbnz-dashboard
ASB,Return on Assets,1.1,2023-Q2,rbnz-dashboard
ASB,Return on Equity,13.4,2023-Q2,rbnz-dashboard
ASB,NIM,2.4,2023-Q2,rbnz-dashboard
ASB,Net Interest Income,750.9,2023-Q2,rbnz-dashboard
ASB,Trading and Hedging Gains,-3.1,2023-Q2,rbnz-dashboard
ASB,Fees and Commission Income,92.4,2023-Q2,rbnz-dashboard
ASB,Other Income,-1.8,2023-Q2,rbnz-dashboard
ASB,Operating Expenses,338.4,2023-Q2,rbnz-dashboard
ASB,Profit After Tax,359.7,2023-Q2,rbnz-dashboard
ASB,Total Assets,126896.3,2023-Q2,rbnz-dashboard
ASB,Cash Position,8960.8,2023-Q2,rbnz-dashboard
ASB,Net Loans and Advances,108446.7,2023-Q2,rbnz-dashboard
ASB,Deposits,80722.7,2023-Q2,rbnz-dashboard
ASB,Equity,10679.1,2023-Q2,rbnz-dashboard
ASB,Core Funding Ratio (CFR),90.4,2023-Q2,rbnz-dashboard
BNZ,Total Capital Ratio,15.2,2023-Q2,rbnz-dashboard
BNZ,CET1 Ratio,12.8,2023-Q2,rbnz-dashboard
BNZ,Tier 1 Capital Ratio,14.1,2023-Q2,rbnz-dashboard
BNZ,Total Non-Performing Loans,464.1,2023-Q2,rbnz-dashboard
BNZ,NPL Ratio,0.5,2023-Q2,rbnz-dashboard
BNZ,Return on Assets,1.1,2023-Q2,rbnz-dashboard
BNZ,Return on Equity,12.8,2023-Q2,rbnz-dashboard
BNZ,NIM,2.4,2023-Q2,rbnz-dashboard
BNZ,Net Interest Income,720.1,2023-Q2,rbnz-dashboard
BNZ,Trading and Hedging Gains,69.9,2023-Q2,rbnz-dashboard
BNZ,Fees and Commission Income,88.2,2023-Q2,rbnz-dashboard
BNZ,Other Income,0,2023-Q2,rbnz-dashboard
BNZ,Operating Expenses,310.6,2023-Q2,rbnz-dashboard
BNZ,Profit After Tax,366.5,2023-Q2,rbnz-dashboard
BNZ,Total Assets,130405.6,2023-Q2,rbnz-dashboard
BNZ,Cash Position,12687.3,2023-Q2,rbnz-dashboard
BNZ,Net Loans and Advances,101857.6,2023-Q2,rbnz-dashboard
BNZ,Deposits,78879,2023-Q2,rbnz-dashboard
BNZ,Equity,11630,2023-Q2,rbnz-dashboard
BNZ,Core Funding Ratio (CFR),89.3,2023-Q2,rbnz-dashboard
BOB,Total Capital Ratio,56.3,2023-Q2,rbnz-dashboard
BOB,CET1 Ratio,56.3,2023-Q2,rbnz-dashboard
BOB,Tier 1 Capital Ratio,56.3,2023-Q2,rbnz-dashboard
BOB,Total Non-Performing Loans,0,2023-Q2,rbnz-dashboard
BOB,NPL Ratio,0,2023-Q2,rbnz-dashboard
BOB,Return on Assets,1.7,2023-Q2,rbnz-dashboard
BOB,Return on Equity,5,2023-Q2,rbnz-dashboard
BOB,NIM,3.9,2023-Q2,rbnz-dashboard
BOB,Net Interest Income,1.5,2023-Q2,rbnz-dashboard
BOB,Trading and Hedging Gains,0.1,2023-Q2,rbnz-dashboard
BOB,Fees and Commission Income,0.1,2023-Q2,rbnz-dashboard
BOB,Other Income,0,2023-Q2,rbnz-dashboard
BOB,Operating Expenses,0.8,2023-Q2,rbnz-dashboard
BOB,Profit After Tax,0.6,2023-Q2,rbnz-dashboard
BOB,Total Assets,192.1,2023-Q2,rbnz-dashboard
BOB,Cash Position,71,2023-Q2,rbnz-dashboard
BOB,Net Loans and Advances,119.8,2023-Q2,rbnz-dashboard
BOB,Deposits,132.4,2023-Q2,rbnz-dashboard
BOB,Equity,52.6,2023-Q2,rbnz-dashboard
BOB,Core Funding Ratio (CFR),107.8,2023-Q2,rbnz-dashboard
BOC,Total Capital Ratio,20,2023-Q2,rbnz-dashboard
BOC,CET1 Ratio,20,2023-Q2,rbnz-dashboard
BOC,Tier 1 Capital Ratio,20,2023-Q2,rbnz-dashboard
BOC,Total Non-Performing Loans,5.3,2023-Q2,rbnz-dashboard
BOC,NPL Ratio,0.2,2023-Q2,rbnz-dashboard
BOC,Return on Assets,-0.1,2023-Q2,rbnz-dashboard
BOC,Return on Equity,-0.7,2023-Q2,rbnz-dashboard
BOC,NIM,0.5,2023-Q2,rbnz-dashboard
BOC,Net Interest Income,4.1,2023-Q2,rbnz-dashboard
BOC,Trading and Hedging Gains,1.7,2023-Q2,rbnz-dashboard
BOC,Fees and Commission Income,5.5,2023-Q2,rbnz-dashboard
BOC,Other Income,0,2023-Q2,rbnz-dashboard
BOC,Operating Expenses,8,2023-Q2,rbnz-dashboard
BOC,Profit After Tax,-0.5,2023-Q2,rbnz-dashboard
BOC,Total Assets,3744.2,2023-Q2,rbnz-dashboard
BOC,Cash Position,968.3,2023-Q2,rbnz-dashboard
BOC,Net Loans and Advances,2396.1,2023-Q2,rbnz-dashboard
BOC,Deposits,1772.5,2023-Q2,rbnz-dashboard
BOC,Equity,297.2,2023-Q2,rbnz-dashboard
BOC,Core Funding Ratio (CFR),81,2023-Q2,rbnz-dashboard
BOC Group,Total Capital Ratio,,2023-Q2,rbnz-dashboard
BOC Group,CET1 Ratio,,2023-Q2,rbnz-dashboard
BOC Group,Tier 1 Capital Ratio,,2023-Q2,rbnz-dashboard
BOC Group,Total Non-Performing Loans,5.3,2023-Q2,rbnz-dashboard
BOC Group,NPL Ratio,0.1,2023-Q2,rbnz-dashboard
BOC Group,Return on Assets,-0.1,2023-Q2,rbnz-dashboard
BOC Group,Return on Equity,-1.7,2023-Q2,rbnz-dashboard
BOC Group,NIM,1.1,2023-Q2,rbnz-dashboard
BOC Group,Net Interest Income,17,2023-Q2,rbnz-dashboard
BOC Group,Trading and Hedging Gains,1.7,2023-Q2,rbnz-dashboard
BOC Group,Fees and Commission Income,0.8,2023-Q2,rbnz-dashboard
BOC Group,Other Income,0,2023-Q2,rbnz-dashboard
BOC Group,Operating Expenses,8.2,2023-Q2,rbnz-dashboard
BOC Group,Profit After Tax,-1.4,2023-Q2,rbnz-dashboard
BOC Group,Total Assets,6658.1,2023-Q2,rbnz-dashboard
BOC Group,Cash Position,1247.7,2023-Q2,rbnz-dashboard
BOC Group,Net Loans and Advances,4996.9,2023-Q2,rbnz-dashboard
BOC Group,Deposits,1857.8,2023-Q2,rbnz-dashboard
BOC Group,Equity,339.5,2023-Q2,rbnz-dashboard
BOC Group,Core Funding Ratio (CFR),,2023-Q2,rbnz-dashboard
BOI,Total Capital Ratio,43.8,2023-Q2,rbnz-dashboard
BOI,CET1 Ratio,43.8,2023-Q2,rbnz-dashboard
BOI,Tier 1 Capital Ratio,43.8,2023-Q2,rbnz-dashboard
BOI,Total Non-Performing Loans,,2023-Q2,rbnz-dashboard
BOI,NPL Ratio,,2023-Q2,rbnz-dashboard
BOI,Return on Assets,2.5,2023-Q2,rbnz-dashboard
BOI,Return on Equity,6.3,2023-Q2,rbnz-dashboard
BOI,NIM,5,2023-Q2,rbnz-dashboard
BOI,Net Interest Income,1.9,2023-Q2,rbnz-dashboard
BOI,Trading and Hedging Gains,0.1,2023-Q2,rbnz-dashboard
BOI,Fees and Commission Income,0.1,2023-Q2,rbnz-dashboard
BOI,Other Income,0,2023-Q2,rbnz-dashboard
BOI,Operating Expenses,0.6,2023-Q2,rbnz-dashboard
BOI,Profit After Tax,1,2023-Q2,rbnz-dashboard
BOI,Total Assets,156.6,2023-Q2,rbnz-dashboard
BOI,Cash Position,21.8,2023-Q2,rbnz-dashboard
BOI,Net Loans and Advances,133,2023-Q2,rbnz-dashboard
BOI,Deposits,76.8,2023-Q2,rbnz-dashboard
BOI,Equity,61.9,2023-Q2,rbnz-dashboard
BOI,Core Funding Ratio (CFR),87.9,2023-Q2,rbnz-dashboard
CBA Group,Total Capital Ratio,,2023-Q2,rbnz-dashboard
CBA Group,CET1 Ratio,,2023-Q2,rbnz-dashboard
CBA Group,Tier 1 Capital Ratio,,2023-Q2,rbnz-dashboard
CBA Group,Total Non-Performing Loans,576.3,2023-Q2,rbnz-dashboard
CBA Group,NPL Ratio,0.5,2023-Q2,rbnz-dashboard
CBA Group,Return on Assets,1.2,2023-Q2,rbnz-dashboard
CBA Group,Return on Equity,12.7,2023-Q2,rbnz-dashboard
CBA Group,NIM,2.4,2023-Q2,rbnz-dashboard
CBA Group,Net Interest Income,774.8,2023-Q2,rbnz-dashboard
CBA Group,Trading and Hedging Gains,-0.6,2023-Q2,rbnz-dashboard
CBA Group,Fees and Commission Income,92.4,2023-Q2,rbnz-dashboard
CBA Group,Other Income,-1.8,2023-Q2,rbnz-dashboard
CBA Group,Operating Expenses,341,2023-Q2,rbnz-dashboard
CBA Group,Profit After Tax,376.4,2023-Q2,rbnz-dashboard
CBA Group,Total Assets,129806.9,2023-Q2,rbnz-dashboard
CBA Group,Cash Position,8963.8,2023-Q2,rbnz-dashboard
CBA Group,Net Loans and Advances,110962.3,2023-Q2,rbnz-dashboard
CBA Group,Deposits,80700.3,2023-Q2,rbnz-dashboard
CBA Group,Equity,11863.9,2023-Q2,rbnz-dashboard
CBA Group,Core Funding Ratio (CFR),,2023-Q2,rbnz-dashboard
CCB,Total Capital Ratio,18.6,2023-Q2,rbnz-dashboard
CCB,CET1 Ratio,18.6,2023-Q2,rbnz-dashboard
CCB,Tier 1 Capital Ratio,18.6,2023-Q2,rbnz-dashboard
CCB,Total Non-Performing Loans,,2023-Q2,rbnz-dashboard
CCB,NPL Ratio,,2023-Q2,rbnz-dashboard
CCB,Return on Assets,1.1,2023-Q2,rbnz-dashboard
CCB,Return on Equity,9.2,2023-Q2,rbnz-dashboard
CCB,NIM,1.9,2023-Q2,rbnz-dashboard
CCB,Net Interest Income,11,2023-Q2,rbnz-dashboard
CCB,Trading and Hedging Gains,1.5,2023-Q2,rbnz-dashboard
CCB,Fees and Commission Income,0.6,2023-Q2,rbnz-dashboard
CCB,Other Income,0.1,2023-Q2,rbnz-dashboard
CCB,Operating Expenses,3.2,2023-Q2,rbnz-dashboard
CCB,Profit After Tax,6.8,2023-Q2,rbnz-dashboard
CCB,Total Assets,2320,2023-Q2,rbnz-dashboard
CCB,Cash Position,193.4,2023-Q2,rbnz-dashboard
CCB,Net Loans and Advances,1779,2023-Q2,rbnz-dashboard
CCB,Deposits,405.4,2023-Q2,rbnz-dashboard
CCB,Equity,298.3,2023-Q2,rbnz-dashboard
CCB,Core Funding Ratio (CFR),93.2,2023-Q2,rbnz-dashboard
CCB Group,Total Capital Ratio,,2023-Q2,rbnz-dashboard
CCB Group,CET1 Ratio,,2023-Q2,rbnz-dashboard
CCB Group,Tier 1 Capital Ratio,,2023-Q2,rbnz-dashboard
CCB Group,Total Non-Performing Loans,,2023-Q2,rbnz-dashboard
CCB Group,NPL Ratio,,2023-Q2,rbnz-dashboard
CCB Group,Return on Assets,1.1,2023-Q2,rbnz-dashboard
CCB Group,Return on Equity,14,2023-Q2,rbnz-dashboard
CCB Group,NIM,2,2023-Q2,rbnz-dashboard
CCB Group,Net Interest Income,22.4,2023-Q2,rbnz-dashboard
CCB Group,Trading and Hedging Gains,-2,2023-Q2,rbnz-dashboard
CCB Group,Fees and Commission Income,1.9,2023-Q2,rbnz-dashboard
CCB Group,Other Income,0,2023-Q2,rbnz-dashboard
CCB Group,Operating Expenses,5.3,2023-Q2,rbnz-dashboard
CCB Group,Profit After Tax,12,2023-Q2,rbnz-dashboard
CCB Group,Total Assets,4386.1,2023-Q2,rbnz-dashboard
CCB Group,Cash Position,823.4,2023-Q2,rbnz-dashboard
CCB Group,Net Loans and Advances,3175.5,2023-Q2,rbnz-dashboard
CCB Group,Deposits,406.8,2023-Q2,rbnz-dashboard
CCB Group,Equity,346.8,2023-Q2,rbnz-dashboard
CCB Group,Core Funding Ratio (CFR),,2023-Q2,rbnz-dashboard
Co-op,Total Capital Ratio,16.5,2023-Q2,rbnz-dashboard
Co-op,CET1 Ratio,14.3,2023-Q2,rbnz-dashboard
Co-op,Tier 1 Capital Ratio,14.3,2023-Q2,rbnz-dashboard
Co-op,Total Non-Performing Loans,9.5,2023-Q2,rbnz-dashboard
Co-op,NPL Ratio,0.3,2023-Q2,rbnz-dashboard
Co-op,Return on Assets,0.4,2023-Q2,rbnz-dashboard
Co-op,Return on Equity,4.6,2023-Q2,rbnz-dashboard
Co-op,NIM,2.6,2023-Q2,rbnz-dashboard
Co-op,Net Interest Income,21.3,2023-Q2,rbnz-dashboard
Co-op,Trading and Hedging Gains,-0.1,2023-Q2,rbnz-dashboard
Co-op,Fees and Commission Income,2.1,2023-Q2,rbnz-dashboard
Co-op,Other Income,1.8,2023-Q2,rbnz-dashboard
Co-op,Operating Expenses,20.9,2023-Q2,rbnz-dashboard
Co-op,Profit After Tax,3,2023-Q2,rbnz-dashboard
Co-op,Total Assets,3408.9,2023-Q2,rbnz-dashboard
Co-op,Cash Position,28.4,2023-Q2,rbnz-dashboard
Co-op,Net Loans and Advances,2913.5,2023-Q2,rbnz-dashboard
Co-op,Deposits,2895.5,2023-Q2,rbnz-dashboard
Co-op,Equity,265.9,2023-Q2,rbnz-dashboard
Co-op,Core Funding Ratio (CFR),102.1,2023-Q2,rbnz-dashboard
Heartland,Total Capital Ratio,14.7,2023-Q2,rbnz-dashboard
Heartland,CET1 Ratio,12.7,2023-Q2,rbnz-dashboard
Heartland,Tier 1 Capital Ratio,12.7,2023-Q2,rbnz-dashboard
Heartland,Total Non-Performing Loans,136.6,2023-Q2,rbnz-dashboard
Heartland,NPL Ratio,2.8,2023-Q2,rbnz-dashboard
Heartland,Return on Assets,1.4,2023-Q2,rbnz-dashboard
Heartland,Return on Equity,10.8,2023-Q2,rbnz-dashboard
Heartland,NIM,4,2023-Q2,rbnz-dashboard
Heartland,Net Interest Income,54.2,2023-Q2,rbnz-dashboard
Heartland,Trading and Hedging Gains,-2.1,2023-Q2,rbnz-dashboard
Heartland,Fees and Commission Income,2.7,2023-Q2,rbnz-dashboard
Heartland,Other Income,2.7,2023-Q2,rbnz-dashboard
Heartland,Operating Expenses,24.1,2023-Q2,rbnz-dashboard
Heartland,Profit After Tax,19.4,2023-Q2,rbnz-dashboard
Heartland,Total Assets,5561.8,2023-Q2,rbnz-dashboard
Heartland,Cash Position,216,2023-Q2,rbnz-dashboard
Heartland,Net Loans and Advances,4843.4,2023-Q2,rbnz-dashboard
Heartland,Deposits,4131,2023-Q2,rbnz-dashboard
Heartland,Equity,728.7,2023-Q2,rbnz-dashboard
Heartland,Core Funding Ratio (CFR),90.3,2023-Q2,rbnz-dashboard
ICBC,Total Capital Ratio,19.3,2023-Q2,rbnz-dashboard
ICBC,CET1 Ratio,19.3,2023-Q2,rbnz-dashboard
ICBC,Tier 1 Capital Ratio,19.3,2023-Q2,rbnz-dashboard
ICBC,Total Non-Performing Loans,2.5,2023-Q2,rbnz-dashboard
ICBC,NPL Ratio,0.2,2023-Q2,rbnz-dashboard
ICBC,Return on Assets,0.8,2023-Q2,rbnz-dashboard
ICBC,Return on Equity,5.5,2023-Q2,rbnz-dashboard
ICBC,NIM,1.9,2023-Q2,rbnz-dashboard
ICBC,Net Interest Income,10.1,2023-Q2,rbnz-dashboard
ICBC,Trading and Hedging Gains,0.3,2023-Q2,rbnz-dashboard
ICBC,Fees and Commission Income,0.3,2023-Q2,rbnz-dashboard
ICBC,Other Income,3,2023-Q2,rbnz-dashboard
ICBC,Operating Expenses,6.2,2023-Q2,rbnz-dashboard
ICBC,Profit After Tax,4.2,2023-Q2,rbnz-dashboard
ICBC,Total Assets,2209,2023-Q2,rbnz-dashboard
ICBC,Cash Position,405.4,2023-Q2,rbnz-dashboard
ICBC,Net Loans and Advances,1574.5,2023-Q2,rbnz-dashboard
ICBC,Deposits,677.1,2023-Q2,rbnz-dashboard
ICBC,Equity,308.4,2023-Q2,rbnz-dashboard
ICBC,Core Funding Ratio (CFR),93.8,2023-Q2,rbnz-dashboard
ICBC Group,Total Capital Ratio,,2023-Q2,rbnz-dashboard
ICBC Group,CET1 Ratio,,2023-Q2,rbnz-dashboard
ICBC Group,Tier 1 Capital Ratio,,2023-Q2,rbnz-dashboard
ICBC Group,Total Non-Performing Loans,2.5,2023-Q2,rbnz-dashboard
ICBC Group,NPL Ratio,0.1,2023-Q2,rbnz-dashboard
ICBC Group,Return on Assets,0.7,2023-Q2,rbnz-dashboard
ICBC Group,Return on Equity,6.8,2023-Q2,rbnz-dashboard
ICBC Group,NIM,2.1,2023-Q2,rbnz-dashboard
ICBC Group,Net Interest Income,19.2,2023-Q2,rbnz-dashboard
ICBC Group,Trading and Hedging Gains,0.6,2023-Q2,rbnz-dashboard
ICBC Group,Fees and Commission Income,0.3,2023-Q2,rbnz-dashboard
ICBC Group,Other Income,0,2023-Q2,rbnz-dashboard
ICBC Group,Operating Expenses,6.3,2023-Q2,rbnz-dashboard
ICBC Group,Profit After Tax,6.9,2023-Q2,rbnz-dashboard
ICBC Group,Total Assets,3800.3,2023-Q2,rbnz-dashboard
ICBC Group,Cash Position,568.8,2023-Q2,rbnz-dashboard
ICBC Group,Net Loans and Advances,2990.2,2023-Q2,rbnz-dashboard
ICBC Group,Deposits,677,2023-Q2,rbnz-dashboard
ICBC Group,Equity,411.3,2023-Q2,rbnz-dashboard
ICBC Group,Core Funding Ratio (CFR),,2023-Q2,rbnz-dashboard
Kiwibank,Total Capital Ratio,14.3,2023-Q2,rbnz-dashboard
Kiwibank,CET1 Ratio,10.3,2023-Q2,rbnz-dashboard
Kiwibank,Tier 1 Capital Ratio,11.7,2023-Q2,rbnz-dashboard
Kiwibank,Total Non-Performing Loans,35.8,2023-Q2,rbnz-dashboard
Kiwibank,NPL Ratio,0.1,2023-Q2,rbnz-dashboard
Kiwibank,Return on Assets,0.4,2023-Q2,rbnz-dashboard
Kiwibank,Return on Equity,6.2,2023-Q2,rbnz-dashboard
Kiwibank,NIM,2.5,2023-Q2,rbnz-dashboard
Kiwibank,Net Interest Income,206.1,2023-Q2,rbnz-dashboard
Kiwibank,Trading and Hedging Gains,-13.5,2023-Q2,rbnz-dashboard
Kiwibank,Fees and Commission Income,13.5,2023-Q2,rbnz-dashboard
Kiwibank,Other Income,0.5,2023-Q2,rbnz-dashboard
Kiwibank,Operating Expenses,144.1,2023-Q2,rbnz-dashboard
Kiwibank,Profit After Tax,36,2023-Q2,rbnz-dashboard
Kiwibank,Total Assets,33838.5,2023-Q2,rbnz-dashboard
Kiwibank,Cash Position,1155.8,2023-Q2,rbnz-dashboard
Kiwibank,Net Loans and Advances,29682.4,2023-Q2,rbnz-dashboard
Kiwibank,Deposits,25756.2,2023-Q2,rbnz-dashboard
Kiwibank,Equity,2312.5,2023-Q2,rbnz-dashboard
Kiwibank,Core Funding Ratio (CFR),90.5,2023-Q2,rbnz-dashboard
Rabo Group,Total Capital Ratio,,2023-Q2,rbnz-dashboard
Rabo Group,CET1 Ratio,,2023-Q2,rbnz-dashboard
Rabo Group,Tier 1 Capital Ratio,,2023-Q2,rbnz-dashboard
Rabo Group,Total Non-Performing Loans,253.1,2023-Q2,rbnz-dashboard
Rabo Group,NPL Ratio,1.6,2023-Q2,rbnz-dashboard
Rabo Group,Return on Assets,1.1,2023-Q2,rbnz-dashboard
Rabo Group,Return on Equity,8.1,2023-Q2,rbnz-dashboard
Rabo Group,NIM,2.9,2023-Q2,rbnz-dashboard
Rabo Group,Net Interest Income,137.4,2023-Q2,rbnz-dashboard
Rabo Group,Trading and Hedging Gains,-4.4,2023-Q2,rbnz-dashboard
Rabo Group,Fees and Commission Income,0.6,2023-Q2,rbnz-dashboard
Rabo Group,Other Income,4.2,2023-Q2,rbnz-dashboard
Rabo Group,Operating Expenses,55.6,2023-Q2,rbnz-dashboard
Rabo Group,Profit After Tax,52.6,2023-Q2,rbnz-dashboard
Rabo Group,Total Assets,19422.2,2023-Q2,rbnz-dashboard
Rabo Group,Cash Position,2509.7,2023-Q2,rbnz-dashboard
Rabo Group,Net Loans and Advances,16257.1,2023-Q2,rbnz-dashboard
Rabo Group,Deposits,6270.3,2023-Q2,rbnz-dashboard
Rabo Group,Equity,2629.6,2023-Q2,rbnz-dashboard
Rabo Group,Core Funding Ratio (CFR),,2023-Q2,rbnz-dashboard
Rabobank,Total Capital Ratio,14,2023-Q2,rbnz-dashboard
Rabobank,CET1 Ratio,14,2023-Q2,rbnz-dashboard
Rabobank,Tier 1 Capital Ratio,14,2023-Q2,rbnz-dashboard
Rabobank,Total Non-Performing Loans,190.4,2023-Q2,rbnz-dashboard
Rabobank,NPL Ratio,1.5,2023-Q2,rbnz-dashboard
Rabobank,Return on Assets,1.1,2023-Q2,rbnz-dashboard
Rabobank,Return on Equity,8.2,2023-Q2,rbnz-dashboard
Rabobank,NIM,2.9,2023-Q2,rbnz-dashboard
Rabobank,Net Interest Income,110.2,2023-Q2,rbnz-dashboard
Rabobank,Trading and Hedging Gains,0.9,2023-Q2,rbnz-dashboard
Rabobank,Fees and Commission Income,0.2,2023-Q2,rbnz-dashboard
Rabobank,Other Income,0,2023-Q2,rbnz-dashboard
Rabobank,Operating Expenses,43.8,2023-Q2,rbnz-dashboard
Rabobank,Profit After Tax,43.3,2023-Q2,rbnz-dashboard
Rabobank,Total Assets,15317.9,2023-Q2,rbnz-dashboard
Rabobank,Cash Position,1909.7,2023-Q2,rbnz-dashboard
Rabobank,Net Loans and Advances,13008,2023-Q2,rbnz-dashboard
Rabobank,Deposits,6094.5,2023-Q2,rbnz-dashboard
Rabobank,Equity,2132.5,2023-Q2,rbnz-dashboard
Rabobank,Core Funding Ratio (CFR),84.7,2023-Q2,rbnz-dashboard
SBS,Total Capital Ratio,13.4,2023-Q2,rbnz-dashboard
SBS,CET1 Ratio,12.3,2023-Q2,rbnz-dashboard
SBS,Tier 1 Capital Ratio,12.3,2023-Q2,rbnz-dashboard
SBS,Total Non-Performing Loans,15.3,2023-Q2,rbnz-dashboard
SBS,NPL Ratio,0.3,2023-Q2,rbnz-dashboard
SBS,Return on Assets,0.5,2023-Q2,rbnz-dashboard
SBS,Return on Equity,5.7,2023-Q2,rbnz-dashboard
SBS,NIM,2.5,2023-Q2,rbnz-dashboard
SBS,Net Interest Income,36.2,2023-Q2,rbnz-dashboard
SBS,Trading and Hedging Gains,0.1,2023-Q2,rbnz-dashboard
SBS,Fees and Commission Income,6.6,2023-Q2,rbnz-dashboard
SBS,Other Income,1.8,2023-Q2,rbnz-dashboard
SBS,Operating Expenses,29.7,2023-Q2,rbnz-dashboard
SBS,Profit After Tax,7.3,2023-Q2,rbnz-dashboard
SBS,Total Assets,6050,2023-Q2,rbnz-dashboard
SBS,Cash Position,61.9,2023-Q2,rbnz-dashboard
SBS,Net Loans and Advances,5173.7,2023-Q2,rbnz-dashboard
SBS,Deposits,4076.3,2023-Q2,rbnz-dashboard
SBS,Equity,517.8,2023-Q2,rbnz-dashboard
SBS,Core Funding Ratio (CFR),96.5,2023-Q2,rbnz-dashboard
TSB,Total Capital Ratio,14.1,2023-Q2,rbnz-dashboard
TSB,CET1 Ratio,14.1,2023-Q2,rbnz-dashboard
TSB,Tier 1 Capital Ratio,14.1,2023-Q2,rbnz-dashboard
TSB,Total Non-Performing Loans,37.5,2023-Q2,rbnz-dashboard
TSB,NPL Ratio,0.5,2023-Q2,rbnz-dashboard
TSB,Return on Assets,0.3,2023-Q2,rbnz-dashboard
TSB,Return on Equity,3.2,2023-Q2,rbnz-dashboard
TSB,NIM,2,2023-Q2,rbnz-dashboard
TSB,Net Interest Income,44.9,2023-Q2,rbnz-dashboard
TSB,Trading and Hedging Gains,0,2023-Q2,rbnz-dashboard
TSB,Fees and Commission Income,3,2023-Q2,rbnz-dashboard
TSB,Other Income,0.8,2023-Q2,rbnz-dashboard
TSB,Operating Expenses,39.3,2023-Q2,rbnz-dashboard
TSB,Profit After Tax,5.9,2023-Q2,rbnz-dashboard
TSB,Total Assets,9194.6,2023-Q2,rbnz-dashboard
TSB,Cash Position,594.4,2023-Q2,rbnz-dashboard
TSB,Net Loans and Advances,7108.8,2023-Q2,rbnz-dashboard
TSB,Deposits,8301.3,2023-Q2,rbnz-dashboard
TSB,Equity,731.1,2023-Q2,rbnz-dashboard
TSB,Core Funding Ratio (CFR),112.3,2023-Q2,rbnz-dashboard
WBC Group,Total Capital Ratio,,2023-Q2,rbnz-dashboard
WBC Group,CET1 Ratio,,2023-Q2,rbnz-dashboard
WBC Group,Tier 1 Capital Ratio,,2023-Q2,rbnz-dashboard
WBC Group,Total Non-Performing Loans,387.4,2023-Q2,rbnz-dashboard
WBC Group,NPL Ratio,0.4,2023-Q2,rbnz-dashboard
WBC Group,Return on Assets,1,2023-Q2,rbnz-dashboard
WBC Group,Return on Equity,12.4,2023-Q2,rbnz-dashboard
WBC Group,NIM,2.4,2023-Q2,rbnz-dashboard
WBC Group,Net Interest Income,728.7,2023-Q2,rbnz-dashboard
WBC Group,Trading and Hedging Gains,18,2023-Q2,rbnz-dashboard
WBC Group,Fees and Commission Income,61,2023-Q2,rbnz-dashboard
WBC Group,Other Income,0.7,2023-Q2,rbnz-dashboard
WBC Group,Operating Expenses,337.5,2023-Q2,rbnz-dashboard
WBC Group,Profit After Tax,330.7,2023-Q2,rbnz-dashboard
WBC Group,Total Assets,131669.3,2023-Q2,rbnz-dashboard
WBC Group,Cash Position,11785.4,2023-Q2,rbnz-dashboard
WBC Group,Net Loans and Advances,98506.7,2023-Q2,rbnz-dashboard
WBC Group,Deposits,78644.3,2023-Q2,rbnz-dashboard
WBC Group,Equity,10822,2023-Q2,rbnz-dashboard
WBC Group,Core Funding Ratio (CFR),,2023-Q2,rbnz-dashboard
Westpac,Total Capital Ratio,13.9,2023-Q2,rbnz-dashboard
Westpac,CET1 Ratio,11.3,2023-Q2,rbnz-dashboard
Westpac,Tier 1 Capital Ratio,12.9,2023-Q2,rbnz-dashboard
Westpac,Total Non-Performing Loans,387.4,2023-Q2,rbnz-dashboard
Westpac,NPL Ratio,0.4,2023-Q2,rbnz-dashboard
Westpac,Return on Assets,0.9,2023-Q2,rbnz-dashboard
Westpac,Return on Equity,12.7,2023-Q2,rbnz-dashboard
Westpac,NIM,2.3,2023-Q2,rbnz-dashboard
Westpac,Net Interest Income,669.2,2023-Q2,rbnz-dashboard
Westpac,Trading and Hedging Gains,1.2,2023-Q2,rbnz-dashboard
Westpac,Fees and Commission Income,59,2023-Q2,rbnz-dashboard
Westpac,Other Income,3.4,2023-Q2,rbnz-dashboard
Westpac,Operating Expenses,323.5,2023-Q2,rbnz-dashboard
Westpac,Profit After Tax,286.8,2023-Q2,rbnz-dashboard
Westpac,Total Assets,120407.6,2023-Q2,rbnz-dashboard
Westpac,Cash Position,9431.8,2023-Q2,rbnz-dashboard
Westpac,Net Loans and Advances,98120.5,2023-Q2,rbnz-dashboard
Westpac,Deposits,78577.9,2023-Q2,rbnz-dashboard
Westpac,Equity,9187.1,2023-Q2,rbnz-dashboard
Westpac,Core Funding Ratio (CFR),88.3,2023-Q2,rbnz-dashboard
ANZ,Total Capital Ratio,15.5,2023-Q3,rbnz-dashboard
ANZ,CET1 Ratio,12.5,2023-Q3,rbnz-dashboard
ANZ,Tier 1 Capital Ratio,14.1,2023-Q3,rbnz-dashboard
ANZ,Total Non-Performing Loans,945.3,2023-Q3,rbnz-dashboard
ANZ,NPL Ratio,0.6,2023-Q3,rbnz-dashboard
ANZ,Return on Assets,1.2,2023-Q3,rbnz-dashboard
ANZ,Return on Equity,12.2,2023-Q3,rbnz-dashboard
ANZ,NIM,2.4,2023-Q3,rbnz-dashboard
ANZ,Net Interest Income,1082.8,2023-Q3,rbnz-dashboard
ANZ,Trading and Hedging Gains,14,2023-Q3,rbnz-dashboard
ANZ,Fees and Commission Income,123.6,2023-Q3,rbnz-dashboard
ANZ,Other Income,16.3,2023-Q3,rbnz-dashboard
ANZ,Operating Expenses,433,2023-Q3,rbnz-dashboard
ANZ,Profit After Tax,571.1,2023-Q3,rbnz-dashboard
ANZ,Total Assets,194289.4,2023-Q3,rbnz-dashboard
ANZ,Cash Position,13179.8,2023-Q3,rbnz-dashboard
ANZ,Net Loans and Advances,149321.2,2023-Q3,rbnz-dashboard
ANZ,Deposits,132529.1,2023-Q3,rbnz-dashboard
ANZ,Equity,18420.7,2023-Q3,rbnz-dashboard
ANZ,Core Funding Ratio (CFR),90.8,2023-Q3,rbnz-dashboard
ANZ Group,Total Capital Ratio,,2023-Q3,rbnz-dashboard
ANZ Group,CET1 Ratio,,2023-Q3,rbnz-dashboard
ANZ Group,Tier 1 Capital Ratio,,2023-Q3,rbnz-dashboard
ANZ Group,Total Non-Performing Loans,947.9,2023-Q3,rbnz-dashboard
ANZ Group,NPL Ratio,0.6,2023-Q3,rbnz-dashboard
ANZ Group,Return on Assets,1.1,2023-Q3,rbnz-dashboard
ANZ Group,Return on Equity,13.2,2023-Q3,rbnz-dashboard
ANZ Group,NIM,2.3,2023-Q3,rbnz-dashboard
ANZ Group,Net Interest Income,1065.1,2023-Q3,rbnz-dashboard
ANZ Group,Trading and Hedging Gains,13.7,2023-Q3,rbnz-dashboard
ANZ Group,Fees and Commission Income,123.6,2023-Q3,rbnz-dashboard
ANZ Group,Other Income,16.1,2023-Q3,rbnz-dashboard
ANZ Group,Operating Expenses,433.3,2023-Q3,rbnz-dashboard
ANZ Group,Profit After Tax,557.9,2023-Q3,rbnz-dashboard
ANZ Group,Total Assets,194589,2023-Q3,rbnz-dashboard
ANZ Group,Cash Position,13179.8,2023-Q3,rbnz-dashboard
ANZ Group,Net Loans and Advances,149627.1,2023-Q3,rbnz-dashboard
ANZ Group,Deposits,132529.1,2023-Q3,rbnz-dashboard
ANZ Group,Equity,16684.5,2023-Q3,rbnz-dashboard
ANZ Group,Core Funding Ratio (CFR),,2023-Q3,rbnz-dashboard
ASB,Total Capital Ratio,16.2,2023-Q3,rbnz-dashboard
ASB,CET1 Ratio,14.7,2023-Q3,rbnz-dashboard
ASB,Tier 1 Capital Ratio,14.7,2023-Q3,rbnz-dashboard
ASB,Total Non-Performing Loans,590.6,2023-Q3,rbnz-dashboard
ASB,NPL Ratio,0.5,2023-Q3,rbnz-dashboard
ASB,Return on Assets,1.1,2023-Q3,rbnz-dashboard
ASB,Return on Equity,13,2023-Q3,rbnz-dashboard
ASB,NIM,2.3,2023-Q3,rbnz-dashboard
ASB,Net Interest Income,733.8,2023-Q3,rbnz-dashboard
ASB,Trading and Hedging Gains,13.7,2023-Q3,rbnz-dashboard
ASB,Fees and Commission Income,100.6,2023-Q3,rbnz-dashboard
ASB,Other Income,1.9,2023-Q3,rbnz-dashboard
ASB,Operating Expenses,331.5,2023-Q3,rbnz-dashboard
ASB,Profit After Tax,352.3,2023-Q3,rbnz-dashboard
ASB,Total Assets,126920.5,2023-Q3,rbnz-dashboard
ASB,Cash Position,7789,2023-Q3,rbnz-dashboard
ASB,Net Loans and Advances,107982.7,2023-Q3,rbnz-dashboard
ASB,Deposits,82052.1,2023-Q3,rbnz-dashboard
ASB,Equity,10905,2023-Q3,rbnz-dashboard
ASB,Core Funding Ratio (CFR),91.7,2023-Q3,rbnz-dashboard
BNZ,Total Capital Ratio,15.7,2023-Q3,rbnz-dashboard
BNZ,CET1 Ratio,13.3,2023-Q3,rbnz-dashboard
BNZ,Tier 1 Capital Ratio,14.6,2023-Q3,rbnz-dashboard
BNZ,Total Non-Performing Loans,508.2,2023-Q3,rbnz-dashboard
BNZ,NPL Ratio,0.5,2023-Q3,rbnz-dashboard
BNZ,Return on Assets,1,2023-Q3,rbnz-dashboard
BNZ,Return on Equity,11.4,2023-Q3,rbnz-dashboard
BNZ,NIM,2.3,2023-Q3,rbnz-dashboard
BNZ,Net Interest Income,712.8,2023-Q3,rbnz-dashboard
BNZ,Trading and Hedging Gains,56.2,2023-Q3,rbnz-dashboard
BNZ,Fees and Commission Income,74.4,2023-Q3,rbnz-dashboard
BNZ,Other Income,0.3,2023-Q3,rbnz-dashboard
BNZ,Operating Expenses,334.8,2023-Q3,rbnz-dashboard
BNZ,Profit After Tax,337,2023-Q3,rbnz-dashboard
BNZ,Total Assets,130065.5,2023-Q3,rbnz-dashboard
BNZ,Cash Position,12057.3,2023-Q3,rbnz-dashboard
BNZ,Net Loans and Advances,101868.3,2023-Q3,rbnz-dashboard
BNZ,Deposits,79991.8,2023-Q3,rbnz-dashboard
BNZ,Equity,11859.7,2023-Q3,rbnz-dashboard
BNZ,Core Funding Ratio (CFR),90.1,2023-Q3,rbnz-dashboard
BOB,Total Capital Ratio,64.3,2023-Q3,rbnz-dashboard
BOB,CET1 Ratio,64.3,2023-Q3,rbnz-dashboard
BOB,Tier 1 Capital Ratio,64.3,2023-Q3,rbnz-dashboard
BOB,Total Non-Performing Loans,0,2023-Q3,rbnz-dashboard
BOB,NPL Ratio,0,2023-Q3,rbnz-dashboard
BOB,Return on Assets,1.4,2023-Q3,rbnz-dashboard
BOB,Return on Equity,4.3,2023-Q3,rbnz-dashboard
BOB,NIM,3.9,2023-Q3,rbnz-dashboard
BOB,Net Interest Income,1.5,2023-Q3,rbnz-dashboard
BOB,Trading and Hedging Gains,0.1,2023-Q3,rbnz-dashboard
BOB,Fees and Commission Income,0,2023-Q3,rbnz-dashboard
BOB,Other Income,0,2023-Q3,rbnz-dashboard
BOB,Operating Expenses,0.9,2023-Q3,rbnz-dashboard
BOB,Profit After Tax,0.6,2023-Q3,rbnz-dashboard
BOB,Total Assets,144.3,2023-Q3,rbnz-dashboard
BOB,Cash Position,24.8,2023-Q3,rbnz-dashboard
BOB,Net Loans and Advances,118.2,2023-Q3,rbnz-dashboard
BOB,Deposits,85.4,2023-Q3,rbnz-dashboard
BOB,Equity,52.1,2023-Q3,rbnz-dashboard
BOB,Core Funding Ratio (CFR),107,2023-Q3,rbnz-dashboard
BOC,Total Capital Ratio,19.2,2023-Q3,rbnz-dashboard
BOC,CET1 Ratio,19.2,2023-Q3,rbnz-dashboard
BOC,Tier 1 Capital Ratio,19.2,2023-Q3,rbnz-dashboard
BOC,Total Non-Performing Loans,5.3,2023-Q3,rbnz-dashboard
BOC,NPL Ratio,0.2,2023-Q3,rbnz-dashboard
BOC,Return on Assets,0.2,2023-Q3,rbnz-dashboard
BOC,Return on Equity,1.9,2023-Q3,rbnz-dashboard
BOC,NIM,0.7,2023-Q3,rbnz-dashboard
BOC,Net Interest Income,6.7,2023-Q3,rbnz-dashboard
BOC,Trading and Hedging Gains,0.8,2023-Q3,rbnz-dashboard
BOC,Fees and Commission Income,5.9,2023-Q3,rbnz-dashboard
BOC,Other Income,0,2023-Q3,rbnz-dashboard
BOC,Operating Expenses,7,2023-Q3,rbnz-dashboard
BOC,Profit After Tax,1.4,2023-Q3,rbnz-dashboard
BOC,Total Assets,3636,2023-Q3,rbnz-dashboard
BOC,Cash Position,831.4,2023-Q3,rbnz-dashboard
BOC,Net Loans and Advances,2461.2,2023-Q3,rbnz-dashboard
BOC,Deposits,1607.2,2023-Q3,rbnz-dashboard
BOC,Equity,297.2,2023-Q3,rbnz-dashboard
BOC,Core Funding Ratio (CFR),83.5,2023-Q3,rbnz-dashboard
BOC Group,Total Capital Ratio,,2023-Q3,rbnz-dashboard
BOC Group,CET1 Ratio,,2023-Q3,rbnz-dashboard
BOC Group,Tier 1 Capital Ratio,,2023-Q3,rbnz-dashboard
BOC Group,Total Non-Performing Loans,5.3,2023-Q3,rbnz-dashboard
BOC Group,NPL Ratio,0.1,2023-Q3,rbnz-dashboard
BOC Group,Return on Assets,0.4,2023-Q3,rbnz-dashboard
BOC Group,Return on Equity,8.5,2023-Q3,rbnz-dashboard
BOC Group,NIM,1.3,2023-Q3,rbnz-dashboard
BOC Group,Net Interest Income,21.4,2023-Q3,rbnz-dashboard
BOC Group,Trading and Hedging Gains,-0.4,2023-Q3,rbnz-dashboard
BOC Group,Fees and Commission Income,0.8,2023-Q3,rbnz-dashboard
BOC Group,Other Income,0,2023-Q3,rbnz-dashboard
BOC Group,Operating Expenses,6.9,2023-Q3,rbnz-dashboard
BOC Group,Profit After Tax,6.9,2023-Q3,rbnz-dashboard
BOC Group,Total Assets,6678,2023-Q3,rbnz-dashboard
BOC Group,Cash Position,936.1,2023-Q3,rbnz-dashboard
BOC Group,Net Loans and Advances,5363.5,2023-Q3,rbnz-dashboard
BOC Group,Deposits,1777.9,2023-Q3,rbnz-dashboard
BOC Group,Equity,309.7,2023-Q3,rbnz-dashboard
BOC Group,Core Funding Ratio (CFR),,2023-Q3,rbnz-dashboard
BOI,Total Capital Ratio,41.9,2023-Q3,rbnz-dashboard
BOI,CET1 Ratio,41.9,2023-Q3,rbnz-dashboard
BOI,Tier 1 Capital Ratio,41.9,2023-Q3,rbnz-dashboard
BOI,Total Non-Performing Loans,,2023-Q3,rbnz-dashboard
BOI,NPL Ratio,,2023-Q3,rbnz-dashboard
BOI,Return on Assets,2.2,2023-Q3,rbnz-dashboard
BOI,Return on Equity,5.8,2023-Q3,rbnz-dashboard
BOI,NIM,4.5,2023-Q3,rbnz-dashboard
BOI,Net Interest Income,1.8,2023-Q3,rbnz-dashboard
BOI,Trading and Hedging Gains,0,2023-Q3,rbnz-dashboard
BOI,Fees and Commission Income,0.1,2023-Q3,rbnz-dashboard
BOI,Other Income,0,2023-Q3,rbnz-dashboard
BOI,Operating Expenses,0.7,2023-Q3,rbnz-dashboard
BOI,Profit After Tax,0.9,2023-Q3,rbnz-dashboard
BOI,Total Assets,168.7,2023-Q3,rbnz-dashboard
BOI,Cash Position,25.5,2023-Q3,rbnz-dashboard
BOI,Net Loans and Advances,140.8,2023-Q3,rbnz-dashboard
BOI,Deposits,87.1,2023-Q3,rbnz-dashboard
BOI,Equity,62.8,2023-Q3,rbnz-dashboard
BOI,Core Funding Ratio (CFR),93.7,2023-Q3,rbnz-dashboard
CBA Group,Total Capital Ratio,,2023-Q3,rbnz-dashboard
CBA Group,CET1 Ratio,,2023-Q3,rbnz-dashboard
CBA Group,Tier 1 Capital Ratio,,2023-Q3,rbnz-dashboard
CBA Group,Total Non-Performing Loans,590.6,2023-Q3,rbnz-dashboard
CBA Group,NPL Ratio,0.5,2023-Q3,rbnz-dashboard
CBA Group,Return on Assets,1.1,2023-Q3,rbnz-dashboard
CBA Group,Return on Equity,12.3,2023-Q3,rbnz-dashboard
CBA Group,NIM,2.4,2023-Q3,rbnz-dashboard
CBA Group,Net Interest Income,758.2,2023-Q3,rbnz-dashboard
CBA Group,Trading and Hedging Gains,19.3,2023-Q3,rbnz-dashboard
CBA Group,Fees and Commission Income,100.6,2023-Q3,rbnz-dashboard
CBA Group,Other Income,1.9,2023-Q3,rbnz-dashboard
CBA Group,Operating Expenses,334.1,2023-Q3,rbnz-dashboard
CBA Group,Profit After Tax,372.3,2023-Q3,rbnz-dashboard
CBA Group,Total Assets,129592.1,2023-Q3,rbnz-dashboard
CBA Group,Cash Position,7701.3,2023-Q3,rbnz-dashboard
CBA Group,Net Loans and Advances,110448.7,2023-Q3,rbnz-dashboard
CBA Group,Deposits,82027.4,2023-Q3,rbnz-dashboard
CBA Group,Equity,12098.8,2023-Q3,rbnz-dashboard
CBA Group,Core Funding Ratio (CFR),,2023-Q3,rbnz-dashboard
CCB,Total Capital Ratio,18,2023-Q3,rbnz-dashboard
CCB,CET1 Ratio,18,2023-Q3,rbnz-dashboard
CCB,Tier 1 Capital Ratio,18,2023-Q3,rbnz-dashboard
CCB,Total Non-Performing Loans,1,2023-Q3,rbnz-dashboard
CCB,NPL Ratio,0.1,2023-Q3,rbnz-dashboard
CCB,Return on Assets,1.2,2023-Q3,rbnz-dashboard
CCB,Return on Equity,9.1,2023-Q3,rbnz-dashboard
CCB,NIM,2.1,2023-Q3,rbnz-dashboard
CCB,Net Interest Income,12.2,2023-Q3,rbnz-dashboard
CCB,Trading and Hedging Gains,-0.2,2023-Q3,rbnz-dashboard
CCB,Fees and Commission Income,0.6,2023-Q3,rbnz-dashboard
CCB,Other Income,0.1,2023-Q3,rbnz-dashboard
CCB,Operating Expenses,3.3,2023-Q3,rbnz-dashboard
CCB,Profit After Tax,6.9,2023-Q3,rbnz-dashboard
CCB,Total Assets,2365.7,2023-Q3,rbnz-dashboard
CCB,Cash Position,210.4,2023-Q3,rbnz-dashboard
CCB,Net Loans and Advances,1801.7,2023-Q3,rbnz-dashboard
CCB,Deposits,508.7,2023-Q3,rbnz-dashboard
CCB,Equity,305.2,2023-Q3,rbnz-dashboard
CCB,Core Funding Ratio (CFR),89.5,2023-Q3,rbnz-dashboard
CCB Group,Total Capital Ratio,,2023-Q3,rbnz-dashboard
CCB Group,CET1 Ratio,,2023-Q3,rbnz-dashboard
CCB Group,Tier 1 Capital Ratio,,2023-Q3,rbnz-dashboard
CCB Group,Total Non-Performing Loans,1,2023-Q3,rbnz-dashboard
CCB Group,NPL Ratio,0,2023-Q3,rbnz-dashboard
CCB Group,Return on Assets,1.1,2023-Q3,rbnz-dashboard
CCB Group,Return on Equity,13.6,2023-Q3,rbnz-dashboard
CCB Group,NIM,2.2,2023-Q3,rbnz-dashboard
CCB Group,Net Interest Income,23.7,2023-Q3,rbnz-dashboard
CCB Group,Trading and Hedging Gains,-4.2,2023-Q3,rbnz-dashboard
CCB Group,Fees and Commission Income,2.6,2023-Q3,rbnz-dashboard
CCB Group,Other Income,0,2023-Q3,rbnz-dashboard
CCB Group,Operating Expenses,5.4,2023-Q3,rbnz-dashboard
CCB Group,Profit After Tax,12.1,2023-Q3,rbnz-dashboard
CCB Group,Total Assets,4400.2,2023-Q3,rbnz-dashboard
CCB Group,Cash Position,730.8,2023-Q3,rbnz-dashboard
CCB Group,Net Loans and Advances,3278,2023-Q3,rbnz-dashboard
CCB Group,Deposits,506.7,2023-Q3,rbnz-dashboard
CCB Group,Equity,359.2,2023-Q3,rbnz-dashboard
CCB Group,Core Funding Ratio (CFR),,2023-Q3,rbnz-dashboard
Co-op,Total Capital Ratio,16.3,2023-Q3,rbnz-dashboard
Co-op,CET1 Ratio,14.1,2023-Q3,rbnz-dashboard
Co-op,Tier 1 Capital Ratio,14.1,2023-Q3,rbnz-dashboard
Co-op,Total Non-Performing Loans,8,2023-Q3,rbnz-dashboard
Co-op,NPL Ratio,0.3,2023-Q3,rbnz-dashboard
Co-op,Return on Assets,0.3,2023-Q3,rbnz-dashboard
Co-op,Return on Equity,3.9,2023-Q3,rbnz-dashboard
Co-op,NIM,2.6,2023-Q3,rbnz-dashboard
Co-op,Net Interest Income,21.5,2023-Q3,rbnz-dashboard
Co-op,Trading and Hedging Gains,-0.4,2023-Q3,rbnz-dashboard
Co-op,Fees and Commission Income,3.3,2023-Q3,rbnz-dashboard
Co-op,Other Income,1.4,2023-Q3,rbnz-dashboard
Co-op,Operating Expenses,21.7,2023-Q3,rbnz-dashboard
Co-op,Profit After Tax,2.6,2023-Q3,rbnz-dashboard
Co-op,Total Assets,3465.8,2023-Q3,rbnz-dashboard
Co-op,Cash Position,30.8,2023-Q3,rbnz-dashboard
Co-op,Net Loans and Advances,3027.5,2023-Q3,rbnz-dashboard
Co-op,Deposits,2952.9,2023-Q3,rbnz-dashboard
Co-op,Equity,266.5,2023-Q3,rbnz-dashboard
Co-op,Core Funding Ratio (CFR),102.7,2023-Q3,rbnz-dashboard
Heartland,Total Capital Ratio,13.8,2023-Q3,rbnz-dashboard
Heartland,CET1 Ratio,11.8,2023-Q3,rbnz-dashboard
Heartland,Tier 1 Capital Ratio,11.8,2023-Q3,rbnz-dashboard
Heartland,Total Non-Performing Loans,152.4,2023-Q3,rbnz-dashboard
Heartland,NPL Ratio,3,2023-Q3,rbnz-dashboard
Heartland,Return on Assets,1.3,2023-Q3,rbnz-dashboard
Heartland,Return on Equity,9.8,2023-Q3,rbnz-dashboard
Heartland,NIM,3.8,2023-Q3,rbnz-dashboard
Heartland,Net Interest Income,52.9,2023-Q3,rbnz-dashboard
Heartland,Trading and Hedging Gains,-1.6,2023-Q3,rbnz-dashboard
Heartland,Fees and Commission Income,2.3,2023-Q3,rbnz-dashboard
Heartland,Other Income,2.7,2023-Q3,rbnz-dashboard
Heartland,Operating Expenses,26.3,2023-Q3,rbnz-dashboard
Heartland,Profit After Tax,17.9,2023-Q3,rbnz-dashboard
Heartland,Total Assets,5713.7,2023-Q3,rbnz-dashboard
Heartland,Cash Position,273,2023-Q3,rbnz-dashboard
Heartland,Net Loans and Advances,4958.2,2023-Q3,rbnz-dashboard
Heartland,Deposits,4147,2023-Q3,rbnz-dashboard
Heartland,Equity,704.6,2023-Q3,rbnz-dashboard
Heartland,Core Funding Ratio (CFR),90.5,2023-Q3,rbnz-dashboard
ICBC,Total Capital Ratio,18.7,2023-Q3,rbnz-dashboard
ICBC,CET1 Ratio,18.7,2023-Q3,rbnz-dashboard
ICBC,Tier 1 Capital Ratio,18.7,2023-Q3,rbnz-dashboard
ICBC,Total Non-Performing Loans,1.4,2023-Q3,rbnz-dashboard
ICBC,NPL Ratio,0.1,2023-Q3,rbnz-dashboard
ICBC,Return on Assets,0.6,2023-Q3,rbnz-dashboard
ICBC,Return on Equity,4.2,2023-Q3,rbnz-dashboard
ICBC,NIM,1.5,2023-Q3,rbnz-dashboard
ICBC,Net Interest Income,8.5,2023-Q3,rbnz-dashboard
ICBC,Trading and Hedging Gains,2.1,2023-Q3,rbnz-dashboard
ICBC,Fees and Commission Income,0.3,2023-Q3,rbnz-dashboard
ICBC,Other Income,2.1,2023-Q3,rbnz-dashboard
ICBC,Operating Expenses,5.9,2023-Q3,rbnz-dashboard
ICBC,Profit After Tax,3.3,2023-Q3,rbnz-dashboard
ICBC,Total Assets,2205.2,2023-Q3,rbnz-dashboard
ICBC,Cash Position,272.9,2023-Q3,rbnz-dashboard
ICBC,Net Loans and Advances,1693.8,2023-Q3,rbnz-dashboard
ICBC,Deposits,708.3,2023-Q3,rbnz-dashboard
ICBC,Equity,311.6,2023-Q3,rbnz-dashboard
ICBC,Core Funding Ratio (CFR),91.6,2023-Q3,rbnz-dashboard
ICBC Group,Total Capital Ratio,,2023-Q3,rbnz-dashboard
ICBC Group,CET1 Ratio,,2023-Q3,rbnz-dashboard
ICBC Group,Tier 1 Capital Ratio,,2023-Q3,rbnz-dashboard
ICBC Group,Total Non-Performing Loans,1.4,2023-Q3,rbnz-dashboard
ICBC Group,NPL Ratio,0,2023-Q3,rbnz-dashboard
ICBC Group,Return on Assets,0.9,2023-Q3,rbnz-dashboard
ICBC Group,Return on Equity,8,2023-Q3,rbnz-dashboard
ICBC Group,NIM,1.8,2023-Q3,rbnz-dashboard
ICBC Group,Net Interest Income,17.7,2023-Q3,rbnz-dashboard
ICBC Group,Trading and Hedging Gains,2.2,2023-Q3,rbnz-dashboard
ICBC Group,Fees and Commission Income,0.4,2023-Q3,rbnz-dashboard
ICBC Group,Other Income,0,2023-Q3,rbnz-dashboard
ICBC Group,Operating Expenses,6,2023-Q3,rbnz-dashboard
ICBC Group,Profit After Tax,8.4,2023-Q3,rbnz-dashboard
ICBC Group,Total Assets,4093.1,2023-Q3,rbnz-dashboard
ICBC Group,Cash Position,379.6,2023-Q3,rbnz-dashboard
ICBC Group,Net Loans and Advances,3459.3,2023-Q3,rbnz-dashboard
ICBC Group,Deposits,708.1,2023-Q3,rbnz-dashboard
ICBC Group,Equity,419.7,2023-Q3,rbnz-dashboard
ICBC Group,Core Funding Ratio (CFR),,2023-Q3,rbnz-dashboard
Kiwibank,Total Capital Ratio,15.7,2023-Q3,rbnz-dashboard
Kiwibank,CET1 Ratio,11.7,2023-Q3,rbnz-dashboard
Kiwibank,Tier 1 Capital Ratio,13.1,2023-Q3,rbnz-dashboard
Kiwibank,Total Non-Performing Loans,39,2023-Q3,rbnz-dashboard
Kiwibank,NPL Ratio,0.1,2023-Q3,rbnz-dashboard
Kiwibank,Return on Assets,0.7,2023-Q3,rbnz-dashboard
Kiwibank,Return on Equity,9.5,2023-Q3,rbnz-dashboard
Kiwibank,NIM,2.5,2023-Q3,rbnz-dashboard
Kiwibank,Net Interest Income,210.7,2023-Q3,rbnz-dashboard
Kiwibank,Trading and Hedging Gains,0.5,2023-Q3,rbnz-dashboard
Kiwibank,Fees and Commission Income,19.3,2023-Q3,rbnz-dashboard
Kiwibank,Other Income,-0.2,2023-Q3,rbnz-dashboard
Kiwibank,Operating Expenses,142.1,2023-Q3,rbnz-dashboard
Kiwibank,Profit After Tax,59.3,2023-Q3,rbnz-dashboard
Kiwibank,Total Assets,33909.3,2023-Q3,rbnz-dashboard
Kiwibank,Cash Position,820,2023-Q3,rbnz-dashboard
Kiwibank,Net Loans and Advances,30185.3,2023-Q3,rbnz-dashboard
Kiwibank,Deposits,25747.6,2023-Q3,rbnz-dashboard
Kiwibank,Equity,2538.1,2023-Q3,rbnz-dashboard
Kiwibank,Core Funding Ratio (CFR),90.6,2023-Q3,rbnz-dashboard
Rabo Group,Total Capital Ratio,,2023-Q3,rbnz-dashboard
Rabo Group,CET1 Ratio,,2023-Q3,rbnz-dashboard
Rabo Group,Tier 1 Capital Ratio,,2023-Q3,rbnz-dashboard
Rabo Group,Total Non-Performing Loans,413.1,2023-Q3,rbnz-dashboard
Rabo Group,NPL Ratio,2.5,2023-Q3,rbnz-dashboard
Rabo Group,Return on Assets,1,2023-Q3,rbnz-dashboard
Rabo Group,Return on Equity,7.6,2023-Q3,rbnz-dashboard
Rabo Group,NIM,2.8,2023-Q3,rbnz-dashboard
Rabo Group,Net Interest Income,134.3,2023-Q3,rbnz-dashboard
Rabo Group,Trading and Hedging Gains,-11.2,2023-Q3,rbnz-dashboard
Rabo Group,Fees and Commission Income,0.7,2023-Q3,rbnz-dashboard
Rabo Group,Other Income,4.4,2023-Q3,rbnz-dashboard
Rabo Group,Operating Expenses,55.7,2023-Q3,rbnz-dashboard
Rabo Group,Profit After Tax,50.9,2023-Q3,rbnz-dashboard
Rabo Group,Total Assets,20251.1,2023-Q3,rbnz-dashboard
Rabo Group,Cash Position,3296.2,2023-Q3,rbnz-dashboard
Rabo Group,Net Loans and Advances,16245.8,2023-Q3,rbnz-dashboard
Rabo Group,Deposits,6429.5,2023-Q3,rbnz-dashboard
Rabo Group,Equity,2677.8,2023-Q3,rbnz-dashboard
Rabo Group,Core Funding Ratio (CFR),,2023-Q3,rbnz-dashboard
Rabobank,Total Capital Ratio,14.2,2023-Q3,rbnz-dashboard
Rabobank,CET1 Ratio,14.2,2023-Q3,rbnz-dashboard
Rabobank,Tier 1 Capital Ratio,14.2,2023-Q3,rbnz-dashboard
Rabobank,Total Non-Performing Loans,339.2,2023-Q3,rbnz-dashboard
Rabobank,NPL Ratio,2.6,2023-Q3,rbnz-dashboard
Rabobank,Return on Assets,1.2,2023-Q3,rbnz-dashboard
Rabobank,Return on Equity,8.8,2023-Q3,rbnz-dashboard
Rabobank,NIM,2.9,2023-Q3,rbnz-dashboard
Rabobank,Net Interest Income,110.9,2023-Q3,rbnz-dashboard
Rabobank,Trading and Hedging Gains,0.2,2023-Q3,rbnz-dashboard
Rabobank,Fees and Commission Income,0.2,2023-Q3,rbnz-dashboard
Rabobank,Other Income,0,2023-Q3,rbnz-dashboard
Rabobank,Operating Expenses,44.2,2023-Q3,rbnz-dashboard
Rabobank,Profit After Tax,48,2023-Q3,rbnz-dashboard
Rabobank,Total Assets,15709.3,2023-Q3,rbnz-dashboard
Rabobank,Cash Position,2165.8,2023-Q3,rbnz-dashboard
Rabobank,Net Loans and Advances,13075.7,2023-Q3,rbnz-dashboard
Rabobank,Deposits,6251.9,2023-Q3,rbnz-dashboard
Rabobank,Equity,2177.8,2023-Q3,rbnz-dashboard
Rabobank,Core Funding Ratio (CFR),82.9,2023-Q3,rbnz-dashboard
SBS,Total Capital Ratio,13.5,2023-Q3,rbnz-dashboard
SBS,CET1 Ratio,12.1,2023-Q3,rbnz-dashboard
SBS,Tier 1 Capital Ratio,12.1,2023-Q3,rbnz-dashboard
SBS,Total Non-Performing Loans,12.2,2023-Q3,rbnz-dashboard
SBS,NPL Ratio,0.2,2023-Q3,rbnz-dashboard
SBS,Return on Assets,0.6,2023-Q3,rbnz-dashboard
SBS,Return on Equity,6.8,2023-Q3,rbnz-dashboard
SBS,NIM,2.5,2023-Q3,rbnz-dashboard
SBS,Net Interest Income,37.6,2023-Q3,rbnz-dashboard
SBS,Trading and Hedging Gains,0.8,2023-Q3,rbnz-dashboard
SBS,Fees and Commission Income,6.7,2023-Q3,rbnz-dashboard
SBS,Other Income,1.2,2023-Q3,rbnz-dashboard
SBS,Operating Expenses,30.5,2023-Q3,rbnz-dashboard
SBS,Profit After Tax,8.9,2023-Q3,rbnz-dashboard
SBS,Total Assets,6256.4,2023-Q3,rbnz-dashboard
SBS,Cash Position,59.1,2023-Q3,rbnz-dashboard
SBS,Net Loans and Advances,5341,2023-Q3,rbnz-dashboard
SBS,Deposits,4208.6,2023-Q3,rbnz-dashboard
SBS,Equity,523.6,2023-Q3,rbnz-dashboard
SBS,Core Funding Ratio (CFR),95.5,2023-Q3,rbnz-dashboard
TSB,Total Capital Ratio,13.8,2023-Q3,rbnz-dashboard
TSB,CET1 Ratio,13.8,2023-Q3,rbnz-dashboard
TSB,Tier 1 Capital Ratio,13.8,2023-Q3,rbnz-dashboard
TSB,Total Non-Performing Loans,36.7,2023-Q3,rbnz-dashboard
TSB,NPL Ratio,0.5,2023-Q3,rbnz-dashboard
TSB,Return on Assets,0.3,2023-Q3,rbnz-dashboard
TSB,Return on Equity,4,2023-Q3,rbnz-dashboard
TSB,NIM,2,2023-Q3,rbnz-dashboard
TSB,Net Interest Income,45.1,2023-Q3,rbnz-dashboard
TSB,Trading and Hedging Gains,-0.7,2023-Q3,rbnz-dashboard
TSB,Fees and Commission Income,3.3,2023-Q3,rbnz-dashboard
TSB,Other Income,1.1,2023-Q3,rbnz-dashboard
TSB,Operating Expenses,38.5,2023-Q3,rbnz-dashboard
TSB,Profit After Tax,7.3,2023-Q3,rbnz-dashboard
TSB,Total Assets,9354.8,2023-Q3,rbnz-dashboard
TSB,Cash Position,510.6,2023-Q3,rbnz-dashboard
TSB,Net Loans and Advances,7284.7,2023-Q3,rbnz-dashboard
TSB,Deposits,8398.8,2023-Q3,rbnz-dashboard
TSB,Equity,731.3,2023-Q3,rbnz-dashboard
TSB,Core Funding Ratio (CFR),113.5,2023-Q3,rbnz-dashboard
WBC Group,Total Capital Ratio,,2023-Q3,rbnz-dashboard
WBC Group,CET1 Ratio,,2023-Q3,rbnz-dashboard
WBC Group,Tier 1 Capital Ratio,,2023-Q3,rbnz-dashboard
WBC Group,Total Non-Performing Loans,378.9,2023-Q3,rbnz-dashboard
WBC Group,NPL Ratio,0.4,2023-Q3,rbnz-dashboard
WBC Group,Return on Assets,1,2023-Q3,rbnz-dashboard
WBC Group,Return on Equity,12,2023-Q3,rbnz-dashboard
WBC Group,NIM,2.3,2023-Q3,rbnz-dashboard
WBC Group,Net Interest Income,725.3,2023-Q3,rbnz-dashboard
WBC Group,Trading and Hedging Gains,3.1,2023-Q3,rbnz-dashboard
WBC Group,Fees and Commission Income,63.4,2023-Q3,rbnz-dashboard
WBC Group,Other Income,2.5,2023-Q3,rbnz-dashboard
WBC Group,Operating Expenses,367,2023-Q3,rbnz-dashboard
WBC Group,Profit After Tax,328.1,2023-Q3,rbnz-dashboard
WBC Group,Total Assets,132798.4,2023-Q3,rbnz-dashboard
WBC Group,Cash Position,12105.4,2023-Q3,rbnz-dashboard
WBC Group,Net Loans and Advances,99710.5,2023-Q3,rbnz-dashboard
WBC Group,Deposits,79901.6,2023-Q3,rbnz-dashboard
WBC Group,Equity,10828.8,2023-Q3,rbnz-dashboard
WBC Group,Core Funding Ratio (CFR),,2023-Q3,rbnz-dashboard
Westpac,Total Capital Ratio,14.4,2023-Q3,rbnz-dashboard
Westpac,CET1 Ratio,11.1,2023-Q3,rbnz-dashboard
Westpac,Tier 1 Capital Ratio,12.7,2023-Q3,rbnz-dashboard
Westpac,Total Non-Performing Loans,378.9,2023-Q3,rbnz-dashboard
Westpac,NPL Ratio,0.4,2023-Q3,rbnz-dashboard
Westpac,Return on Assets,1,2023-Q3,rbnz-dashboard
Westpac,Return on Equity,13.2,2023-Q3,rbnz-dashboard
Westpac,NIM,2.3,2023-Q3,rbnz-dashboard
Westpac,Net Interest Income,680.3,2023-Q3,rbnz-dashboard
Westpac,Trading and Hedging Gains,-6.1,2023-Q3,rbnz-dashboard
Westpac,Fees and Commission Income,63.8,2023-Q3,rbnz-dashboard
Westpac,Other Income,7.2,2023-Q3,rbnz-dashboard
Westpac,Operating Expenses,348.9,2023-Q3,rbnz-dashboard
Westpac,Profit After Tax,305.1,2023-Q3,rbnz-dashboard
Westpac,Total Assets,122640.4,2023-Q3,rbnz-dashboard
Westpac,Cash Position,9805.6,2023-Q3,rbnz-dashboard
Westpac,Net Loans and Advances,99327.6,2023-Q3,rbnz-dashboard
Westpac,Deposits,79940.8,2023-Q3,rbnz-dashboard
Westpac,Equity,9143.9,2023-Q3,rbnz-dashboard
Westpac,Core Funding Ratio (CFR),88.8,2023-Q3,rbnz-dashboard
ANZ,Total Capital Ratio,16.6,2023-Q4,rbnz-dashboard
ANZ,CET1 Ratio,13.5,2023-Q4,rbnz-dashboard
ANZ,Tier 1 Capital Ratio,15.2,2023-Q4,rbnz-dashboard
ANZ,Total Non-Performing Loans,1146.8,2023-Q4,rbnz-dashboard
ANZ,NPL Ratio,0.8,2023-Q4,rbnz-dashboard
ANZ,Return on Assets,0.9,2023-Q4,rbnz-dashboard
ANZ,Return on Equity,9.2,2023-Q4,rbnz-dashboard
ANZ,NIM,2.4,2023-Q4,rbnz-dashboard
ANZ,Net Interest Income,1088.5,2023-Q4,rbnz-dashboard
ANZ,Trading and Hedging Gains,-157,2023-Q4,rbnz-dashboard
ANZ,Fees and Commission Income,137.6,2023-Q4,rbnz-dashboard
ANZ,Other Income,5.1,2023-Q4,rbnz-dashboard
ANZ,Operating Expenses,440.5,2023-Q4,rbnz-dashboard
ANZ,Profit After Tax,432.1,2023-Q4,rbnz-dashboard
ANZ,Total Assets,197861.4,2023-Q4,rbnz-dashboard
ANZ,Cash Position,14800.4,2023-Q4,rbnz-dashboard
ANZ,Net Loans and Advances,150208.7,2023-Q4,rbnz-dashboard
ANZ,Deposits,134698.3,2023-Q4,rbnz-dashboard
ANZ,Equity,18896.7,2023-Q4,rbnz-dashboard
ANZ,Core Funding Ratio (CFR),91,2023-Q4,rbnz-dashboard
ANZ Group,Total Capital Ratio,,2023-Q4,rbnz-dashboard
ANZ Group,CET1 Ratio,,2023-Q4,rbnz-dashboard
ANZ Group,Tier 1 Capital Ratio,,2023-Q4,rbnz-dashboard
ANZ Group,Total Non-Performing Loans,1150,2023-Q4,rbnz-dashboard
ANZ Group,NPL Ratio,0.8,2023-Q4,rbnz-dashboard
ANZ Group,Return on Assets,0.8,2023-Q4,rbnz-dashboard
ANZ Group,Return on Equity,9.7,2023-Q4,rbnz-dashboard
ANZ Group,NIM,2.3,2023-Q4,rbnz-dashboard
ANZ Group,Net Interest Income,1071.6,2023-Q4,rbnz-dashboard
ANZ Group,Trading and Hedging Gains,-166.5,2023-Q4,rbnz-dashboard
ANZ Group,Fees and Commission Income,137.6,2023-Q4,rbnz-dashboard
ANZ Group,Other Income,4.9,2023-Q4,rbnz-dashboard
ANZ Group,Operating Expenses,440.7,2023-Q4,rbnz-dashboard
ANZ Group,Profit After Tax,412.5,2023-Q4,rbnz-dashboard
ANZ Group,Total Assets,198148.8,2023-Q4,rbnz-dashboard
ANZ Group,Cash Position,14800.4,2023-Q4,rbnz-dashboard
ANZ Group,Net Loans and Advances,150499.8,2023-Q4,rbnz-dashboard
ANZ Group,Deposits,134698.3,2023-Q4,rbnz-dashboard
ANZ Group,Equity,17141,2023-Q4,rbnz-dashboard
ANZ Group,Core Funding Ratio (CFR),,2023-Q4,rbnz-dashboard
ASB,Total Capital Ratio,15.5,2023-Q4,rbnz-dashboard
ASB,CET1 Ratio,14.1,2023-Q4,rbnz-dashboard
ASB,Tier 1 Capital Ratio,14.1,2023-Q4,rbnz-dashboard
ASB,Total Non-Performing Loans,663,2023-Q4,rbnz-dashboard
ASB,NPL Ratio,0.6,2023-Q4,rbnz-dashboard
ASB,Return on Assets,1.2,2023-Q4,rbnz-dashboard
ASB,Return on Equity,14.5,2023-Q4,rbnz-dashboard
ASB,NIM,2.3,2023-Q4,rbnz-dashboard
ASB,Net Interest Income,738.7,2023-Q4,rbnz-dashboard
ASB,Trading and Hedging Gains,14.1,2023-Q4,rbnz-dashboard
ASB,Fees and Commission Income,96.2,2023-Q4,rbnz-dashboard
ASB,Other Income,-1.6,2023-Q4,rbnz-dashboard
ASB,Operating Expenses,315.2,2023-Q4,rbnz-dashboard
ASB,Profit After Tax,396.4,2023-Q4,rbnz-dashboard
ASB,Total Assets,126445.8,2023-Q4,rbnz-dashboard
ASB,Cash Position,6940.2,2023-Q4,rbnz-dashboard
ASB,Net Loans and Advances,107642.1,2023-Q4,rbnz-dashboard
ASB,Deposits,84182.3,2023-Q4,rbnz-dashboard
ASB,Equity,10393.8,2023-Q4,rbnz-dashboard
ASB,Core Funding Ratio (CFR),92.1,2023-Q4,rbnz-dashboard
BNZ,Total Capital Ratio,15.4,2023-Q4,rbnz-dashboard
BNZ,CET1 Ratio,13.8,2023-Q4,rbnz-dashboard
BNZ,Tier 1 Capital Ratio,14.3,2023-Q4,rbnz-dashboard
BNZ,Total Non-Performing Loans,425.1,2023-Q4,rbnz-dashboard
BNZ,NPL Ratio,0.4,2023-Q4,rbnz-dashboard
BNZ,Return on Assets,1.2,2023-Q4,rbnz-dashboard
BNZ,Return on Equity,13,2023-Q4,rbnz-dashboard
BNZ,NIM,2.4,2023-Q4,rbnz-dashboard
BNZ,Net Interest Income,740.3,2023-Q4,rbnz-dashboard
BNZ,Trading and Hedging Gains,66.6,2023-Q4,rbnz-dashboard
BNZ,Fees and Commission Income,84.4,2023-Q4,rbnz-dashboard
BNZ,Other Income,0,2023-Q4,rbnz-dashboard
BNZ,Operating Expenses,325.7,2023-Q4,rbnz-dashboard
BNZ,Profit After Tax,408.3,2023-Q4,rbnz-dashboard
BNZ,Total Assets,131374.4,2023-Q4,rbnz-dashboard
BNZ,Cash Position,10560.5,2023-Q4,rbnz-dashboard
BNZ,Net Loans and Advances,103780.5,2023-Q4,rbnz-dashboard
BNZ,Deposits,82747.7,2023-Q4,rbnz-dashboard
BNZ,Equity,12442.8,2023-Q4,rbnz-dashboard
BNZ,Core Funding Ratio (CFR),91.1,2023-Q4,rbnz-dashboard
BOB,Total Capital Ratio,68.7,2023-Q4,rbnz-dashboard
BOB,CET1 Ratio,68.7,2023-Q4,rbnz-dashboard
BOB,Tier 1 Capital Ratio,68.7,2023-Q4,rbnz-dashboard
BOB,Total Non-Performing Loans,0,2023-Q4,rbnz-dashboard
BOB,NPL Ratio,0,2023-Q4,rbnz-dashboard
BOB,Return on Assets,1.8,2023-Q4,rbnz-dashboard
BOB,Return on Equity,4.8,2023-Q4,rbnz-dashboard
BOB,NIM,4.3,2023-Q4,rbnz-dashboard
BOB,Net Interest Income,1.5,2023-Q4,rbnz-dashboard
BOB,Trading and Hedging Gains,0.1,2023-Q4,rbnz-dashboard
BOB,Fees and Commission Income,0.1,2023-Q4,rbnz-dashboard
BOB,Other Income,0,2023-Q4,rbnz-dashboard
BOB,Operating Expenses,0.8,2023-Q4,rbnz-dashboard
BOB,Profit After Tax,0.6,2023-Q4,rbnz-dashboard
BOB,Total Assets,134.9,2023-Q4,rbnz-dashboard
BOB,Cash Position,29.2,2023-Q4,rbnz-dashboard
BOB,Net Loans and Advances,104.7,2023-Q4,rbnz-dashboard
BOB,Deposits,80.4,2023-Q4,rbnz-dashboard
BOB,Equity,52.8,2023-Q4,rbnz-dashboard
BOB,Core Funding Ratio (CFR),107.8,2023-Q4,rbnz-dashboard
BOC,Total Capital Ratio,19.9,2023-Q4,rbnz-dashboard
BOC,CET1 Ratio,19.9,2023-Q4,rbnz-dashboard
BOC,Tier 1 Capital Ratio,19.9,2023-Q4,rbnz-dashboard
BOC,Total Non-Performing Loans,2.9,2023-Q4,rbnz-dashboard
BOC,NPL Ratio,0.1,2023-Q4,rbnz-dashboard
BOC,Return on Assets,1.3,2023-Q4,rbnz-dashboard
BOC,Return on Equity,16.1,2023-Q4,rbnz-dashboard
BOC,NIM,0.9,2023-Q4,rbnz-dashboard
BOC,Net Interest Income,9,2023-Q4,rbnz-dashboard
BOC,Trading and Hedging Gains,0,2023-Q4,rbnz-dashboard
BOC,Fees and Commission Income,10.3,2023-Q4,rbnz-dashboard
BOC,Other Income,0.1,2023-Q4,rbnz-dashboard
BOC,Operating Expenses,7.1,2023-Q4,rbnz-dashboard
BOC,Profit After Tax,12.2,2023-Q4,rbnz-dashboard
BOC,Total Assets,3912.4,2023-Q4,rbnz-dashboard
BOC,Cash Position,1110.9,2023-Q4,rbnz-dashboard
BOC,Net Loans and Advances,2486.5,2023-Q4,rbnz-dashboard
BOC,Deposits,1835.6,2023-Q4,rbnz-dashboard
BOC,Equity,305.1,2023-Q4,rbnz-dashboard
BOC,Core Funding Ratio (CFR),82.1,2023-Q4,rbnz-dashboard
BOC Group,Total Capital Ratio,,2023-Q4,rbnz-dashboard
BOC Group,CET1 Ratio,,2023-Q4,rbnz-dashboard
BOC Group,Tier 1 Capital Ratio,,2023-Q4,rbnz-dashboard
BOC Group,Total Non-Performing Loans,2.9,2023-Q4,rbnz-dashboard
BOC Group,NPL Ratio,0.1,2023-Q4,rbnz-dashboard
BOC Group,Return on Assets,0.9,2023-Q4,rbnz-dashboard
BOC Group,Return on Equity,19.3,2023-Q4,rbnz-dashboard
BOC Group,NIM,1.4,2023-Q4,rbnz-dashboard
BOC Group,Net Interest Income,23.9,2023-Q4,rbnz-dashboard
BOC Group,Trading and Hedging Gains,1.1,2023-Q4,rbnz-dashboard
BOC Group,Fees and Commission Income,0.8,2023-Q4,rbnz-dashboard
BOC Group,Other Income,0.1,2023-Q4,rbnz-dashboard
BOC Group,Operating Expenses,7.6,2023-Q4,rbnz-dashboard
BOC Group,Profit After Tax,15.4,2023-Q4,rbnz-dashboard
BOC Group,Total Assets,7155.5,2023-Q4,rbnz-dashboard
BOC Group,Cash Position,1165.5,2023-Q4,rbnz-dashboard
BOC Group,Net Loans and Advances,5634.5,2023-Q4,rbnz-dashboard
BOC Group,Deposits,1931.9,2023-Q4,rbnz-dashboard
BOC Group,Equity,320.7,2023-Q4,rbnz-dashboard
BOC Group,Core Funding Ratio (CFR),,2023-Q4,rbnz-dashboard
BOI,Total Capital Ratio,39.8,2023-Q4,rbnz-dashboard
BOI,CET1 Ratio,39.8,2023-Q4,rbnz-dashboard
BOI,Tier 1 Capital Ratio,39.8,2023-Q4,rbnz-dashboard
BOI,Total Non-Performing Loans,17.1,2023-Q4,rbnz-dashboard
BOI,NPL Ratio,11.7,2023-Q4,rbnz-dashboard
BOI,Return on Assets,0.2,2023-Q4,rbnz-dashboard
BOI,Return on Equity,0.6,2023-Q4,rbnz-dashboard
BOI,NIM,2.9,2023-Q4,rbnz-dashboard
BOI,Net Interest Income,1.2,2023-Q4,rbnz-dashboard
BOI,Trading and Hedging Gains,0,2023-Q4,rbnz-dashboard
BOI,Fees and Commission Income,0,2023-Q4,rbnz-dashboard
BOI,Other Income,0,2023-Q4,rbnz-dashboard
BOI,Operating Expenses,0.6,2023-Q4,rbnz-dashboard
BOI,Profit After Tax,0.1,2023-Q4,rbnz-dashboard
BOI,Total Assets,168.6,2023-Q4,rbnz-dashboard
BOI,Cash Position,20.8,2023-Q4,rbnz-dashboard
BOI,Net Loans and Advances,145.4,2023-Q4,rbnz-dashboard
BOI,Deposits,86.1,2023-Q4,rbnz-dashboard
BOI,Equity,62.9,2023-Q4,rbnz-dashboard
BOI,Core Funding Ratio (CFR),92.7,2023-Q4,rbnz-dashboard
CBA Group,Total Capital Ratio,,2023-Q4,rbnz-dashboard
CBA Group,CET1 Ratio,,2023-Q4,rbnz-dashboard
CBA Group,Tier 1 Capital Ratio,,2023-Q4,rbnz-dashboard
CBA Group,Total Non-Performing Loans,663,2023-Q4,rbnz-dashboard
CBA Group,NPL Ratio,0.6,2023-Q4,rbnz-dashboard
CBA Group,Return on Assets,1.2,2023-Q4,rbnz-dashboard
CBA Group,Return on Equity,13.8,2023-Q4,rbnz-dashboard
CBA Group,NIM,2.4,2023-Q4,rbnz-dashboard
CBA Group,Net Interest Income,754.6,2023-Q4,rbnz-dashboard
CBA Group,Trading and Hedging Gains,19,2023-Q4,rbnz-dashboard
CBA Group,Fees and Commission Income,96.2,2023-Q4,rbnz-dashboard
CBA Group,Other Income,-1.6,2023-Q4,rbnz-dashboard
CBA Group,Operating Expenses,318.6,2023-Q4,rbnz-dashboard
CBA Group,Profit After Tax,407.9,2023-Q4,rbnz-dashboard
CBA Group,Total Assets,128884.4,2023-Q4,rbnz-dashboard
CBA Group,Cash Position,6692.2,2023-Q4,rbnz-dashboard
CBA Group,Net Loans and Advances,110036.8,2023-Q4,rbnz-dashboard
CBA Group,Deposits,84156.8,2023-Q4,rbnz-dashboard
CBA Group,Equity,11164.8,2023-Q4,rbnz-dashboard
CBA Group,Core Funding Ratio (CFR),,2023-Q4,rbnz-dashboard
CCB,Total Capital Ratio,19.4,2023-Q4,rbnz-dashboard
CCB,CET1 Ratio,19.4,2023-Q4,rbnz-dashboard
CCB,Tier 1 Capital Ratio,19.4,2023-Q4,rbnz-dashboard
CCB,Total Non-Performing Loans,,2023-Q4,rbnz-dashboard
CCB,NPL Ratio,,2023-Q4,rbnz-dashboard
CCB,Return on Assets,1.1,2023-Q4,rbnz-dashboard
CCB,Return on Equity,8.8,2023-Q4,rbnz-dashboard
CCB,NIM,1.8,2023-Q4,rbnz-dashboard
CCB,Net Interest Income,10.7,2023-Q4,rbnz-dashboard
CCB,Trading and Hedging Gains,-3.2,2023-Q4,rbnz-dashboard
CCB,Fees and Commission Income,0.9,2023-Q4,rbnz-dashboard
CCB,Other Income,0.1,2023-Q4,rbnz-dashboard
CCB,Operating Expenses,2.9,2023-Q4,rbnz-dashboard
CCB,Profit After Tax,6.8,2023-Q4,rbnz-dashboard
CCB,Total Assets,2507.3,2023-Q4,rbnz-dashboard
CCB,Cash Position,407.1,2023-Q4,rbnz-dashboard
CCB,Net Loans and Advances,1745.6,2023-Q4,rbnz-dashboard
CCB,Deposits,507.4,2023-Q4,rbnz-dashboard
CCB,Equity,312.6,2023-Q4,rbnz-dashboard
CCB,Core Funding Ratio (CFR),91.7,2023-Q4,rbnz-dashboard
CCB Group,Total Capital Ratio,,2023-Q4,rbnz-dashboard
CCB Group,CET1 Ratio,,2023-Q4,rbnz-dashboard
CCB Group,Tier 1 Capital Ratio,,2023-Q4,rbnz-dashboard
CCB Group,Total Non-Performing Loans,,2023-Q4,rbnz-dashboard
CCB Group,NPL Ratio,,2023-Q4,rbnz-dashboard
CCB Group,Return on Assets,1,2023-Q4,rbnz-dashboard
CCB Group,Return on Equity,12.4,2023-Q4,rbnz-dashboard
CCB Group,NIM,1.9,2023-Q4,rbnz-dashboard
CCB Group,Net Interest Income,20.4,2023-Q4,rbnz-dashboard
CCB Group,Trading and Hedging Gains,-5.7,2023-Q4,rbnz-dashboard
CCB Group,Fees and Commission Income,3.7,2023-Q4,rbnz-dashboard
CCB Group,Other Income,0,2023-Q4,rbnz-dashboard
CCB Group,Operating Expenses,4.8,2023-Q4,rbnz-dashboard
CCB Group,Profit After Tax,11.4,2023-Q4,rbnz-dashboard
CCB Group,Total Assets,4532.9,2023-Q4,rbnz-dashboard
CCB Group,Cash Position,501.8,2023-Q4,rbnz-dashboard
CCB Group,Net Loans and Advances,3661,2023-Q4,rbnz-dashboard
CCB Group,Deposits,509.3,2023-Q4,rbnz-dashboard
CCB Group,Equity,371.5,2023-Q4,rbnz-dashboard
CCB Group,Core Funding Ratio (CFR),,2023-Q4,rbnz-dashboard
Co-op,Total Capital Ratio,17.2,2023-Q4,rbnz-dashboard
Co-op,CET1 Ratio,15,2023-Q4,rbnz-dashboard
Co-op,Tier 1 Capital Ratio,15,2023-Q4,rbnz-dashboard
Co-op,Total Non-Performing Loans,10.1,2023-Q4,rbnz-dashboard
Co-op,NPL Ratio,0.3,2023-Q4,rbnz-dashboard
Co-op,Return on Assets,0.5,2023-Q4,rbnz-dashboard
Co-op,Return on Equity,6.2,2023-Q4,rbnz-dashboard
Co-op,NIM,2.5,2023-Q4,rbnz-dashboard
Co-op,Net Interest Income,21.8,2023-Q4,rbnz-dashboard
Co-op,Trading and Hedging Gains,0,2023-Q4,rbnz-dashboard
Co-op,Fees and Commission Income,3,2023-Q4,rbnz-dashboard
Co-op,Other Income,1.6,2023-Q4,rbnz-dashboard
Co-op,Operating Expenses,20.6,2023-Q4,rbnz-dashboard
Co-op,Profit After Tax,4.1,2023-Q4,rbnz-dashboard
Co-op,Total Assets,3531,2023-Q4,rbnz-dashboard
Co-op,Cash Position,46.4,2023-Q4,rbnz-dashboard
Co-op,Net Loans and Advances,3093.9,2023-Q4,rbnz-dashboard
Co-op,Deposits,3022.4,2023-Q4,rbnz-dashboard
Co-op,Equity,259.6,2023-Q4,rbnz-dashboard
Co-op,Core Funding Ratio (CFR),100.8,2023-Q4,rbnz-dashboard
Heartland,Total Capital Ratio,14.1,2023-Q4,rbnz-dashboard
Heartland,CET1 Ratio,12,2023-Q4,rbnz-dashboard
Heartland,Tier 1 Capital Ratio,12,2023-Q4,rbnz-dashboard
Heartland,Total Non-Performing Loans,178.7,2023-Q4,rbnz-dashboard
Heartland,NPL Ratio,3.5,2023-Q4,rbnz-dashboard
Heartland,Return on Assets,0.5,2023-Q4,rbnz-dashboard
Heartland,Return on Equity,4.3,2023-Q4,rbnz-dashboard
Heartland,NIM,3.7,2023-Q4,rbnz-dashboard
Heartland,Net Interest Income,52.6,2023-Q4,rbnz-dashboard
Heartland,Trading and Hedging Gains,-2.9,2023-Q4,rbnz-dashboard
Heartland,Fees and Commission Income,2.7,2023-Q4,rbnz-dashboard
Heartland,Other Income,3.1,2023-Q4,rbnz-dashboard
Heartland,Operating Expenses,25.9,2023-Q4,rbnz-dashboard
Heartland,Profit After Tax,7.7,2023-Q4,rbnz-dashboard
Heartland,Total Assets,5728.6,2023-Q4,rbnz-dashboard
Heartland,Cash Position,161.6,2023-Q4,rbnz-dashboard
Heartland,Net Loans and Advances,4983.3,2023-Q4,rbnz-dashboard
Heartland,Deposits,4213.8,2023-Q4,rbnz-dashboard
Heartland,Equity,700.4,2023-Q4,rbnz-dashboard
Heartland,Core Funding Ratio (CFR),90,2023-Q4,rbnz-dashboard
ICBC,Total Capital Ratio,17.8,2023-Q4,rbnz-dashboard
ICBC,CET1 Ratio,17.8,2023-Q4,rbnz-dashboard
ICBC,Tier 1 Capital Ratio,17.8,2023-Q4,rbnz-dashboard
ICBC,Total Non-Performing Loans,1.4,2023-Q4,rbnz-dashboard
ICBC,NPL Ratio,0.1,2023-Q4,rbnz-dashboard
ICBC,Return on Assets,0.9,2023-Q4,rbnz-dashboard
ICBC,Return on Equity,6.8,2023-Q4,rbnz-dashboard
ICBC,NIM,1.9,2023-Q4,rbnz-dashboard
ICBC,Net Interest Income,10.8,2023-Q4,rbnz-dashboard
ICBC,Trading and Hedging Gains,0,2023-Q4,rbnz-dashboard
ICBC,Fees and Commission Income,0.3,2023-Q4,rbnz-dashboard
ICBC,Other Income,0.5,2023-Q4,rbnz-dashboard
ICBC,Operating Expenses,5.9,2023-Q4,rbnz-dashboard
ICBC,Profit After Tax,5.4,2023-Q4,rbnz-dashboard
ICBC,Total Assets,2362.9,2023-Q4,rbnz-dashboard
ICBC,Cash Position,352.2,2023-Q4,rbnz-dashboard
ICBC,Net Loans and Advances,1750.4,2023-Q4,rbnz-dashboard
ICBC,Deposits,761.3,2023-Q4,rbnz-dashboard
ICBC,Equity,317,2023-Q4,rbnz-dashboard
ICBC,Core Funding Ratio (CFR),85.6,2023-Q4,rbnz-dashboard
ICBC Group,Total Capital Ratio,,2023-Q4,rbnz-dashboard
ICBC Group,CET1 Ratio,,2023-Q4,rbnz-dashboard
ICBC Group,Tier 1 Capital Ratio,,2023-Q4,rbnz-dashboard
ICBC Group,Total Non-Performing Loans,1.4,2023-Q4,rbnz-dashboard
ICBC Group,NPL Ratio,0,2023-Q4,rbnz-dashboard
ICBC Group,Return on Assets,0.8,2023-Q4,rbnz-dashboard
ICBC Group,Return on Equity,7.6,2023-Q4,rbnz-dashboard
ICBC Group,NIM,2.1,2023-Q4,rbnz-dashboard
ICBC Group,Net Interest Income,22,2023-Q4,rbnz-dashboard
ICBC Group,Trading and Hedging Gains,-0.2,2023-Q4,rbnz-dashboard
ICBC Group,Fees and Commission Income,0.3,2023-Q4,rbnz-dashboard
ICBC Group,Other Income,0,2023-Q4,rbnz-dashboard
ICBC Group,Operating Expenses,6,2023-Q4,rbnz-dashboard
ICBC Group,Profit After Tax,8.1,2023-Q4,rbnz-dashboard
ICBC Group,Total Assets,4312.9,2023-Q4,rbnz-dashboard
ICBC Group,Cash Position,700.8,2023-Q4,rbnz-dashboard
ICBC Group,Net Loans and Advances,3336.3,2023-Q4,rbnz-dashboard
ICBC Group,Deposits,760.3,2023-Q4,rbnz-dashboard
ICBC Group,Equity,427.8,2023-Q4,rbnz-dashboard
ICBC Group,Core Funding Ratio (CFR),,2023-Q4,rbnz-dashboard
Kiwibank,Total Capital Ratio,15.9,2023-Q4,rbnz-dashboard
Kiwibank,CET1 Ratio,11.9,2023-Q4,rbnz-dashboard
Kiwibank,Tier 1 Capital Ratio,13.3,2023-Q4,rbnz-dashboard
Kiwibank,Total Non-Performing Loans,45.3,2023-Q4,rbnz-dashboard
Kiwibank,NPL Ratio,0.1,2023-Q4,rbnz-dashboard
Kiwibank,Return on Assets,0.5,2023-Q4,rbnz-dashboard
Kiwibank,Return on Equity,7.2,2023-Q4,rbnz-dashboard
Kiwibank,NIM,2.4,2023-Q4,rbnz-dashboard
Kiwibank,Net Interest Income,208,2023-Q4,rbnz-dashboard
Kiwibank,Trading and Hedging Gains,-0.8,2023-Q4,rbnz-dashboard
Kiwibank,Fees and Commission Income,11.1,2023-Q4,rbnz-dashboard
Kiwibank,Other Income,-0.4,2023-Q4,rbnz-dashboard
Kiwibank,Operating Expenses,144.2,2023-Q4,rbnz-dashboard
Kiwibank,Profit After Tax,46.1,2023-Q4,rbnz-dashboard
Kiwibank,Total Assets,35393.5,2023-Q4,rbnz-dashboard
Kiwibank,Cash Position,1293.6,2023-Q4,rbnz-dashboard
Kiwibank,Net Loans and Advances,30988.3,2023-Q4,rbnz-dashboard
Kiwibank,Deposits,26834.5,2023-Q4,rbnz-dashboard
Kiwibank,Equity,2539.2,2023-Q4,rbnz-dashboard
Kiwibank,Core Funding Ratio (CFR),90.9,2023-Q4,rbnz-dashboard
Rabo Group,Total Capital Ratio,,2023-Q4,rbnz-dashboard
Rabo Group,CET1 Ratio,,2023-Q4,rbnz-dashboard
Rabo Group,Tier 1 Capital Ratio,,2023-Q4,rbnz-dashboard
Rabo Group,Total Non-Performing Loans,555.3,2023-Q4,rbnz-dashboard
Rabo Group,NPL Ratio,3.3,2023-Q4,rbnz-dashboard
Rabo Group,Return on Assets,1.2,2023-Q4,rbnz-dashboard
Rabo Group,Return on Equity,9.1,2023-Q4,rbnz-dashboard
Rabo Group,NIM,2.5,2023-Q4,rbnz-dashboard
Rabo Group,Net Interest Income,126.5,2023-Q4,rbnz-dashboard
Rabo Group,Trading and Hedging Gains,14.2,2023-Q4,rbnz-dashboard
Rabo Group,Fees and Commission Income,0.7,2023-Q4,rbnz-dashboard
Rabo Group,Other Income,4.8,2023-Q4,rbnz-dashboard
Rabo Group,Operating Expenses,53.4,2023-Q4,rbnz-dashboard
Rabo Group,Profit After Tax,62.3,2023-Q4,rbnz-dashboard
Rabo Group,Total Assets,20813,2023-Q4,rbnz-dashboard
Rabo Group,Cash Position,3212.9,2023-Q4,rbnz-dashboard
Rabo Group,Net Loans and Advances,16606.1,2023-Q4,rbnz-dashboard
Rabo Group,Deposits,6570.5,2023-Q4,rbnz-dashboard
Rabo Group,Equity,2749.4,2023-Q4,rbnz-dashboard
Rabo Group,Core Funding Ratio (CFR),,2023-Q4,rbnz-dashboard
Rabobank,Total Capital Ratio,14.6,2023-Q4,rbnz-dashboard
Rabobank,CET1 Ratio,14.6,2023-Q4,rbnz-dashboard
Rabobank,Tier 1 Capital Ratio,14.6,2023-Q4,rbnz-dashboard
Rabobank,Total Non-Performing Loans,475.8,2023-Q4,rbnz-dashboard
Rabobank,NPL Ratio,3.6,2023-Q4,rbnz-dashboard
Rabobank,Return on Assets,1.2,2023-Q4,rbnz-dashboard
Rabobank,Return on Equity,8.3,2023-Q4,rbnz-dashboard
Rabobank,NIM,2.8,2023-Q4,rbnz-dashboard
Rabobank,Net Interest Income,109,2023-Q4,rbnz-dashboard
Rabobank,Trading and Hedging Gains,2.7,2023-Q4,rbnz-dashboard
Rabobank,Fees and Commission Income,0.2,2023-Q4,rbnz-dashboard
Rabobank,Other Income,0,2023-Q4,rbnz-dashboard
Rabobank,Operating Expenses,44.3,2023-Q4,rbnz-dashboard
Rabobank,Profit After Tax,45.8,2023-Q4,rbnz-dashboard
Rabobank,Total Assets,15703.5,2023-Q4,rbnz-dashboard
Rabobank,Cash Position,1739.1,2023-Q4,rbnz-dashboard
Rabobank,Net Loans and Advances,13205.4,2023-Q4,rbnz-dashboard
Rabobank,Deposits,6395.2,2023-Q4,rbnz-dashboard
Rabobank,Equity,2232.9,2023-Q4,rbnz-dashboard
Rabobank,Core Funding Ratio (CFR),83.9,2023-Q4,rbnz-dashboard
SBS,Total Capital Ratio,13.7,2023-Q4,rbnz-dashboard
SBS,CET1 Ratio,12.5,2023-Q4,rbnz-dashboard
SBS,Tier 1 Capital Ratio,12.5,2023-Q4,rbnz-dashboard
SBS,Total Non-Performing Loans,14.3,2023-Q4,rbnz-dashboard
SBS,NPL Ratio,0.3,2023-Q4,rbnz-dashboard
SBS,Return on Assets,0.4,2023-Q4,rbnz-dashboard
SBS,Return on Equity,5.4,2023-Q4,rbnz-dashboard
SBS,NIM,2.4,2023-Q4,rbnz-dashboard
SBS,Net Interest Income,37.4,2023-Q4,rbnz-dashboard
SBS,Trading and Hedging Gains,-0.2,2023-Q4,rbnz-dashboard
SBS,Fees and Commission Income,6.8,2023-Q4,rbnz-dashboard
SBS,Other Income,5.2,2023-Q4,rbnz-dashboard
SBS,Operating Expenses,34,2023-Q4,rbnz-dashboard
SBS,Profit After Tax,7,2023-Q4,rbnz-dashboard
SBS,Total Assets,6419.7,2023-Q4,rbnz-dashboard
SBS,Cash Position,72,2023-Q4,rbnz-dashboard
SBS,Net Loans and Advances,5520.6,2023-Q4,rbnz-dashboard
SBS,Deposits,4365.9,2023-Q4,rbnz-dashboard
SBS,Equity,504.8,2023-Q4,rbnz-dashboard
SBS,Core Funding Ratio (CFR),95.2,2023-Q4,rbnz-dashboard
TSB,Total Capital Ratio,14.3,2023-Q4,rbnz-dashboard
TSB,CET1 Ratio,14.3,2023-Q4,rbnz-dashboard
TSB,Tier 1 Capital Ratio,14.3,2023-Q4,rbnz-dashboard
TSB,Total Non-Performing Loans,46.6,2023-Q4,rbnz-dashboard
TSB,NPL Ratio,0.6,2023-Q4,rbnz-dashboard
TSB,Return on Assets,0.5,2023-Q4,rbnz-dashboard
TSB,Return on Equity,6.7,2023-Q4,rbnz-dashboard
TSB,NIM,2.1,2023-Q4,rbnz-dashboard
TSB,Net Interest Income,47.7,2023-Q4,rbnz-dashboard
TSB,Trading and Hedging Gains,0,2023-Q4,rbnz-dashboard
TSB,Fees and Commission Income,3.3,2023-Q4,rbnz-dashboard
TSB,Other Income,2,2023-Q4,rbnz-dashboard
TSB,Operating Expenses,35.8,2023-Q4,rbnz-dashboard
TSB,Profit After Tax,12.4,2023-Q4,rbnz-dashboard
TSB,Total Assets,9420.6,2023-Q4,rbnz-dashboard
TSB,Cash Position,485.3,2023-Q4,rbnz-dashboard
TSB,Net Loans and Advances,7389.1,2023-Q4,rbnz-dashboard
TSB,Deposits,8464.2,2023-Q4,rbnz-dashboard
TSB,Equity,735.7,2023-Q4,rbnz-dashboard
TSB,Core Funding Ratio (CFR),111.6,2023-Q4,rbnz-dashboard
WBC Group,Total Capital Ratio,,2023-Q4,rbnz-dashboard
WBC Group,CET1 Ratio,,2023-Q4,rbnz-dashboard
WBC Group,Tier 1 Capital Ratio,,2023-Q4,rbnz-dashboard
WBC Group,Total Non-Performing Loans,441.6,2023-Q4,rbnz-dashboard
WBC Group,NPL Ratio,0.4,2023-Q4,rbnz-dashboard
WBC Group,Return on Assets,0.9,2023-Q4,rbnz-dashboard
WBC Group,Return on Equity,11.1,2023-Q4,rbnz-dashboard
WBC Group,NIM,2.3,2023-Q4,rbnz-dashboard
WBC Group,Net Interest Income,728.9,2023-Q4,rbnz-dashboard
WBC Group,Trading and Hedging Gains,-2.6,2023-Q4,rbnz-dashboard
WBC Group,Fees and Commission Income,57.7,2023-Q4,rbnz-dashboard
WBC Group,Other Income,0.6,2023-Q4,rbnz-dashboard
WBC Group,Operating Expenses,366.1,2023-Q4,rbnz-dashboard
WBC Group,Profit After Tax,305.1,2023-Q4,rbnz-dashboard
WBC Group,Total Assets,135555.9,2023-Q4,rbnz-dashboard
WBC Group,Cash Position,13654.7,2023-Q4,rbnz-dashboard
WBC Group,Net Loans and Advances,100301.2,2023-Q4,rbnz-dashboard
WBC Group,Deposits,80717.1,2023-Q4,rbnz-dashboard
WBC Group,Equity,11038.4,2023-Q4,rbnz-dashboard
WBC Group,Core Funding Ratio (CFR),,2023-Q4,rbnz-dashboard
Westpac,Total Capital Ratio,15.6,2023-Q4,rbnz-dashboard
Westpac,CET1 Ratio,11.6,2023-Q4,rbnz-dashboard
Westpac,Tier 1 Capital Ratio,13.8,2023-Q4,rbnz-dashboard
Westpac,Total Non-Performing Loans,440.3,2023-Q4,rbnz-dashboard
Westpac,NPL Ratio,0.4,2023-Q4,rbnz-dashboard
Westpac,Return on Assets,0.9,2023-Q4,rbnz-dashboard
Westpac,Return on Equity,11.8,2023-Q4,rbnz-dashboard
Westpac,NIM,2.3,2023-Q4,rbnz-dashboard
Westpac,Net Interest Income,683.5,2023-Q4,rbnz-dashboard
Westpac,Trading and Hedging Gains,-10.3,2023-Q4,rbnz-dashboard
Westpac,Fees and Commission Income,61.5,2023-Q4,rbnz-dashboard
Westpac,Other Income,3,2023-Q4,rbnz-dashboard
Westpac,Operating Expenses,350.1,2023-Q4,rbnz-dashboard
Westpac,Profit After Tax,282.2,2023-Q4,rbnz-dashboard
Westpac,Total Assets,123877,2023-Q4,rbnz-dashboard
Westpac,Cash Position,11607.9,2023-Q4,rbnz-dashboard
Westpac,Net Loans and Advances,99985.6,2023-Q4,rbnz-dashboard
Westpac,Deposits,80840,2023-Q4,rbnz-dashboard
Westpac,Equity,10336.5,2023-Q4,rbnz-dashboard
Westpac,Core Funding Ratio (CFR),86.9,2023-Q4,rbnz-dashboard
ANZ,Total Capital Ratio,16.2,2024-Q1,rbnz-dashboard
ANZ,CET1 Ratio,12.8,2024-Q1,rbnz-dashboard
ANZ,Tier 1 Capital Ratio,14.7,2024-Q1,rbnz-dashboard
ANZ,Total Non-Performing Loans,1165.2,2024-Q1,rbnz-dashboard
ANZ,NPL Ratio,0.8,2024-Q1,rbnz-dashboard
ANZ,Return on Assets,1.3,2024-Q1,rbnz-dashboard
ANZ,Return on Equity,13.8,2024-Q1,rbnz-dashboard
ANZ,NIM,2.4,2024-Q1,rbnz-dashboard
ANZ,Net Interest Income,1087.2,2024-Q1,rbnz-dashboard
ANZ,Trading and Hedging Gains,119.7,2024-Q1,rbnz-dashboard
ANZ,Fees and Commission Income,117.4,2024-Q1,rbnz-dashboard
ANZ,Other Income,2.8,2024-Q1,rbnz-dashboard
ANZ,Operating Expenses,417.7,2024-Q1,rbnz-dashboard
ANZ,Profit After Tax,649.5,2024-Q1,rbnz-dashboard
ANZ,Total Assets,196165.7,2024-Q1,rbnz-dashboard
ANZ,Cash Position,13157.7,2024-Q1,rbnz-dashboard
ANZ,Net Loans and Advances,150885.8,2024-Q1,rbnz-dashboard
ANZ,Deposits,135367.3,2024-Q1,rbnz-dashboard
ANZ,Equity,18659.6,2024-Q1,rbnz-dashboard
ANZ,Core Funding Ratio (CFR),90.6,2024-Q1,rbnz-dashboard
ANZ Group,Total Capital Ratio,,2024-Q1,rbnz-dashboard
ANZ Group,CET1 Ratio,,2024-Q1,rbnz-dashboard
ANZ Group,Tier 1 Capital Ratio,,2024-Q1,rbnz-dashboard
ANZ Group,Total Non-Performing Loans,1168.7,2024-Q1,rbnz-dashboard
ANZ Group,NPL Ratio,0.8,2024-Q1,rbnz-dashboard
ANZ Group,Return on Assets,1.3,2024-Q1,rbnz-dashboard
ANZ Group,Return on Equity,15,2024-Q1,rbnz-dashboard
ANZ Group,NIM,2.4,2024-Q1,rbnz-dashboard
ANZ Group,Net Interest Income,1070.2,2024-Q1,rbnz-dashboard
ANZ Group,Trading and Hedging Gains,127.4,2024-Q1,rbnz-dashboard
ANZ Group,Fees and Commission Income,117.4,2024-Q1,rbnz-dashboard
ANZ Group,Other Income,2.6,2024-Q1,rbnz-dashboard
ANZ Group,Operating Expenses,417.9,2024-Q1,rbnz-dashboard
ANZ Group,Profit After Tax,642.3,2024-Q1,rbnz-dashboard
ANZ Group,Total Assets,196444,2024-Q1,rbnz-dashboard
ANZ Group,Cash Position,13157.7,2024-Q1,rbnz-dashboard
ANZ Group,Net Loans and Advances,151166.7,2024-Q1,rbnz-dashboard
ANZ Group,Deposits,135367.3,2024-Q1,rbnz-dashboard
ANZ Group,Equity,16946.3,2024-Q1,rbnz-dashboard
ANZ Group,Core Funding Ratio (CFR),,2024-Q1,rbnz-dashboard
ASB,Total Capital Ratio,15.9,2024-Q1,rbnz-dashboard
ASB,CET1 Ratio,14.5,2024-Q1,rbnz-dashboard
ASB,Tier 1 Capital Ratio,14.5,2024-Q1,rbnz-dashboard
ASB,Total Non-Performing Loans,719.5,2024-Q1,rbnz-dashboard
ASB,NPL Ratio,0.7,2024-Q1,rbnz-dashboard
ASB,Return on Assets,1.1,2024-Q1,rbnz-dashboard
ASB,Return on Equity,13.7,2024-Q1,rbnz-dashboard
ASB,NIM,2.3,2024-Q1,rbnz-dashboard
ASB,Net Interest Income,722.8,2024-Q1,rbnz-dashboard
ASB,Trading and Hedging Gains,22.5,2024-Q1,rbnz-dashboard
ASB,Fees and Commission Income,95.4,2024-Q1,rbnz-dashboard
ASB,Other Income,-3,2024-Q1,rbnz-dashboard
ASB,Operating Expenses,312.6,2024-Q1,rbnz-dashboard
ASB,Profit After Tax,360.8,2024-Q1,rbnz-dashboard
ASB,Total Assets,126655.7,2024-Q1,rbnz-dashboard
ASB,Cash Position,6483.5,2024-Q1,rbnz-dashboard
ASB,Net Loans and Advances,108192.9,2024-Q1,rbnz-dashboard
ASB,Deposits,84477.6,2024-Q1,rbnz-dashboard
ASB,Equity,10745.2,2024-Q1,rbnz-dashboard
ASB,Core Funding Ratio (CFR),90.7,2024-Q1,rbnz-dashboard
BNZ,Total Capital Ratio,15.6,2024-Q1,rbnz-dashboard
BNZ,CET1 Ratio,14.1,2024-Q1,rbnz-dashboard
BNZ,Tier 1 Capital Ratio,14.5,2024-Q1,rbnz-dashboard
BNZ,Total Non-Performing Loans,615.4,2024-Q1,rbnz-dashboard
BNZ,NPL Ratio,0.6,2024-Q1,rbnz-dashboard
BNZ,Return on Assets,1.1,2024-Q1,rbnz-dashboard
BNZ,Return on Equity,11.3,2024-Q1,rbnz-dashboard
BNZ,NIM,2.4,2024-Q1,rbnz-dashboard
BNZ,Net Interest Income,721.9,2024-Q1,rbnz-dashboard
BNZ,Trading and Hedging Gains,71.7,2024-Q1,rbnz-dashboard
BNZ,Fees and Commission Income,78.5,2024-Q1,rbnz-dashboard
BNZ,Other Income,0,2024-Q1,rbnz-dashboard
BNZ,Operating Expenses,315.3,2024-Q1,rbnz-dashboard
BNZ,Profit After Tax,353.2,2024-Q1,rbnz-dashboard
BNZ,Total Assets,128927.8,2024-Q1,rbnz-dashboard
BNZ,Cash Position,8418.2,2024-Q1,rbnz-dashboard
BNZ,Net Loans and Advances,104255.1,2024-Q1,rbnz-dashboard
BNZ,Deposits,81689.4,2024-Q1,rbnz-dashboard
BNZ,Equity,12767.3,2024-Q1,rbnz-dashboard
BNZ,Core Funding Ratio (CFR),89.6,2024-Q1,rbnz-dashboard
BOB,Total Capital Ratio,71.2,2024-Q1,rbnz-dashboard
BOB,CET1 Ratio,71.2,2024-Q1,rbnz-dashboard
BOB,Tier 1 Capital Ratio,71.2,2024-Q1,rbnz-dashboard
BOB,Total Non-Performing Loans,2,2024-Q1,rbnz-dashboard
BOB,NPL Ratio,2,2024-Q1,rbnz-dashboard
BOB,Return on Assets,1.3,2024-Q1,rbnz-dashboard
BOB,Return on Equity,3.3,2024-Q1,rbnz-dashboard
BOB,NIM,4.7,2024-Q1,rbnz-dashboard
BOB,Net Interest Income,1.5,2024-Q1,rbnz-dashboard
BOB,Trading and Hedging Gains,0.1,2024-Q1,rbnz-dashboard
BOB,Fees and Commission Income,0.1,2024-Q1,rbnz-dashboard
BOB,Other Income,0,2024-Q1,rbnz-dashboard
BOB,Operating Expenses,1.1,2024-Q1,rbnz-dashboard
BOB,Profit After Tax,0.4,2024-Q1,rbnz-dashboard
BOB,Total Assets,128.7,2024-Q1,rbnz-dashboard
BOB,Cash Position,26.6,2024-Q1,rbnz-dashboard
BOB,Net Loans and Advances,101.1,2024-Q1,rbnz-dashboard
BOB,Deposits,73.7,2024-Q1,rbnz-dashboard
BOB,Equity,53.2,2024-Q1,rbnz-dashboard
BOB,Core Funding Ratio (CFR),114.8,2024-Q1,rbnz-dashboard
BOC,Total Capital Ratio,18.5,2024-Q1,rbnz-dashboard
BOC,CET1 Ratio,18.5,2024-Q1,rbnz-dashboard
BOC,Tier 1 Capital Ratio,18.5,2024-Q1,rbnz-dashboard
BOC,Total Non-Performing Loans,2.9,2024-Q1,rbnz-dashboard
BOC,NPL Ratio,0.1,2024-Q1,rbnz-dashboard
BOC,Return on Assets,0.1,2024-Q1,rbnz-dashboard
BOC,Return on Equity,1.6,2024-Q1,rbnz-dashboard
BOC,NIM,1,2024-Q1,rbnz-dashboard
BOC,Net Interest Income,9.2,2024-Q1,rbnz-dashboard
BOC,Trading and Hedging Gains,0.3,2024-Q1,rbnz-dashboard
BOC,Fees and Commission Income,6.6,2024-Q1,rbnz-dashboard
BOC,Other Income,0,2024-Q1,rbnz-dashboard
BOC,Operating Expenses,6.7,2024-Q1,rbnz-dashboard
BOC,Profit After Tax,1.2,2024-Q1,rbnz-dashboard
BOC,Total Assets,3678.3,2024-Q1,rbnz-dashboard
BOC,Cash Position,833.9,2024-Q1,rbnz-dashboard
BOC,Net Loans and Advances,2602.3,2024-Q1,rbnz-dashboard
BOC,Deposits,2035.4,2024-Q1,rbnz-dashboard
BOC,Equity,306.2,2024-Q1,rbnz-dashboard
BOC,Core Funding Ratio (CFR),83.9,2024-Q1,rbnz-dashboard
BOC Group,Total Capital Ratio,,2024-Q1,rbnz-dashboard
BOC Group,CET1 Ratio,,2024-Q1,rbnz-dashboard
BOC Group,Tier 1 Capital Ratio,,2024-Q1,rbnz-dashboard
BOC Group,Total Non-Performing Loans,2.9,2024-Q1,rbnz-dashboard
BOC Group,NPL Ratio,0.1,2024-Q1,rbnz-dashboard
BOC Group,Return on Assets,0.6,2024-Q1,rbnz-dashboard
BOC Group,Return on Equity,13.3,2024-Q1,rbnz-dashboard
BOC Group,NIM,1.3,2024-Q1,rbnz-dashboard
BOC Group,Net Interest Income,22.6,2024-Q1,rbnz-dashboard
BOC Group,Trading and Hedging Gains,0.3,2024-Q1,rbnz-dashboard
BOC Group,Fees and Commission Income,0.8,2024-Q1,rbnz-dashboard
BOC Group,Other Income,-0.1,2024-Q1,rbnz-dashboard
BOC Group,Operating Expenses,6.7,2024-Q1,rbnz-dashboard
BOC Group,Profit After Tax,10.8,2024-Q1,rbnz-dashboard
BOC Group,Total Assets,6602.4,2024-Q1,rbnz-dashboard
BOC Group,Cash Position,923.9,2024-Q1,rbnz-dashboard
BOC Group,Net Loans and Advances,5399.1,2024-Q1,rbnz-dashboard
BOC Group,Deposits,2113.2,2024-Q1,rbnz-dashboard
BOC Group,Equity,331.4,2024-Q1,rbnz-dashboard
BOC Group,Core Funding Ratio (CFR),,2024-Q1,rbnz-dashboard
BOI,Total Capital Ratio,39,2024-Q1,rbnz-dashboard
BOI,CET1 Ratio,39,2024-Q1,rbnz-dashboard
BOI,Tier 1 Capital Ratio,39,2024-Q1,rbnz-dashboard
BOI,Total Non-Performing Loans,16.9,2024-Q1,rbnz-dashboard
BOI,NPL Ratio,11.3,2024-Q1,rbnz-dashboard
BOI,Return on Assets,-1,2024-Q1,rbnz-dashboard
BOI,Return on Equity,-2.7,2024-Q1,rbnz-dashboard
BOI,NIM,4.4,2024-Q1,rbnz-dashboard
BOI,Net Interest Income,1.8,2024-Q1,rbnz-dashboard
BOI,Trading and Hedging Gains,0,2024-Q1,rbnz-dashboard
BOI,Fees and Commission Income,0,2024-Q1,rbnz-dashboard
BOI,Other Income,0,2024-Q1,rbnz-dashboard
BOI,Operating Expenses,0.9,2024-Q1,rbnz-dashboard
BOI,Profit After Tax,-0.4,2024-Q1,rbnz-dashboard
BOI,Total Assets,171.8,2024-Q1,rbnz-dashboard
BOI,Cash Position,22.1,2024-Q1,rbnz-dashboard
BOI,Net Loans and Advances,146.9,2024-Q1,rbnz-dashboard
BOI,Deposits,89.8,2024-Q1,rbnz-dashboard
BOI,Equity,62.5,2024-Q1,rbnz-dashboard
BOI,Core Funding Ratio (CFR),89.8,2024-Q1,rbnz-dashboard
CBA Group,Total Capital Ratio,,2024-Q1,rbnz-dashboard
CBA Group,CET1 Ratio,,2024-Q1,rbnz-dashboard
CBA Group,Tier 1 Capital Ratio,,2024-Q1,rbnz-dashboard
CBA Group,Total Non-Performing Loans,719.5,2024-Q1,rbnz-dashboard
CBA Group,NPL Ratio,0.6,2024-Q1,rbnz-dashboard
CBA Group,Return on Assets,1.2,2024-Q1,rbnz-dashboard
CBA Group,Return on Equity,13.2,2024-Q1,rbnz-dashboard
CBA Group,NIM,2.4,2024-Q1,rbnz-dashboard
CBA Group,Net Interest Income,741.4,2024-Q1,rbnz-dashboard
CBA Group,Trading and Hedging Gains,24,2024-Q1,rbnz-dashboard
CBA Group,Fees and Commission Income,95.4,2024-Q1,rbnz-dashboard
CBA Group,Other Income,-3,2024-Q1,rbnz-dashboard
CBA Group,Operating Expenses,315.6,2024-Q1,rbnz-dashboard
CBA Group,Profit After Tax,372.1,2024-Q1,rbnz-dashboard
CBA Group,Total Assets,129597.8,2024-Q1,rbnz-dashboard
CBA Group,Cash Position,6355.3,2024-Q1,rbnz-dashboard
CBA Group,Net Loans and Advances,110923.6,2024-Q1,rbnz-dashboard
CBA Group,Deposits,84449.7,2024-Q1,rbnz-dashboard
CBA Group,Equity,11522.6,2024-Q1,rbnz-dashboard
CBA Group,Core Funding Ratio (CFR),,2024-Q1,rbnz-dashboard
CCB,Total Capital Ratio,18.3,2024-Q1,rbnz-dashboard
CCB,CET1 Ratio,18.3,2024-Q1,rbnz-dashboard
CCB,Tier 1 Capital Ratio,18.3,2024-Q1,rbnz-dashboard
CCB,Total Non-Performing Loans,,2024-Q1,rbnz-dashboard
CCB,NPL Ratio,,2024-Q1,rbnz-dashboard
CCB,Return on Assets,0.9,2024-Q1,rbnz-dashboard
CCB,Return on Equity,7.3,2024-Q1,rbnz-dashboard
CCB,NIM,1.8,2024-Q1,rbnz-dashboard
CCB,Net Interest Income,11.1,2024-Q1,rbnz-dashboard
CCB,Trading and Hedging Gains,0.4,2024-Q1,rbnz-dashboard
CCB,Fees and Commission Income,0.2,2024-Q1,rbnz-dashboard
CCB,Other Income,0.2,2024-Q1,rbnz-dashboard
CCB,Operating Expenses,3.1,2024-Q1,rbnz-dashboard
CCB,Profit After Tax,5.7,2024-Q1,rbnz-dashboard
CCB,Total Assets,2443.2,2024-Q1,rbnz-dashboard
CCB,Cash Position,171.8,2024-Q1,rbnz-dashboard
CCB,Net Loans and Advances,1893.8,2024-Q1,rbnz-dashboard
CCB,Deposits,418.8,2024-Q1,rbnz-dashboard
CCB,Equity,318.7,2024-Q1,rbnz-dashboard
CCB,Core Funding Ratio (CFR),102.1,2024-Q1,rbnz-dashboard
CCB Group,Total Capital Ratio,,2024-Q1,rbnz-dashboard
CCB Group,CET1 Ratio,,2024-Q1,rbnz-dashboard
CCB Group,Tier 1 Capital Ratio,,2024-Q1,rbnz-dashboard
CCB Group,Total Non-Performing Loans,,2024-Q1,rbnz-dashboard
CCB Group,NPL Ratio,,2024-Q1,rbnz-dashboard
CCB Group,Return on Assets,1.3,2024-Q1,rbnz-dashboard
CCB Group,Return on Equity,15.4,2024-Q1,rbnz-dashboard
CCB Group,NIM,1.8,2024-Q1,rbnz-dashboard
CCB Group,Net Interest Income,20.2,2024-Q1,rbnz-dashboard
CCB Group,Trading and Hedging Gains,0.5,2024-Q1,rbnz-dashboard
CCB Group,Fees and Commission Income,1.7,2024-Q1,rbnz-dashboard
CCB Group,Other Income,0,2024-Q1,rbnz-dashboard
CCB Group,Operating Expenses,5.5,2024-Q1,rbnz-dashboard
CCB Group,Profit After Tax,14.5,2024-Q1,rbnz-dashboard
CCB Group,Total Assets,4660.6,2024-Q1,rbnz-dashboard
CCB Group,Cash Position,280.5,2024-Q1,rbnz-dashboard
CCB Group,Net Loans and Advances,3957.3,2024-Q1,rbnz-dashboard
CCB Group,Deposits,420.3,2024-Q1,rbnz-dashboard
CCB Group,Equity,386.8,2024-Q1,rbnz-dashboard
CCB Group,Core Funding Ratio (CFR),,2024-Q1,rbnz-dashboard
Co-op,Total Capital Ratio,17.8,2024-Q1,rbnz-dashboard
Co-op,CET1 Ratio,15.5,2024-Q1,rbnz-dashboard
Co-op,Tier 1 Capital Ratio,15.5,2024-Q1,rbnz-dashboard
Co-op,Total Non-Performing Loans,9.8,2024-Q1,rbnz-dashboard
Co-op,NPL Ratio,0.3,2024-Q1,rbnz-dashboard
Co-op,Return on Assets,0.3,2024-Q1,rbnz-dashboard
Co-op,Return on Equity,4.6,2024-Q1,rbnz-dashboard
Co-op,NIM,2.5,2024-Q1,rbnz-dashboard
Co-op,Net Interest Income,21.3,2024-Q1,rbnz-dashboard
Co-op,Trading and Hedging Gains,-0.6,2024-Q1,rbnz-dashboard
Co-op,Fees and Commission Income,3,2024-Q1,rbnz-dashboard
Co-op,Other Income,1.5,2024-Q1,rbnz-dashboard
Co-op,Operating Expenses,20.5,2024-Q1,rbnz-dashboard
Co-op,Profit After Tax,3,2024-Q1,rbnz-dashboard
Co-op,Total Assets,3493.1,2024-Q1,rbnz-dashboard
Co-op,Cash Position,23.6,2024-Q1,rbnz-dashboard
Co-op,Net Loans and Advances,3110.2,2024-Q1,rbnz-dashboard
Co-op,Deposits,3022.3,2024-Q1,rbnz-dashboard
Co-op,Equity,262,2024-Q1,rbnz-dashboard
Co-op,Core Funding Ratio (CFR),99.5,2024-Q1,rbnz-dashboard
Heartland,Total Capital Ratio,13.8,2024-Q1,rbnz-dashboard
Heartland,CET1 Ratio,11.8,2024-Q1,rbnz-dashboard
Heartland,Tier 1 Capital Ratio,11.8,2024-Q1,rbnz-dashboard
Heartland,Total Non-Performing Loans,193.1,2024-Q1,rbnz-dashboard
Heartland,NPL Ratio,3.8,2024-Q1,rbnz-dashboard
Heartland,Return on Assets,1.1,2024-Q1,rbnz-dashboard
Heartland,Return on Equity,8.9,2024-Q1,rbnz-dashboard
Heartland,NIM,3.5,2024-Q1,rbnz-dashboard
Heartland,Net Interest Income,49,2024-Q1,rbnz-dashboard
Heartland,Trading and Hedging Gains,-0.7,2024-Q1,rbnz-dashboard
Heartland,Fees and Commission Income,3.3,2024-Q1,rbnz-dashboard
Heartland,Other Income,3.1,2024-Q1,rbnz-dashboard
Heartland,Operating Expenses,27,2024-Q1,rbnz-dashboard
Heartland,Profit After Tax,15.6,2024-Q1,rbnz-dashboard
Heartland,Total Assets,5822.9,2024-Q1,rbnz-dashboard
Heartland,Cash Position,161.2,2024-Q1,rbnz-dashboard
Heartland,Net Loans and Advances,5065,2024-Q1,rbnz-dashboard
Heartland,Deposits,4243.5,2024-Q1,rbnz-dashboard
Heartland,Equity,694.3,2024-Q1,rbnz-dashboard
Heartland,Core Funding Ratio (CFR),90.3,2024-Q1,rbnz-dashboard
ICBC,Total Capital Ratio,18.3,2024-Q1,rbnz-dashboard
ICBC,CET1 Ratio,18.3,2024-Q1,rbnz-dashboard
ICBC,Tier 1 Capital Ratio,18.3,2024-Q1,rbnz-dashboard
ICBC,Total Non-Performing Loans,1.4,2024-Q1,rbnz-dashboard
ICBC,NPL Ratio,0.1,2024-Q1,rbnz-dashboard
ICBC,Return on Assets,0.9,2024-Q1,rbnz-dashboard
ICBC,Return on Equity,6.6,2024-Q1,rbnz-dashboard
ICBC,NIM,1.5,2024-Q1,rbnz-dashboard
ICBC,Net Interest Income,8.6,2024-Q1,rbnz-dashboard
ICBC,Trading and Hedging Gains,2.3,2024-Q1,rbnz-dashboard
ICBC,Fees and Commission Income,0.3,2024-Q1,rbnz-dashboard
ICBC,Other Income,2.2,2024-Q1,rbnz-dashboard
ICBC,Operating Expenses,6.9,2024-Q1,rbnz-dashboard
ICBC,Profit After Tax,5.3,2024-Q1,rbnz-dashboard
ICBC,Total Assets,2266.4,2024-Q1,rbnz-dashboard
ICBC,Cash Position,248.4,2024-Q1,rbnz-dashboard
ICBC,Net Loans and Advances,1752,2024-Q1,rbnz-dashboard
ICBC,Deposits,785.9,2024-Q1,rbnz-dashboard
ICBC,Equity,322.3,2024-Q1,rbnz-dashboard
ICBC,Core Funding Ratio (CFR),82.6,2024-Q1,rbnz-dashboard
ICBC Group,Total Capital Ratio,,2024-Q1,rbnz-dashboard
ICBC Group,CET1 Ratio,,2024-Q1,rbnz-dashboard
ICBC Group,Tier 1 Capital Ratio,,2024-Q1,rbnz-dashboard
ICBC Group,Total Non-Performing Loans,1.4,2024-Q1,rbnz-dashboard
ICBC Group,NPL Ratio,0,2024-Q1,rbnz-dashboard
ICBC Group,Return on Assets,0.8,2024-Q1,rbnz-dashboard
ICBC Group,Return on Equity,7.8,2024-Q1,rbnz-dashboard
ICBC Group,NIM,1.7,2024-Q1,rbnz-dashboard
ICBC Group,Net Interest Income,17.8,2024-Q1,rbnz-dashboard
ICBC Group,Trading and Hedging Gains,0.9,2024-Q1,rbnz-dashboard
ICBC Group,Fees and Commission Income,0.3,2024-Q1,rbnz-dashboard
ICBC Group,Other Income,0,2024-Q1,rbnz-dashboard
ICBC Group,Operating Expenses,7.1,2024-Q1,rbnz-dashboard
ICBC Group,Profit After Tax,8.4,2024-Q1,rbnz-dashboard
ICBC Group,Total Assets,4349.9,2024-Q1,rbnz-dashboard
ICBC Group,Cash Position,334.9,2024-Q1,rbnz-dashboard
ICBC Group,Net Loans and Advances,3730.1,2024-Q1,rbnz-dashboard
ICBC Group,Deposits,785.5,2024-Q1,rbnz-dashboard
ICBC Group,Equity,436.2,2024-Q1,rbnz-dashboard
ICBC Group,Core Funding Ratio (CFR),,2024-Q1,rbnz-dashboard
Kiwibank,Total Capital Ratio,15.7,2024-Q1,rbnz-dashboard
Kiwibank,CET1 Ratio,11.9,2024-Q1,rbnz-dashboard
Kiwibank,Tier 1 Capital Ratio,13.2,2024-Q1,rbnz-dashboard
Kiwibank,Total Non-Performing Loans,119,2024-Q1,rbnz-dashboard
Kiwibank,NPL Ratio,0.4,2024-Q1,rbnz-dashboard
Kiwibank,Return on Assets,0.5,2024-Q1,rbnz-dashboard
Kiwibank,Return on Equity,7.5,2024-Q1,rbnz-dashboard
Kiwibank,NIM,2.3,2024-Q1,rbnz-dashboard
Kiwibank,Net Interest Income,202.7,2024-Q1,rbnz-dashboard
Kiwibank,Trading and Hedging Gains,1.7,2024-Q1,rbnz-dashboard
Kiwibank,Fees and Commission Income,10.7,2024-Q1,rbnz-dashboard
Kiwibank,Other Income,-0.3,2024-Q1,rbnz-dashboard
Kiwibank,Operating Expenses,138.2,2024-Q1,rbnz-dashboard
Kiwibank,Profit After Tax,47.6,2024-Q1,rbnz-dashboard
Kiwibank,Total Assets,35818.2,2024-Q1,rbnz-dashboard
Kiwibank,Cash Position,1026.4,2024-Q1,rbnz-dashboard
Kiwibank,Net Loans and Advances,31552.6,2024-Q1,rbnz-dashboard
Kiwibank,Deposits,27450.8,2024-Q1,rbnz-dashboard
Kiwibank,Equity,2578.7,2024-Q1,rbnz-dashboard
Kiwibank,Core Funding Ratio (CFR),89.7,2024-Q1,rbnz-dashboard
Rabo Group,Total Capital Ratio,,2024-Q1,rbnz-dashboard
Rabo Group,CET1 Ratio,,2024-Q1,rbnz-dashboard
Rabo Group,Tier 1 Capital Ratio,,2024-Q1,rbnz-dashboard
Rabo Group,Total Non-Performing Loans,610.8,2024-Q1,rbnz-dashboard
Rabo Group,NPL Ratio,3.6,2024-Q1,rbnz-dashboard
Rabo Group,Return on Assets,1.1,2024-Q1,rbnz-dashboard
Rabo Group,Return on Equity,8,2024-Q1,rbnz-dashboard
Rabo Group,NIM,2.6,2024-Q1,rbnz-dashboard
Rabo Group,Net Interest Income,129.1,2024-Q1,rbnz-dashboard
Rabo Group,Trading and Hedging Gains,-5.5,2024-Q1,rbnz-dashboard
Rabo Group,Fees and Commission Income,0.6,2024-Q1,rbnz-dashboard
Rabo Group,Other Income,4.7,2024-Q1,rbnz-dashboard
Rabo Group,Operating Expenses,52.1,2024-Q1,rbnz-dashboard
Rabo Group,Profit After Tax,55,2024-Q1,rbnz-dashboard
Rabo Group,Total Assets,20238.9,2024-Q1,rbnz-dashboard
Rabo Group,Cash Position,2380,2024-Q1,rbnz-dashboard
Rabo Group,Net Loans and Advances,16812.9,2024-Q1,rbnz-dashboard
Rabo Group,Deposits,6585.4,2024-Q1,rbnz-dashboard
Rabo Group,Equity,2803.9,2024-Q1,rbnz-dashboard
Rabo Group,Core Funding Ratio (CFR),,2024-Q1,rbnz-dashboard
Rabobank,Total Capital Ratio,14.8,2024-Q1,rbnz-dashboard
Rabobank,CET1 Ratio,14.8,2024-Q1,rbnz-dashboard
Rabobank,Tier 1 Capital Ratio,14.8,2024-Q1,rbnz-dashboard
Rabobank,Total Non-Performing Loans,537.3,2024-Q1,rbnz-dashboard
Rabobank,NPL Ratio,4,2024-Q1,rbnz-dashboard
Rabobank,Return on Assets,1.3,2024-Q1,rbnz-dashboard
Rabobank,Return on Equity,9,2024-Q1,rbnz-dashboard
Rabobank,NIM,2.7,2024-Q1,rbnz-dashboard
Rabobank,Net Interest Income,106.6,2024-Q1,rbnz-dashboard
Rabobank,Trading and Hedging Gains,-0.6,2024-Q1,rbnz-dashboard
Rabobank,Fees and Commission Income,0.2,2024-Q1,rbnz-dashboard
Rabobank,Other Income,0,2024-Q1,rbnz-dashboard
Rabobank,Operating Expenses,40.4,2024-Q1,rbnz-dashboard
Rabobank,Profit After Tax,50.4,2024-Q1,rbnz-dashboard
Rabobank,Total Assets,16058.3,2024-Q1,rbnz-dashboard
Rabobank,Cash Position,1850.6,2024-Q1,rbnz-dashboard
Rabobank,Net Loans and Advances,13347.5,2024-Q1,rbnz-dashboard
Rabobank,Deposits,6409.9,2024-Q1,rbnz-dashboard
Rabobank,Equity,2282.8,2024-Q1,rbnz-dashboard
Rabobank,Core Funding Ratio (CFR),85.6,2024-Q1,rbnz-dashboard
SBS,Total Capital Ratio,16.3,2024-Q1,rbnz-dashboard
SBS,CET1 Ratio,13.5,2024-Q1,rbnz-dashboard
SBS,Tier 1 Capital Ratio,13.5,2024-Q1,rbnz-dashboard
SBS,Total Non-Performing Loans,20.4,2024-Q1,rbnz-dashboard
SBS,NPL Ratio,0.4,2024-Q1,rbnz-dashboard
SBS,Return on Assets,1.2,2024-Q1,rbnz-dashboard
SBS,Return on Equity,15.3,2024-Q1,rbnz-dashboard
SBS,NIM,2.5,2024-Q1,rbnz-dashboard
SBS,Net Interest Income,39.6,2024-Q1,rbnz-dashboard
SBS,Trading and Hedging Gains,-0.3,2024-Q1,rbnz-dashboard
SBS,Fees and Commission Income,6.3,2024-Q1,rbnz-dashboard
SBS,Other Income,14.6,2024-Q1,rbnz-dashboard
SBS,Operating Expenses,29.4,2024-Q1,rbnz-dashboard
SBS,Profit After Tax,19.6,2024-Q1,rbnz-dashboard
SBS,Total Assets,6490.6,2024-Q1,rbnz-dashboard
SBS,Cash Position,213.9,2024-Q1,rbnz-dashboard
SBS,Net Loans and Advances,5501.4,2024-Q1,rbnz-dashboard
SBS,Deposits,4408,2024-Q1,rbnz-dashboard
SBS,Equity,524.9,2024-Q1,rbnz-dashboard
SBS,Core Funding Ratio (CFR),94,2024-Q1,rbnz-dashboard
TSB,Total Capital Ratio,14.4,2024-Q1,rbnz-dashboard
TSB,CET1 Ratio,14.4,2024-Q1,rbnz-dashboard
TSB,Tier 1 Capital Ratio,14.4,2024-Q1,rbnz-dashboard
TSB,Total Non-Performing Loans,48.4,2024-Q1,rbnz-dashboard
TSB,NPL Ratio,0.7,2024-Q1,rbnz-dashboard
TSB,Return on Assets,0.4,2024-Q1,rbnz-dashboard
TSB,Return on Equity,4.6,2024-Q1,rbnz-dashboard
TSB,NIM,2.1,2024-Q1,rbnz-dashboard
TSB,Net Interest Income,48,2024-Q1,rbnz-dashboard
TSB,Trading and Hedging Gains,-3.3,2024-Q1,rbnz-dashboard
TSB,Fees and Commission Income,2.9,2024-Q1,rbnz-dashboard
TSB,Other Income,2.9,2024-Q1,rbnz-dashboard
TSB,Operating Expenses,38.7,2024-Q1,rbnz-dashboard
TSB,Profit After Tax,8.4,2024-Q1,rbnz-dashboard
TSB,Total Assets,9477.5,2024-Q1,rbnz-dashboard
TSB,Cash Position,509.8,2024-Q1,rbnz-dashboard
TSB,Net Loans and Advances,7448.8,2024-Q1,rbnz-dashboard
TSB,Deposits,8481.3,2024-Q1,rbnz-dashboard
TSB,Equity,745,2024-Q1,rbnz-dashboard
TSB,Core Funding Ratio (CFR),110.2,2024-Q1,rbnz-dashboard
WBC Group,Total Capital Ratio,,2024-Q1,rbnz-dashboard
WBC Group,CET1 Ratio,,2024-Q1,rbnz-dashboard
WBC Group,Tier 1 Capital Ratio,,2024-Q1,rbnz-dashboard
WBC Group,Total Non-Performing Loans,521.1,2024-Q1,rbnz-dashboard
WBC Group,NPL Ratio,0.5,2024-Q1,rbnz-dashboard
WBC Group,Return on Assets,0.9,2024-Q1,rbnz-dashboard
WBC Group,Return on Equity,10.7,2024-Q1,rbnz-dashboard
WBC Group,NIM,2.3,2024-Q1,rbnz-dashboard
WBC Group,Net Interest Income,705.9,2024-Q1,rbnz-dashboard
WBC Group,Trading and Hedging Gains,30.1,2024-Q1,rbnz-dashboard
WBC Group,Fees and Commission Income,57.4,2024-Q1,rbnz-dashboard
WBC Group,Other Income,4.7,2024-Q1,rbnz-dashboard
WBC Group,Operating Expenses,362.2,2024-Q1,rbnz-dashboard
WBC Group,Profit After Tax,292.7,2024-Q1,rbnz-dashboard
WBC Group,Total Assets,132707.5,2024-Q1,rbnz-dashboard
WBC Group,Cash Position,11776.3,2024-Q1,rbnz-dashboard
WBC Group,Net Loans and Advances,101174.1,2024-Q1,rbnz-dashboard
WBC Group,Deposits,78870.8,2024-Q1,rbnz-dashboard
WBC Group,Equity,11040.9,2024-Q1,rbnz-dashboard
WBC Group,Core Funding Ratio (CFR),,2024-Q1,rbnz-dashboard
Westpac,Total Capital Ratio,15.2,2024-Q1,rbnz-dashboard
Westpac,CET1 Ratio,11.4,2024-Q1,rbnz-dashboard
Westpac,Tier 1 Capital Ratio,13.5,2024-Q1,rbnz-dashboard
Westpac,Total Non-Performing Loans,518.5,2024-Q1,rbnz-dashboard
Westpac,NPL Ratio,0.5,2024-Q1,rbnz-dashboard
Westpac,Return on Assets,0.9,2024-Q1,rbnz-dashboard
Westpac,Return on Equity,10.9,2024-Q1,rbnz-dashboard
Westpac,NIM,2.4,2024-Q1,rbnz-dashboard
Westpac,Net Interest Income,705.4,2024-Q1,rbnz-dashboard
Westpac,Trading and Hedging Gains,-4.8,2024-Q1,rbnz-dashboard
Westpac,Fees and Commission Income,54.9,2024-Q1,rbnz-dashboard
Westpac,Other Income,8.4,2024-Q1,rbnz-dashboard
Westpac,Operating Expenses,346.3,2024-Q1,rbnz-dashboard
Westpac,Profit After Tax,279.7,2024-Q1,rbnz-dashboard
Westpac,Total Assets,123846.3,2024-Q1,rbnz-dashboard
Westpac,Cash Position,10122.3,2024-Q1,rbnz-dashboard
Westpac,Net Loans and Advances,100857.6,2024-Q1,rbnz-dashboard
Westpac,Deposits,78989.5,2024-Q1,rbnz-dashboard
Westpac,Equity,10276.5,2024-Q1,rbnz-dashboard
Westpac,Core Funding Ratio (CFR),86.5,2024-Q1,rbnz-dashboard
ANZ,Total Capital Ratio,16.7,2024-Q2,rbnz-dashboard
ANZ,CET1 Ratio,13.6,2024-Q2,rbnz-dashboard
ANZ,Tier 1 Capital Ratio,15.3,2024-Q2,rbnz-dashboard
ANZ,Total Non-Performing Loans,1189.5,2024-Q2,rbnz-dashboard
ANZ,NPL Ratio,0.8,2024-Q2,rbnz-dashboard
ANZ,Return on Assets,1.3,2024-Q2,rbnz-dashboard
ANZ,Return on Equity,13.1,2024-Q2,rbnz-dashboard
ANZ,NIM,2.4,2024-Q2,rbnz-dashboard
ANZ,Net Interest Income,1105,2024-Q2,rbnz-dashboard
ANZ,Trading and Hedging Gains,68.5,2024-Q2,rbnz-dashboard
ANZ,Fees and Commission Income,124.7,2024-Q2,rbnz-dashboard
ANZ,Other Income,2.3,2024-Q2,rbnz-dashboard
ANZ,Operating Expenses,446,2024-Q2,rbnz-dashboard
ANZ,Profit After Tax,613.2,2024-Q2,rbnz-dashboard
ANZ,Total Assets,194750.6,2024-Q2,rbnz-dashboard
ANZ,Cash Position,11295.3,2024-Q2,rbnz-dashboard
ANZ,Net Loans and Advances,151544.5,2024-Q2,rbnz-dashboard
ANZ,Deposits,136092.2,2024-Q2,rbnz-dashboard
ANZ,Equity,18945.7,2024-Q2,rbnz-dashboard
ANZ,Core Funding Ratio (CFR),89.9,2024-Q2,rbnz-dashboard
ANZ Group,Total Capital Ratio,,2024-Q2,rbnz-dashboard
ANZ Group,CET1 Ratio,,2024-Q2,rbnz-dashboard
ANZ Group,Tier 1 Capital Ratio,,2024-Q2,rbnz-dashboard
ANZ Group,Total Non-Performing Loans,1192.6,2024-Q2,rbnz-dashboard
ANZ Group,NPL Ratio,0.8,2024-Q2,rbnz-dashboard
ANZ Group,Return on Assets,1.2,2024-Q2,rbnz-dashboard
ANZ Group,Return on Equity,13.9,2024-Q2,rbnz-dashboard
ANZ Group,NIM,2.4,2024-Q2,rbnz-dashboard
ANZ Group,Net Interest Income,1083.9,2024-Q2,rbnz-dashboard
ANZ Group,Trading and Hedging Gains,67.2,2024-Q2,rbnz-dashboard
ANZ Group,Fees and Commission Income,124.7,2024-Q2,rbnz-dashboard
ANZ Group,Other Income,2.2,2024-Q2,rbnz-dashboard
ANZ Group,Operating Expenses,446.2,2024-Q2,rbnz-dashboard
ANZ Group,Profit After Tax,596.6,2024-Q2,rbnz-dashboard
ANZ Group,Total Assets,195004.5,2024-Q2,rbnz-dashboard
ANZ Group,Cash Position,11295.3,2024-Q2,rbnz-dashboard
ANZ Group,Net Loans and Advances,151800.4,2024-Q2,rbnz-dashboard
ANZ Group,Deposits,136092.2,2024-Q2,rbnz-dashboard
ANZ Group,Equity,17521.9,2024-Q2,rbnz-dashboard
ANZ Group,Core Funding Ratio (CFR),,2024-Q2,rbnz-dashboard
ASB,Total Capital Ratio,16.3,2024-Q2,rbnz-dashboard
ASB,CET1 Ratio,14.9,2024-Q2,rbnz-dashboard
ASB,Tier 1 Capital Ratio,14.9,2024-Q2,rbnz-dashboard
ASB,Total Non-Performing Loans,814.9,2024-Q2,rbnz-dashboard
ASB,NPL Ratio,0.7,2024-Q2,rbnz-dashboard
ASB,Return on Assets,1.1,2024-Q2,rbnz-dashboard
ASB,Return on Equity,12.7,2024-Q2,rbnz-dashboard
ASB,NIM,2.4,2024-Q2,rbnz-dashboard
ASB,Net Interest Income,732.2,2024-Q2,rbnz-dashboard
ASB,Trading and Hedging Gains,21,2024-Q2,rbnz-dashboard
ASB,Fees and Commission Income,100.8,2024-Q2,rbnz-dashboard
ASB,Other Income,3.6,2024-Q2,rbnz-dashboard
ASB,Operating Expenses,336.8,2024-Q2,rbnz-dashboard
ASB,Profit After Tax,345.5,2024-Q2,rbnz-dashboard
ASB,Total Assets,127089.2,2024-Q2,rbnz-dashboard
ASB,Cash Position,5151.6,2024-Q2,rbnz-dashboard
ASB,Net Loans and Advances,109009.5,2024-Q2,rbnz-dashboard
ASB,Deposits,84938,2024-Q2,rbnz-dashboard
ASB,Equity,11068.1,2024-Q2,rbnz-dashboard
ASB,Core Funding Ratio (CFR),89.2,2024-Q2,rbnz-dashboard
BNZ,Total Capital Ratio,15.3,2024-Q2,rbnz-dashboard
BNZ,CET1 Ratio,13.8,2024-Q2,rbnz-dashboard
BNZ,Tier 1 Capital Ratio,14.2,2024-Q2,rbnz-dashboard
BNZ,Total Non-Performing Loans,592,2024-Q2,rbnz-dashboard
BNZ,NPL Ratio,0.6,2024-Q2,rbnz-dashboard
BNZ,Return on Assets,1.2,2024-Q2,rbnz-dashboard
BNZ,Return on Equity,12.5,2024-Q2,rbnz-dashboard
BNZ,NIM,2.4,2024-Q2,rbnz-dashboard
BNZ,Net Interest Income,726.6,2024-Q2,rbnz-dashboard
BNZ,Trading and Hedging Gains,76.4,2024-Q2,rbnz-dashboard
BNZ,Fees and Commission Income,86.7,2024-Q2,rbnz-dashboard
BNZ,Other Income,102.7,2024-Q2,rbnz-dashboard
BNZ,Operating Expenses,434,2024-Q2,rbnz-dashboard
BNZ,Profit After Tax,396.5,2024-Q2,rbnz-dashboard
BNZ,Total Assets,128207.6,2024-Q2,rbnz-dashboard
BNZ,Cash Position,5406.3,2024-Q2,rbnz-dashboard
BNZ,Net Loans and Advances,105414.9,2024-Q2,rbnz-dashboard
BNZ,Deposits,81719.7,2024-Q2,rbnz-dashboard
BNZ,Equity,12485.8,2024-Q2,rbnz-dashboard
BNZ,Core Funding Ratio (CFR),88.8,2024-Q2,rbnz-dashboard
BOB,Total Capital Ratio,78.1,2024-Q2,rbnz-dashboard
BOB,CET1 Ratio,78.1,2024-Q2,rbnz-dashboard
BOB,Tier 1 Capital Ratio,78.1,2024-Q2,rbnz-dashboard
BOB,Total Non-Performing Loans,1.9,2024-Q2,rbnz-dashboard
BOB,NPL Ratio,2,2024-Q2,rbnz-dashboard
BOB,Return on Assets,1.6,2024-Q2,rbnz-dashboard
BOB,Return on Equity,3.9,2024-Q2,rbnz-dashboard
BOB,NIM,4.5,2024-Q2,rbnz-dashboard
BOB,Net Interest Income,1.4,2024-Q2,rbnz-dashboard
BOB,Trading and Hedging Gains,0.1,2024-Q2,rbnz-dashboard
BOB,Fees and Commission Income,0,2024-Q2,rbnz-dashboard
BOB,Other Income,0,2024-Q2,rbnz-dashboard
BOB,Operating Expenses,0.8,2024-Q2,rbnz-dashboard
BOB,Profit After Tax,0.5,2024-Q2,rbnz-dashboard
BOB,Total Assets,126.3,2024-Q2,rbnz-dashboard
BOB,Cash Position,32.1,2024-Q2,rbnz-dashboard
BOB,Net Loans and Advances,93.1,2024-Q2,rbnz-dashboard
BOB,Deposits,71.3,2024-Q2,rbnz-dashboard
BOB,Equity,53.7,2024-Q2,rbnz-dashboard
BOB,Core Funding Ratio (CFR),115.2,2024-Q2,rbnz-dashboard
BOC,Total Capital Ratio,17.5,2024-Q2,rbnz-dashboard
BOC,CET1 Ratio,17.5,2024-Q2,rbnz-dashboard
BOC,Tier 1 Capital Ratio,17.5,2024-Q2,rbnz-dashboard
BOC,Total Non-Performing Loans,20.6,2024-Q2,rbnz-dashboard
BOC,NPL Ratio,0.8,2024-Q2,rbnz-dashboard
BOC,Return on Assets,1.1,2024-Q2,rbnz-dashboard
BOC,Return on Equity,13.5,2024-Q2,rbnz-dashboard
BOC,NIM,1.3,2024-Q2,rbnz-dashboard
BOC,Net Interest Income,11.9,2024-Q2,rbnz-dashboard
BOC,Trading and Hedging Gains,0.3,2024-Q2,rbnz-dashboard
BOC,Fees and Commission Income,7.2,2024-Q2,rbnz-dashboard
BOC,Other Income,0,2024-Q2,rbnz-dashboard
BOC,Operating Expenses,7.4,2024-Q2,rbnz-dashboard
BOC,Profit After Tax,10.4,2024-Q2,rbnz-dashboard
BOC,Total Assets,3644.8,2024-Q2,rbnz-dashboard
BOC,Cash Position,615,2024-Q2,rbnz-dashboard
BOC,Net Loans and Advances,2715.7,2024-Q2,rbnz-dashboard
BOC,Deposits,1971.7,2024-Q2,rbnz-dashboard
BOC,Equity,316.7,2024-Q2,rbnz-dashboard
BOC,Core Funding Ratio (CFR),84.7,2024-Q2,rbnz-dashboard
BOC Group,Total Capital Ratio,,2024-Q2,rbnz-dashboard
BOC Group,CET1 Ratio,,2024-Q2,rbnz-dashboard
BOC Group,Tier 1 Capital Ratio,,2024-Q2,rbnz-dashboard
BOC Group,Total Non-Performing Loans,20.6,2024-Q2,rbnz-dashboard
BOC Group,NPL Ratio,0.4,2024-Q2,rbnz-dashboard
BOC Group,Return on Assets,0.8,2024-Q2,rbnz-dashboard
BOC Group,Return on Equity,17.2,2024-Q2,rbnz-dashboard
BOC Group,NIM,1.5,2024-Q2,rbnz-dashboard
BOC Group,Net Interest Income,25.5,2024-Q2,rbnz-dashboard
BOC Group,Trading and Hedging Gains,-0.8,2024-Q2,rbnz-dashboard
BOC Group,Fees and Commission Income,0.8,2024-Q2,rbnz-dashboard
BOC Group,Other Income,0,2024-Q2,rbnz-dashboard
BOC Group,Operating Expenses,7.7,2024-Q2,rbnz-dashboard
BOC Group,Profit After Tax,14.4,2024-Q2,rbnz-dashboard
BOC Group,Total Assets,6850,2024-Q2,rbnz-dashboard
BOC Group,Cash Position,728.5,2024-Q2,rbnz-dashboard
BOC Group,Net Loans and Advances,5774.9,2024-Q2,rbnz-dashboard
BOC Group,Deposits,2125.6,2024-Q2,rbnz-dashboard
BOC Group,Equity,345.9,2024-Q2,rbnz-dashboard
BOC Group,Core Funding Ratio (CFR),,2024-Q2,rbnz-dashboard
BOI,Total Capital Ratio,42.3,2024-Q2,rbnz-dashboard
BOI,CET1 Ratio,42.3,2024-Q2,rbnz-dashboard
BOI,Tier 1 Capital Ratio,42.3,2024-Q2,rbnz-dashboard
BOI,Total Non-Performing Loans,16.7,2024-Q2,rbnz-dashboard
BOI,NPL Ratio,11.9,2024-Q2,rbnz-dashboard
BOI,Return on Assets,2.4,2024-Q2,rbnz-dashboard
BOI,Return on Equity,6.2,2024-Q2,rbnz-dashboard
BOI,NIM,4.9,2024-Q2,rbnz-dashboard
BOI,Net Interest Income,2,2024-Q2,rbnz-dashboard
BOI,Trading and Hedging Gains,0,2024-Q2,rbnz-dashboard
BOI,Fees and Commission Income,0.2,2024-Q2,rbnz-dashboard
BOI,Other Income,0,2024-Q2,rbnz-dashboard
BOI,Operating Expenses,0.7,2024-Q2,rbnz-dashboard
BOI,Profit After Tax,1,2024-Q2,rbnz-dashboard
BOI,Total Assets,158.2,2024-Q2,rbnz-dashboard
BOI,Cash Position,18,2024-Q2,rbnz-dashboard
BOI,Net Loans and Advances,137.2,2024-Q2,rbnz-dashboard
BOI,Deposits,82.7,2024-Q2,rbnz-dashboard
BOI,Equity,63.5,2024-Q2,rbnz-dashboard
BOI,Core Funding Ratio (CFR),84.5,2024-Q2,rbnz-dashboard
CBA Group,Total Capital Ratio,,2024-Q2,rbnz-dashboard
CBA Group,CET1 Ratio,,2024-Q2,rbnz-dashboard
CBA Group,Tier 1 Capital Ratio,,2024-Q2,rbnz-dashboard
CBA Group,Total Non-Performing Loans,814.9,2024-Q2,rbnz-dashboard
CBA Group,NPL Ratio,0.7,2024-Q2,rbnz-dashboard
CBA Group,Return on Assets,1.1,2024-Q2,rbnz-dashboard
CBA Group,Return on Equity,12.4,2024-Q2,rbnz-dashboard
CBA Group,NIM,2.4,2024-Q2,rbnz-dashboard
CBA Group,Net Interest Income,752.2,2024-Q2,rbnz-dashboard
CBA Group,Trading and Hedging Gains,26.5,2024-Q2,rbnz-dashboard
CBA Group,Fees and Commission Income,100.8,2024-Q2,rbnz-dashboard
CBA Group,Other Income,3.7,2024-Q2,rbnz-dashboard
CBA Group,Operating Expenses,340.4,2024-Q2,rbnz-dashboard
CBA Group,Profit After Tax,361.1,2024-Q2,rbnz-dashboard
CBA Group,Total Assets,129853.9,2024-Q2,rbnz-dashboard
CBA Group,Cash Position,5179.1,2024-Q2,rbnz-dashboard
CBA Group,Net Loans and Advances,111400.1,2024-Q2,rbnz-dashboard
CBA Group,Deposits,84773.4,2024-Q2,rbnz-dashboard
CBA Group,Equity,11852.1,2024-Q2,rbnz-dashboard
CBA Group,Core Funding Ratio (CFR),,2024-Q2,rbnz-dashboard
CCB,Total Capital Ratio,18.4,2024-Q2,rbnz-dashboard
CCB,CET1 Ratio,18.4,2024-Q2,rbnz-dashboard
CCB,Tier 1 Capital Ratio,18.4,2024-Q2,rbnz-dashboard
CCB,Total Non-Performing Loans,,2024-Q2,rbnz-dashboard
CCB,NPL Ratio,,2024-Q2,rbnz-dashboard
CCB,Return on Assets,1.2,2024-Q2,rbnz-dashboard
CCB,Return on Equity,9.5,2024-Q2,rbnz-dashboard
CCB,NIM,2,2024-Q2,rbnz-dashboard
CCB,Net Interest Income,12.3,2024-Q2,rbnz-dashboard
CCB,Trading and Hedging Gains,1.3,2024-Q2,rbnz-dashboard
CCB,Fees and Commission Income,0.6,2024-Q2,rbnz-dashboard
CCB,Other Income,0.2,2024-Q2,rbnz-dashboard
CCB,Operating Expenses,3.3,2024-Q2,rbnz-dashboard
CCB,Profit After Tax,7.6,2024-Q2,rbnz-dashboard
CCB,Total Assets,2732.9,2024-Q2,rbnz-dashboard
CCB,Cash Position,544.6,2024-Q2,rbnz-dashboard
CCB,Net Loans and Advances,1940,2024-Q2,rbnz-dashboard
CCB,Deposits,456.4,2024-Q2,rbnz-dashboard
CCB,Equity,325.8,2024-Q2,rbnz-dashboard
CCB,Core Funding Ratio (CFR),91.6,2024-Q2,rbnz-dashboard
CCB Group,Total Capital Ratio,,2024-Q2,rbnz-dashboard
CCB Group,CET1 Ratio,,2024-Q2,rbnz-dashboard
CCB Group,Tier 1 Capital Ratio,,2024-Q2,rbnz-dashboard
CCB Group,Total Non-Performing Loans,,2024-Q2,rbnz-dashboard
CCB Group,NPL Ratio,,2024-Q2,rbnz-dashboard
CCB Group,Return on Assets,1.2,2024-Q2,rbnz-dashboard
CCB Group,Return on Equity,14.2,2024-Q2,rbnz-dashboard
CCB Group,NIM,1.9,2024-Q2,rbnz-dashboard
CCB Group,Net Interest Income,22.7,2024-Q2,rbnz-dashboard
CCB Group,Trading and Hedging Gains,0.7,2024-Q2,rbnz-dashboard
CCB Group,Fees and Commission Income,2.1,2024-Q2,rbnz-dashboard
CCB Group,Other Income,0,2024-Q2,rbnz-dashboard
CCB Group,Operating Expenses,5.8,2024-Q2,rbnz-dashboard
CCB Group,Profit After Tax,13.9,2024-Q2,rbnz-dashboard
CCB Group,Total Assets,5011.6,2024-Q2,rbnz-dashboard
CCB Group,Cash Position,866,2024-Q2,rbnz-dashboard
CCB Group,Net Loans and Advances,3876,2024-Q2,rbnz-dashboard
CCB Group,Deposits,458,2024-Q2,rbnz-dashboard
CCB Group,Equity,400.2,2024-Q2,rbnz-dashboard
CCB Group,Core Funding Ratio (CFR),,2024-Q2,rbnz-dashboard
Co-op,Total Capital Ratio,17.7,2024-Q2,rbnz-dashboard
Co-op,CET1 Ratio,15.4,2024-Q2,rbnz-dashboard
Co-op,Tier 1 Capital Ratio,15.4,2024-Q2,rbnz-dashboard
Co-op,Total Non-Performing Loans,9.6,2024-Q2,rbnz-dashboard
Co-op,NPL Ratio,0.3,2024-Q2,rbnz-dashboard
Co-op,Return on Assets,0.3,2024-Q2,rbnz-dashboard
Co-op,Return on Equity,4.2,2024-Q2,rbnz-dashboard
Co-op,NIM,2.6,2024-Q2,rbnz-dashboard
Co-op,Net Interest Income,21.8,2024-Q2,rbnz-dashboard
Co-op,Trading and Hedging Gains,0,2024-Q2,rbnz-dashboard
Co-op,Fees and Commission Income,2.2,2024-Q2,rbnz-dashboard
Co-op,Other Income,1.5,2024-Q2,rbnz-dashboard
Co-op,Operating Expenses,21.3,2024-Q2,rbnz-dashboard
Co-op,Profit After Tax,2.8,2024-Q2,rbnz-dashboard
Co-op,Total Assets,3509.7,2024-Q2,rbnz-dashboard
Co-op,Cash Position,17.5,2024-Q2,rbnz-dashboard
Co-op,Net Loans and Advances,3131.6,2024-Q2,rbnz-dashboard
Co-op,Deposits,3037.5,2024-Q2,rbnz-dashboard
Co-op,Equity,264.7,2024-Q2,rbnz-dashboard
Co-op,Core Funding Ratio (CFR),98.3,2024-Q2,rbnz-dashboard
Heartland,Total Capital Ratio,14.4,2024-Q2,rbnz-dashboard
Heartland,CET1 Ratio,12.4,2024-Q2,rbnz-dashboard
Heartland,Tier 1 Capital Ratio,12.4,2024-Q2,rbnz-dashboard
Heartland,Total Non-Performing Loans,180.5,2024-Q2,rbnz-dashboard
Heartland,NPL Ratio,3.6,2024-Q2,rbnz-dashboard
Heartland,Return on Assets,0.9,2024-Q2,rbnz-dashboard
Heartland,Return on Equity,5.8,2024-Q2,rbnz-dashboard
Heartland,NIM,3.9,2024-Q2,rbnz-dashboard
Heartland,Net Interest Income,55.8,2024-Q2,rbnz-dashboard
Heartland,Trading and Hedging Gains,2,2024-Q2,rbnz-dashboard
Heartland,Fees and Commission Income,3.8,2024-Q2,rbnz-dashboard
Heartland,Other Income,1.2,2024-Q2,rbnz-dashboard
Heartland,Operating Expenses,25.3,2024-Q2,rbnz-dashboard
Heartland,Profit After Tax,14.3,2024-Q2,rbnz-dashboard
Heartland,Total Assets,6288,2024-Q2,rbnz-dashboard
Heartland,Cash Position,242.4,2024-Q2,rbnz-dashboard
Heartland,Net Loans and Advances,5003.9,2024-Q2,rbnz-dashboard
Heartland,Deposits,4377.4,2024-Q2,rbnz-dashboard
Heartland,Equity,1200.3,2024-Q2,rbnz-dashboard
Heartland,Core Funding Ratio (CFR),93.1,2024-Q2,rbnz-dashboard
ICBC,Total Capital Ratio,18.7,2024-Q2,rbnz-dashboard
ICBC,CET1 Ratio,18.7,2024-Q2,rbnz-dashboard
ICBC,Tier 1 Capital Ratio,18.7,2024-Q2,rbnz-dashboard
ICBC,Total Non-Performing Loans,1.4,2024-Q2,rbnz-dashboard
ICBC,NPL Ratio,0.1,2024-Q2,rbnz-dashboard
ICBC,Return on Assets,0.7,2024-Q2,rbnz-dashboard
ICBC,Return on Equity,4.8,2024-Q2,rbnz-dashboard
ICBC,NIM,1.7,2024-Q2,rbnz-dashboard
ICBC,Net Interest Income,9.8,2024-Q2,rbnz-dashboard
ICBC,Trading and Hedging Gains,0.3,2024-Q2,rbnz-dashboard
ICBC,Fees and Commission Income,-0.4,2024-Q2,rbnz-dashboard
ICBC,Other Income,2.9,2024-Q2,rbnz-dashboard
ICBC,Operating Expenses,6,2024-Q2,rbnz-dashboard
ICBC,Profit After Tax,3.9,2024-Q2,rbnz-dashboard
ICBC,Total Assets,2298.2,2024-Q2,rbnz-dashboard
ICBC,Cash Position,291.9,2024-Q2,rbnz-dashboard
ICBC,Net Loans and Advances,1737.5,2024-Q2,rbnz-dashboard
ICBC,Deposits,914.2,2024-Q2,rbnz-dashboard
ICBC,Equity,326.2,2024-Q2,rbnz-dashboard
ICBC,Core Funding Ratio (CFR),90.4,2024-Q2,rbnz-dashboard
ICBC Group,Total Capital Ratio,,2024-Q2,rbnz-dashboard
ICBC Group,CET1 Ratio,,2024-Q2,rbnz-dashboard
ICBC Group,Tier 1 Capital Ratio,,2024-Q2,rbnz-dashboard
ICBC Group,Total Non-Performing Loans,1.4,2024-Q2,rbnz-dashboard
ICBC Group,NPL Ratio,0,2024-Q2,rbnz-dashboard
ICBC Group,Return on Assets,0.7,2024-Q2,rbnz-dashboard
ICBC Group,Return on Equity,7.4,2024-Q2,rbnz-dashboard
ICBC Group,NIM,2,2024-Q2,rbnz-dashboard
ICBC Group,Net Interest Income,21.7,2024-Q2,rbnz-dashboard
ICBC Group,Trading and Hedging Gains,-2,2024-Q2,rbnz-dashboard
ICBC Group,Fees and Commission Income,-0.4,2024-Q2,rbnz-dashboard
ICBC Group,Other Income,0,2024-Q2,rbnz-dashboard
ICBC Group,Operating Expenses,6.1,2024-Q2,rbnz-dashboard
ICBC Group,Profit After Tax,8.1,2024-Q2,rbnz-dashboard
ICBC Group,Total Assets,4412.7,2024-Q2,rbnz-dashboard
ICBC Group,Cash Position,380.9,2024-Q2,rbnz-dashboard
ICBC Group,Net Loans and Advances,3741.8,2024-Q2,rbnz-dashboard
ICBC Group,Deposits,913.8,2024-Q2,rbnz-dashboard
ICBC Group,Equity,444.3,2024-Q2,rbnz-dashboard
ICBC Group,Core Funding Ratio (CFR),,2024-Q2,rbnz-dashboard
Kiwibank,Total Capital Ratio,15.6,2024-Q2,rbnz-dashboard
Kiwibank,CET1 Ratio,11.9,2024-Q2,rbnz-dashboard
Kiwibank,Tier 1 Capital Ratio,13.2,2024-Q2,rbnz-dashboard
Kiwibank,Total Non-Performing Loans,120.8,2024-Q2,rbnz-dashboard
Kiwibank,NPL Ratio,0.4,2024-Q2,rbnz-dashboard
Kiwibank,Return on Assets,0.5,2024-Q2,rbnz-dashboard
Kiwibank,Return on Equity,7.5,2024-Q2,rbnz-dashboard
Kiwibank,NIM,2.3,2024-Q2,rbnz-dashboard
Kiwibank,Net Interest Income,202,2024-Q2,rbnz-dashboard
Kiwibank,Trading and Hedging Gains,1.6,2024-Q2,rbnz-dashboard
Kiwibank,Fees and Commission Income,13.4,2024-Q2,rbnz-dashboard
Kiwibank,Other Income,-0.1,2024-Q2,rbnz-dashboard
Kiwibank,Operating Expenses,158.1,2024-Q2,rbnz-dashboard
Kiwibank,Profit After Tax,48.3,2024-Q2,rbnz-dashboard
Kiwibank,Total Assets,36650.3,2024-Q2,rbnz-dashboard
Kiwibank,Cash Position,1099.6,2024-Q2,rbnz-dashboard
Kiwibank,Net Loans and Advances,32444.8,2024-Q2,rbnz-dashboard
Kiwibank,Deposits,28176,2024-Q2,rbnz-dashboard
Kiwibank,Equity,2621,2024-Q2,rbnz-dashboard
Kiwibank,Core Funding Ratio (CFR),90.3,2024-Q2,rbnz-dashboard
Rabo Group,Total Capital Ratio,,2024-Q2,rbnz-dashboard
Rabo Group,CET1 Ratio,,2024-Q2,rbnz-dashboard
Rabo Group,Tier 1 Capital Ratio,,2024-Q2,rbnz-dashboard
Rabo Group,Total Non-Performing Loans,175.5,2024-Q2,rbnz-dashboard
Rabo Group,NPL Ratio,1,2024-Q2,rbnz-dashboard
Rabo Group,Return on Assets,0.8,2024-Q2,rbnz-dashboard
Rabo Group,Return on Equity,6.1,2024-Q2,rbnz-dashboard
Rabo Group,NIM,2.6,2024-Q2,rbnz-dashboard
Rabo Group,Net Interest Income,129.8,2024-Q2,rbnz-dashboard
Rabo Group,Trading and Hedging Gains,0.4,2024-Q2,rbnz-dashboard
Rabo Group,Fees and Commission Income,0.6,2024-Q2,rbnz-dashboard
Rabo Group,Other Income,4.6,2024-Q2,rbnz-dashboard
Rabo Group,Operating Expenses,54.6,2024-Q2,rbnz-dashboard
Rabo Group,Profit After Tax,42.7,2024-Q2,rbnz-dashboard
Rabo Group,Total Assets,20958.4,2024-Q2,rbnz-dashboard
Rabo Group,Cash Position,2875.4,2024-Q2,rbnz-dashboard
Rabo Group,Net Loans and Advances,17222.3,2024-Q2,rbnz-dashboard
Rabo Group,Deposits,6659.2,2024-Q2,rbnz-dashboard
Rabo Group,Equity,2846.2,2024-Q2,rbnz-dashboard
Rabo Group,Core Funding Ratio (CFR),,2024-Q2,rbnz-dashboard
Rabobank,Total Capital Ratio,15.1,2024-Q2,rbnz-dashboard
Rabobank,CET1 Ratio,15.1,2024-Q2,rbnz-dashboard
Rabobank,Tier 1 Capital Ratio,15.1,2024-Q2,rbnz-dashboard
Rabobank,Total Non-Performing Loans,30.3,2024-Q2,rbnz-dashboard
Rabobank,NPL Ratio,0.2,2024-Q2,rbnz-dashboard
Rabobank,Return on Assets,1,2024-Q2,rbnz-dashboard
Rabobank,Return on Equity,7.4,2024-Q2,rbnz-dashboard
Rabobank,NIM,2.7,2024-Q2,rbnz-dashboard
Rabobank,Net Interest Income,107.3,2024-Q2,rbnz-dashboard
Rabobank,Trading and Hedging Gains,2.6,2024-Q2,rbnz-dashboard
Rabobank,Fees and Commission Income,0.2,2024-Q2,rbnz-dashboard
Rabobank,Other Income,0,2024-Q2,rbnz-dashboard
Rabobank,Operating Expenses,43.7,2024-Q2,rbnz-dashboard
Rabobank,Profit After Tax,42.3,2024-Q2,rbnz-dashboard
Rabobank,Total Assets,16375.5,2024-Q2,rbnz-dashboard
Rabobank,Cash Position,2086.6,2024-Q2,rbnz-dashboard
Rabobank,Net Loans and Advances,13620.3,2024-Q2,rbnz-dashboard
Rabobank,Deposits,6483.7,2024-Q2,rbnz-dashboard
Rabobank,Equity,2324.7,2024-Q2,rbnz-dashboard
Rabobank,Core Funding Ratio (CFR),84.8,2024-Q2,rbnz-dashboard
SBS,Total Capital Ratio,16.4,2024-Q2,rbnz-dashboard
SBS,CET1 Ratio,13.5,2024-Q2,rbnz-dashboard
SBS,Tier 1 Capital Ratio,13.5,2024-Q2,rbnz-dashboard
SBS,Total Non-Performing Loans,24,2024-Q2,rbnz-dashboard
SBS,NPL Ratio,0.4,2024-Q2,rbnz-dashboard
SBS,Return on Assets,0.4,2024-Q2,rbnz-dashboard
SBS,Return on Equity,4.9,2024-Q2,rbnz-dashboard
SBS,NIM,2.5,2024-Q2,rbnz-dashboard
SBS,Net Interest Income,39.2,2024-Q2,rbnz-dashboard
SBS,Trading and Hedging Gains,-1.5,2024-Q2,rbnz-dashboard
SBS,Fees and Commission Income,7.2,2024-Q2,rbnz-dashboard
SBS,Other Income,2.1,2024-Q2,rbnz-dashboard
SBS,Operating Expenses,31.8,2024-Q2,rbnz-dashboard
SBS,Profit After Tax,6.5,2024-Q2,rbnz-dashboard
SBS,Total Assets,6508.9,2024-Q2,rbnz-dashboard
SBS,Cash Position,73.3,2024-Q2,rbnz-dashboard
SBS,Net Loans and Advances,5520.2,2024-Q2,rbnz-dashboard
SBS,Deposits,4435.3,2024-Q2,rbnz-dashboard
SBS,Equity,531,2024-Q2,rbnz-dashboard
SBS,Core Funding Ratio (CFR),95.7,2024-Q2,rbnz-dashboard
TSB,Total Capital Ratio,14.5,2024-Q2,rbnz-dashboard
TSB,CET1 Ratio,14.5,2024-Q2,rbnz-dashboard
TSB,Tier 1 Capital Ratio,14.5,2024-Q2,rbnz-dashboard
TSB,Total Non-Performing Loans,70.2,2024-Q2,rbnz-dashboard
TSB,NPL Ratio,0.9,2024-Q2,rbnz-dashboard
TSB,Return on Assets,0.4,2024-Q2,rbnz-dashboard
TSB,Return on Equity,5,2024-Q2,rbnz-dashboard
TSB,NIM,2.1,2024-Q2,rbnz-dashboard
TSB,Net Interest Income,47.8,2024-Q2,rbnz-dashboard
TSB,Trading and Hedging Gains,0,2024-Q2,rbnz-dashboard
TSB,Fees and Commission Income,3,2024-Q2,rbnz-dashboard
TSB,Other Income,0.7,2024-Q2,rbnz-dashboard
TSB,Operating Expenses,36.9,2024-Q2,rbnz-dashboard
TSB,Profit After Tax,9.3,2024-Q2,rbnz-dashboard
TSB,Total Assets,9348.7,2024-Q2,rbnz-dashboard
TSB,Cash Position,457.1,2024-Q2,rbnz-dashboard
TSB,Net Loans and Advances,7473.1,2024-Q2,rbnz-dashboard
TSB,Deposits,8396.4,2024-Q2,rbnz-dashboard
TSB,Equity,749.2,2024-Q2,rbnz-dashboard
TSB,Core Funding Ratio (CFR),110.1,2024-Q2,rbnz-dashboard
WBC Group,Total Capital Ratio,,2024-Q2,rbnz-dashboard
WBC Group,CET1 Ratio,,2024-Q2,rbnz-dashboard
WBC Group,Tier 1 Capital Ratio,,2024-Q2,rbnz-dashboard
WBC Group,Total Non-Performing Loans,607.9,2024-Q2,rbnz-dashboard
WBC Group,NPL Ratio,0.6,2024-Q2,rbnz-dashboard
WBC Group,Return on Assets,0.9,2024-Q2,rbnz-dashboard
WBC Group,Return on Equity,10.5,2024-Q2,rbnz-dashboard
WBC Group,NIM,2.4,2024-Q2,rbnz-dashboard
WBC Group,Net Interest Income,747.4,2024-Q2,rbnz-dashboard
WBC Group,Trading and Hedging Gains,-6,2024-Q2,rbnz-dashboard
WBC Group,Fees and Commission Income,59.5,2024-Q2,rbnz-dashboard
WBC Group,Other Income,-3.8,2024-Q2,rbnz-dashboard
WBC Group,Operating Expenses,350.4,2024-Q2,rbnz-dashboard
WBC Group,Profit After Tax,293.1,2024-Q2,rbnz-dashboard
WBC Group,Total Assets,131394.3,2024-Q2,rbnz-dashboard
WBC Group,Cash Position,10284.4,2024-Q2,rbnz-dashboard
WBC Group,Net Loans and Advances,101958.9,2024-Q2,rbnz-dashboard
WBC Group,Deposits,79233.6,2024-Q2,rbnz-dashboard
WBC Group,Equity,11363.3,2024-Q2,rbnz-dashboard
WBC Group,Core Funding Ratio (CFR),,2024-Q2,rbnz-dashboard
Westpac,Total Capital Ratio,15.6,2024-Q2,rbnz-dashboard
Westpac,CET1 Ratio,11.8,2024-Q2,rbnz-dashboard
Westpac,Tier 1 Capital Ratio,13.9,2024-Q2,rbnz-dashboard
Westpac,Total Non-Performing Loans,606.1,2024-Q2,rbnz-dashboard
Westpac,NPL Ratio,0.6,2024-Q2,rbnz-dashboard
Westpac,Return on Assets,1,2024-Q2,rbnz-dashboard
Westpac,Return on Equity,11.4,2024-Q2,rbnz-dashboard
Westpac,NIM,2.4,2024-Q2,rbnz-dashboard
Westpac,Net Interest Income,723.7,2024-Q2,rbnz-dashboard
Westpac,Trading and Hedging Gains,1.4,2024-Q2,rbnz-dashboard
Westpac,Fees and Commission Income,60.1,2024-Q2,rbnz-dashboard
Westpac,Other Income,-1.2,2024-Q2,rbnz-dashboard
Westpac,Operating Expenses,333,2024-Q2,rbnz-dashboard
Westpac,Profit After Tax,296.2,2024-Q2,rbnz-dashboard
Westpac,Total Assets,122720.1,2024-Q2,rbnz-dashboard
Westpac,Cash Position,8761.2,2024-Q2,rbnz-dashboard
Westpac,Net Loans and Advances,101624.8,2024-Q2,rbnz-dashboard
Westpac,Deposits,79260.6,2024-Q2,rbnz-dashboard
Westpac,Equity,10586,2024-Q2,rbnz-dashboard
Westpac,Core Funding Ratio (CFR),86.2,2024-Q2,rbnz-dashboard
ANZ,Total Capital Ratio,17.2,2024-Q3,rbnz-dashboard
ANZ,CET1 Ratio,12.6,2024-Q3,rbnz-dashboard
ANZ,Tier 1 Capital Ratio,15.1,2024-Q3,rbnz-dashboard
ANZ,Total Non-Performing Loans,1313.5,2024-Q3,rbnz-dashboard
ANZ,NPL Ratio,0.9,2024-Q3,rbnz-dashboard
ANZ,Return on Assets,1,2024-Q3,rbnz-dashboard
ANZ,Return on Equity,10.7,2024-Q3,rbnz-dashboard
ANZ,NIM,2.4,2024-Q3,rbnz-dashboard
ANZ,Net Interest Income,1121.4,2024-Q3,rbnz-dashboard
ANZ,Trading and Hedging Gains,-56.8,2024-Q3,rbnz-dashboard
ANZ,Fees and Commission Income,114.3,2024-Q3,rbnz-dashboard
ANZ,Other Income,1.7,2024-Q3,rbnz-dashboard
ANZ,Operating Expenses,455.6,2024-Q3,rbnz-dashboard
ANZ,Profit After Tax,513.4,2024-Q3,rbnz-dashboard
ANZ,Total Assets,199175.7,2024-Q3,rbnz-dashboard
ANZ,Cash Position,10837.4,2024-Q3,rbnz-dashboard
ANZ,Net Loans and Advances,151665.7,2024-Q3,rbnz-dashboard
ANZ,Deposits,136162.6,2024-Q3,rbnz-dashboard
ANZ,Equity,18809.7,2024-Q3,rbnz-dashboard
ANZ,Core Funding Ratio (CFR),90.2,2024-Q3,rbnz-dashboard
ANZ Group,Total Capital Ratio,,2024-Q3,rbnz-dashboard
ANZ Group,CET1 Ratio,,2024-Q3,rbnz-dashboard
ANZ Group,Tier 1 Capital Ratio,,2024-Q3,rbnz-dashboard
ANZ Group,Total Non-Performing Loans,1317.1,2024-Q3,rbnz-dashboard
ANZ Group,NPL Ratio,0.9,2024-Q3,rbnz-dashboard
ANZ Group,Return on Assets,1,2024-Q3,rbnz-dashboard
ANZ Group,Return on Equity,11,2024-Q3,rbnz-dashboard
ANZ Group,NIM,2.4,2024-Q3,rbnz-dashboard
ANZ Group,Net Interest Income,1090.2,2024-Q3,rbnz-dashboard
ANZ Group,Trading and Hedging Gains,-66.8,2024-Q3,rbnz-dashboard
ANZ Group,Fees and Commission Income,114.3,2024-Q3,rbnz-dashboard
ANZ Group,Other Income,1.9,2024-Q3,rbnz-dashboard
ANZ Group,Operating Expenses,456,2024-Q3,rbnz-dashboard
ANZ Group,Profit After Tax,480.5,2024-Q3,rbnz-dashboard
ANZ Group,Total Assets,199465.5,2024-Q3,rbnz-dashboard
ANZ Group,Cash Position,10837.4,2024-Q3,rbnz-dashboard
ANZ Group,Net Loans and Advances,151963.3,2024-Q3,rbnz-dashboard
ANZ Group,Deposits,136162.6,2024-Q3,rbnz-dashboard
ANZ Group,Equity,16526.3,2024-Q3,rbnz-dashboard
ANZ Group,Core Funding Ratio (CFR),,2024-Q3,rbnz-dashboard
ASB,Total Capital Ratio,15.8,2024-Q3,rbnz-dashboard
ASB,CET1 Ratio,14.5,2024-Q3,rbnz-dashboard
ASB,Tier 1 Capital Ratio,14.5,2024-Q3,rbnz-dashboard
ASB,Total Non-Performing Loans,852.7,2024-Q3,rbnz-dashboard
ASB,NPL Ratio,0.8,2024-Q3,rbnz-dashboard
ASB,Return on Assets,1.1,2024-Q3,rbnz-dashboard
ASB,Return on Equity,12.6,2024-Q3,rbnz-dashboard
ASB,NIM,2.4,2024-Q3,rbnz-dashboard
ASB,Net Interest Income,757.6,2024-Q3,rbnz-dashboard
ASB,Trading and Hedging Gains,7.4,2024-Q3,rbnz-dashboard
ASB,Fees and Commission Income,95.7,2024-Q3,rbnz-dashboard
ASB,Other Income,1.4,2024-Q3,rbnz-dashboard
ASB,Operating Expenses,343.3,2024-Q3,rbnz-dashboard
ASB,Profit After Tax,352.8,2024-Q3,rbnz-dashboard
ASB,Total Assets,127381,2024-Q3,rbnz-dashboard
ASB,Cash Position,1927.8,2024-Q3,rbnz-dashboard
ASB,Net Loans and Advances,110368.7,2024-Q3,rbnz-dashboard
ASB,Deposits,85347.5,2024-Q3,rbnz-dashboard
ASB,Equity,11005.1,2024-Q3,rbnz-dashboard
ASB,Core Funding Ratio (CFR),88.5,2024-Q3,rbnz-dashboard
BNZ,Total Capital Ratio,16,2024-Q3,rbnz-dashboard
BNZ,CET1 Ratio,13.9,2024-Q3,rbnz-dashboard
BNZ,Tier 1 Capital Ratio,14.9,2024-Q3,rbnz-dashboard
BNZ,Total Non-Performing Loans,564.7,2024-Q3,rbnz-dashboard
BNZ,NPL Ratio,0.5,2024-Q3,rbnz-dashboard
BNZ,Return on Assets,1.1,2024-Q3,rbnz-dashboard
BNZ,Return on Equity,10.7,2024-Q3,rbnz-dashboard
BNZ,NIM,2.4,2024-Q3,rbnz-dashboard
BNZ,Net Interest Income,720.6,2024-Q3,rbnz-dashboard
BNZ,Trading and Hedging Gains,52.1,2024-Q3,rbnz-dashboard
BNZ,Fees and Commission Income,81,2024-Q3,rbnz-dashboard
BNZ,Other Income,0.4,2024-Q3,rbnz-dashboard
BNZ,Operating Expenses,316.9,2024-Q3,rbnz-dashboard
BNZ,Profit After Tax,347.8,2024-Q3,rbnz-dashboard
BNZ,Total Assets,130736.9,2024-Q3,rbnz-dashboard
BNZ,Cash Position,6638.3,2024-Q3,rbnz-dashboard
BNZ,Net Loans and Advances,106173.4,2024-Q3,rbnz-dashboard
BNZ,Deposits,83785.9,2024-Q3,rbnz-dashboard
BNZ,Equity,13328,2024-Q3,rbnz-dashboard
BNZ,Core Funding Ratio (CFR),88,2024-Q3,rbnz-dashboard
BOB,Total Capital Ratio,82.9,2024-Q3,rbnz-dashboard
BOB,CET1 Ratio,82.9,2024-Q3,rbnz-dashboard
BOB,Tier 1 Capital Ratio,82.9,2024-Q3,rbnz-dashboard
BOB,Total Non-Performing Loans,0,2024-Q3,rbnz-dashboard
BOB,NPL Ratio,0,2024-Q3,rbnz-dashboard
BOB,Return on Assets,1.7,2024-Q3,rbnz-dashboard
BOB,Return on Equity,3.8,2024-Q3,rbnz-dashboard
BOB,NIM,4.6,2024-Q3,rbnz-dashboard
BOB,Net Interest Income,1.4,2024-Q3,rbnz-dashboard
BOB,Trading and Hedging Gains,0.1,2024-Q3,rbnz-dashboard
BOB,Fees and Commission Income,0.1,2024-Q3,rbnz-dashboard
BOB,Other Income,0,2024-Q3,rbnz-dashboard
BOB,Operating Expenses,0.8,2024-Q3,rbnz-dashboard
BOB,Profit After Tax,0.5,2024-Q3,rbnz-dashboard
BOB,Total Assets,119.8,2024-Q3,rbnz-dashboard
BOB,Cash Position,28.1,2024-Q3,rbnz-dashboard
BOB,Net Loans and Advances,90.9,2024-Q3,rbnz-dashboard
BOB,Deposits,64.3,2024-Q3,rbnz-dashboard
BOB,Equity,54.2,2024-Q3,rbnz-dashboard
BOB,Core Funding Ratio (CFR),120.9,2024-Q3,rbnz-dashboard
BOC,Total Capital Ratio,16.9,2024-Q3,rbnz-dashboard
BOC,CET1 Ratio,16.9,2024-Q3,rbnz-dashboard
BOC,Tier 1 Capital Ratio,16.9,2024-Q3,rbnz-dashboard
BOC,Total Non-Performing Loans,19.9,2024-Q3,rbnz-dashboard
BOC,NPL Ratio,0.7,2024-Q3,rbnz-dashboard
BOC,Return on Assets,1.1,2024-Q3,rbnz-dashboard
BOC,Return on Equity,12.4,2024-Q3,rbnz-dashboard
BOC,NIM,1.5,2024-Q3,rbnz-dashboard
BOC,Net Interest Income,13.7,2024-Q3,rbnz-dashboard
BOC,Trading and Hedging Gains,0.9,2024-Q3,rbnz-dashboard
BOC,Fees and Commission Income,6.5,2024-Q3,rbnz-dashboard
BOC,Other Income,0,2024-Q3,rbnz-dashboard
BOC,Operating Expenses,7.8,2024-Q3,rbnz-dashboard
BOC,Profit After Tax,10,2024-Q3,rbnz-dashboard
BOC,Total Assets,3845.3,2024-Q3,rbnz-dashboard
BOC,Cash Position,659.1,2024-Q3,rbnz-dashboard
BOC,Net Loans and Advances,2851.1,2024-Q3,rbnz-dashboard
BOC,Deposits,2150.3,2024-Q3,rbnz-dashboard
BOC,Equity,329,2024-Q3,rbnz-dashboard
BOC,Core Funding Ratio (CFR),84.2,2024-Q3,rbnz-dashboard
BOC Group,Total Capital Ratio,,2024-Q3,rbnz-dashboard
BOC Group,CET1 Ratio,,2024-Q3,rbnz-dashboard
BOC Group,Tier 1 Capital Ratio,,2024-Q3,rbnz-dashboard
BOC Group,Total Non-Performing Loans,19.9,2024-Q3,rbnz-dashboard
BOC Group,NPL Ratio,0.3,2024-Q3,rbnz-dashboard
BOC Group,Return on Assets,0.9,2024-Q3,rbnz-dashboard
BOC Group,Return on Equity,16.4,2024-Q3,rbnz-dashboard
BOC Group,NIM,1.6,2024-Q3,rbnz-dashboard
BOC Group,Net Interest Income,26.8,2024-Q3,rbnz-dashboard
BOC Group,Trading and Hedging Gains,-1.2,2024-Q3,rbnz-dashboard
BOC Group,Fees and Commission Income,0.8,2024-Q3,rbnz-dashboard
BOC Group,Other Income,0.2,2024-Q3,rbnz-dashboard
BOC Group,Operating Expenses,7.8,2024-Q3,rbnz-dashboard
BOC Group,Profit After Tax,14.6,2024-Q3,rbnz-dashboard
BOC Group,Total Assets,6772.4,2024-Q3,rbnz-dashboard
BOC Group,Cash Position,719.2,2024-Q3,rbnz-dashboard
BOC Group,Net Loans and Advances,5687.7,2024-Q3,rbnz-dashboard
BOC Group,Deposits,2258.4,2024-Q3,rbnz-dashboard
BOC Group,Equity,362.7,2024-Q3,rbnz-dashboard
BOC Group,Core Funding Ratio (CFR),,2024-Q3,rbnz-dashboard
BOI,Total Capital Ratio,41.5,2024-Q3,rbnz-dashboard
BOI,CET1 Ratio,41.5,2024-Q3,rbnz-dashboard
BOI,Tier 1 Capital Ratio,41.5,2024-Q3,rbnz-dashboard
BOI,Total Non-Performing Loans,13.9,2024-Q3,rbnz-dashboard
BOI,NPL Ratio,9.8,2024-Q3,rbnz-dashboard
BOI,Return on Assets,1.6,2024-Q3,rbnz-dashboard
BOI,Return on Equity,4,2024-Q3,rbnz-dashboard
BOI,NIM,5.4,2024-Q3,rbnz-dashboard
BOI,Net Interest Income,2.2,2024-Q3,rbnz-dashboard
BOI,Trading and Hedging Gains,0,2024-Q3,rbnz-dashboard
BOI,Fees and Commission Income,0,2024-Q3,rbnz-dashboard
BOI,Other Income,0,2024-Q3,rbnz-dashboard
BOI,Operating Expenses,0.7,2024-Q3,rbnz-dashboard
BOI,Profit After Tax,0.7,2024-Q3,rbnz-dashboard
BOI,Total Assets,166.5,2024-Q3,rbnz-dashboard
BOI,Cash Position,25,2024-Q3,rbnz-dashboard
BOI,Net Loans and Advances,138.4,2024-Q3,rbnz-dashboard
BOI,Deposits,91,2024-Q3,rbnz-dashboard
BOI,Equity,63.9,2024-Q3,rbnz-dashboard
BOI,Core Funding Ratio (CFR),86.1,2024-Q3,rbnz-dashboard
CBA Group,Total Capital Ratio,,2024-Q3,rbnz-dashboard
CBA Group,CET1 Ratio,,2024-Q3,rbnz-dashboard
CBA Group,Tier 1 Capital Ratio,,2024-Q3,rbnz-dashboard
CBA Group,Total Non-Performing Loans,852.7,2024-Q3,rbnz-dashboard
CBA Group,NPL Ratio,0.8,2024-Q3,rbnz-dashboard
CBA Group,Return on Assets,1.1,2024-Q3,rbnz-dashboard
CBA Group,Return on Equity,12.2,2024-Q3,rbnz-dashboard
CBA Group,NIM,2.4,2024-Q3,rbnz-dashboard
CBA Group,Net Interest Income,776.2,2024-Q3,rbnz-dashboard
CBA Group,Trading and Hedging Gains,13,2024-Q3,rbnz-dashboard
CBA Group,Fees and Commission Income,95.8,2024-Q3,rbnz-dashboard
CBA Group,Other Income,1.4,2024-Q3,rbnz-dashboard
CBA Group,Operating Expenses,346.4,2024-Q3,rbnz-dashboard
CBA Group,Profit After Tax,367.6,2024-Q3,rbnz-dashboard
CBA Group,Total Assets,130061.3,2024-Q3,rbnz-dashboard
CBA Group,Cash Position,1790.9,2024-Q3,rbnz-dashboard
CBA Group,Net Loans and Advances,112842.4,2024-Q3,rbnz-dashboard
CBA Group,Deposits,85318.6,2024-Q3,rbnz-dashboard
CBA Group,Equity,11792.8,2024-Q3,rbnz-dashboard
CBA Group,Core Funding Ratio (CFR),,2024-Q3,rbnz-dashboard
CCB,Total Capital Ratio,17.7,2024-Q3,rbnz-dashboard
CCB,CET1 Ratio,17.7,2024-Q3,rbnz-dashboard
CCB,Tier 1 Capital Ratio,17.7,2024-Q3,rbnz-dashboard
CCB,Total Non-Performing Loans,,2024-Q3,rbnz-dashboard
CCB,NPL Ratio,,2024-Q3,rbnz-dashboard
CCB,Return on Assets,1.2,2024-Q3,rbnz-dashboard
CCB,Return on Equity,9.6,2024-Q3,rbnz-dashboard
CCB,NIM,1.9,2024-Q3,rbnz-dashboard
CCB,Net Interest Income,12.3,2024-Q3,rbnz-dashboard
CCB,Trading and Hedging Gains,1,2024-Q3,rbnz-dashboard
CCB,Fees and Commission Income,0.4,2024-Q3,rbnz-dashboard
CCB,Other Income,0.2,2024-Q3,rbnz-dashboard
CCB,Operating Expenses,2.8,2024-Q3,rbnz-dashboard
CCB,Profit After Tax,7.9,2024-Q3,rbnz-dashboard
CCB,Total Assets,2467.9,2024-Q3,rbnz-dashboard
CCB,Cash Position,206,2024-Q3,rbnz-dashboard
CCB,Net Loans and Advances,2026.4,2024-Q3,rbnz-dashboard
CCB,Deposits,480.3,2024-Q3,rbnz-dashboard
CCB,Equity,334.2,2024-Q3,rbnz-dashboard
CCB,Core Funding Ratio (CFR),90.9,2024-Q3,rbnz-dashboard
CCB Group,Total Capital Ratio,,2024-Q3,rbnz-dashboard
CCB Group,CET1 Ratio,,2024-Q3,rbnz-dashboard
CCB Group,Tier 1 Capital Ratio,,2024-Q3,rbnz-dashboard
CCB Group,Total Non-Performing Loans,,2024-Q3,rbnz-dashboard
CCB Group,NPL Ratio,,2024-Q3,rbnz-dashboard
CCB Group,Return on Assets,1.2,2024-Q3,rbnz-dashboard
CCB Group,Return on Equity,13.6,2024-Q3,rbnz-dashboard
CCB Group,NIM,1.9,2024-Q3,rbnz-dashboard
CCB Group,Net Interest Income,22,2024-Q3,rbnz-dashboard
CCB Group,Trading and Hedging Gains,0.1,2024-Q3,rbnz-dashboard
CCB Group,Fees and Commission Income,1.9,2024-Q3,rbnz-dashboard
CCB Group,Other Income,0,2024-Q3,rbnz-dashboard
CCB Group,Operating Expenses,4.9,2024-Q3,rbnz-dashboard
CCB Group,Profit After Tax,14,2024-Q3,rbnz-dashboard
CCB Group,Total Assets,4559.8,2024-Q3,rbnz-dashboard
CCB Group,Cash Position,624.7,2024-Q3,rbnz-dashboard
CCB Group,Net Loans and Advances,3697.6,2024-Q3,rbnz-dashboard
CCB Group,Deposits,525.5,2024-Q3,rbnz-dashboard
CCB Group,Equity,414.4,2024-Q3,rbnz-dashboard
CCB Group,Core Funding Ratio (CFR),,2024-Q3,rbnz-dashboard
Co-op,Total Capital Ratio,17.9,2024-Q3,rbnz-dashboard
Co-op,CET1 Ratio,15.6,2024-Q3,rbnz-dashboard
Co-op,Tier 1 Capital Ratio,15.6,2024-Q3,rbnz-dashboard
Co-op,Total Non-Performing Loans,10,2024-Q3,rbnz-dashboard
Co-op,NPL Ratio,0.3,2024-Q3,rbnz-dashboard
Co-op,Return on Assets,0,2024-Q3,rbnz-dashboard
Co-op,Return on Equity,-0.1,2024-Q3,rbnz-dashboard
Co-op,NIM,2.5,2024-Q3,rbnz-dashboard
Co-op,Net Interest Income,22.1,2024-Q3,rbnz-dashboard
Co-op,Trading and Hedging Gains,-0.1,2024-Q3,rbnz-dashboard
Co-op,Fees and Commission Income,2.6,2024-Q3,rbnz-dashboard
Co-op,Other Income,1.6,2024-Q3,rbnz-dashboard
Co-op,Operating Expenses,25.6,2024-Q3,rbnz-dashboard
Co-op,Profit After Tax,-0.1,2024-Q3,rbnz-dashboard
Co-op,Total Assets,3528.9,2024-Q3,rbnz-dashboard
Co-op,Cash Position,19.5,2024-Q3,rbnz-dashboard
Co-op,Net Loans and Advances,3196.7,2024-Q3,rbnz-dashboard
Co-op,Deposits,3078.4,2024-Q3,rbnz-dashboard
Co-op,Equity,255.8,2024-Q3,rbnz-dashboard
Co-op,Core Funding Ratio (CFR),98.4,2024-Q3,rbnz-dashboard
Heartland,Total Capital Ratio,14.7,2024-Q3,rbnz-dashboard
Heartland,CET1 Ratio,12.6,2024-Q3,rbnz-dashboard
Heartland,Tier 1 Capital Ratio,12.6,2024-Q3,rbnz-dashboard
Heartland,Total Non-Performing Loans,189.6,2024-Q3,rbnz-dashboard
Heartland,NPL Ratio,3.8,2024-Q3,rbnz-dashboard
Heartland,Return on Assets,0.6,2024-Q3,rbnz-dashboard
Heartland,Return on Equity,3,2024-Q3,rbnz-dashboard
Heartland,NIM,3.8,2024-Q3,rbnz-dashboard
Heartland,Net Interest Income,53.7,2024-Q3,rbnz-dashboard
Heartland,Trading and Hedging Gains,-2.8,2024-Q3,rbnz-dashboard
Heartland,Fees and Commission Income,3.6,2024-Q3,rbnz-dashboard
Heartland,Other Income,1.4,2024-Q3,rbnz-dashboard
Heartland,Operating Expenses,30.5,2024-Q3,rbnz-dashboard
Heartland,Profit After Tax,8.9,2024-Q3,rbnz-dashboard
Heartland,Total Assets,6116.7,2024-Q3,rbnz-dashboard
Heartland,Cash Position,182.3,2024-Q3,rbnz-dashboard
Heartland,Net Loans and Advances,4882.2,2024-Q3,rbnz-dashboard
Heartland,Deposits,4544.8,2024-Q3,rbnz-dashboard
Heartland,Equity,1184.1,2024-Q3,rbnz-dashboard
Heartland,Core Funding Ratio (CFR),91.2,2024-Q3,rbnz-dashboard
ICBC,Total Capital Ratio,18.1,2024-Q3,rbnz-dashboard
ICBC,CET1 Ratio,18.1,2024-Q3,rbnz-dashboard
ICBC,Tier 1 Capital Ratio,18.1,2024-Q3,rbnz-dashboard
ICBC,Total Non-Performing Loans,1.4,2024-Q3,rbnz-dashboard
ICBC,NPL Ratio,0.1,2024-Q3,rbnz-dashboard
ICBC,Return on Assets,0.9,2024-Q3,rbnz-dashboard
ICBC,Return on Equity,6.7,2024-Q3,rbnz-dashboard
ICBC,NIM,1.7,2024-Q3,rbnz-dashboard
ICBC,Net Interest Income,9.9,2024-Q3,rbnz-dashboard
ICBC,Trading and Hedging Gains,1.5,2024-Q3,rbnz-dashboard
ICBC,Fees and Commission Income,0.3,2024-Q3,rbnz-dashboard
ICBC,Other Income,2,2024-Q3,rbnz-dashboard
ICBC,Operating Expenses,6.1,2024-Q3,rbnz-dashboard
ICBC,Profit After Tax,5.5,2024-Q3,rbnz-dashboard
ICBC,Total Assets,2232.1,2024-Q3,rbnz-dashboard
ICBC,Cash Position,204.2,2024-Q3,rbnz-dashboard
ICBC,Net Loans and Advances,1741.6,2024-Q3,rbnz-dashboard
ICBC,Deposits,879.8,2024-Q3,rbnz-dashboard
ICBC,Equity,331.7,2024-Q3,rbnz-dashboard
ICBC,Core Funding Ratio (CFR),93,2024-Q3,rbnz-dashboard
ICBC Group,Total Capital Ratio,,2024-Q3,rbnz-dashboard
ICBC Group,CET1 Ratio,,2024-Q3,rbnz-dashboard
ICBC Group,Tier 1 Capital Ratio,,2024-Q3,rbnz-dashboard
ICBC Group,Total Non-Performing Loans,1.4,2024-Q3,rbnz-dashboard
ICBC Group,NPL Ratio,0,2024-Q3,rbnz-dashboard
ICBC Group,Return on Assets,0.7,2024-Q3,rbnz-dashboard
ICBC Group,Return on Equity,7,2024-Q3,rbnz-dashboard
ICBC Group,NIM,1.9,2024-Q3,rbnz-dashboard
ICBC Group,Net Interest Income,20.8,2024-Q3,rbnz-dashboard
ICBC Group,Trading and Hedging Gains,-2.3,2024-Q3,rbnz-dashboard
ICBC Group,Fees and Commission Income,0.3,2024-Q3,rbnz-dashboard
ICBC Group,Other Income,0,2024-Q3,rbnz-dashboard
ICBC Group,Operating Expenses,6.2,2024-Q3,rbnz-dashboard
ICBC Group,Profit After Tax,7.9,2024-Q3,rbnz-dashboard
ICBC Group,Total Assets,4182.5,2024-Q3,rbnz-dashboard
ICBC Group,Cash Position,351.6,2024-Q3,rbnz-dashboard
ICBC Group,Net Loans and Advances,3528.9,2024-Q3,rbnz-dashboard
ICBC Group,Deposits,879.7,2024-Q3,rbnz-dashboard
ICBC Group,Equity,452.2,2024-Q3,rbnz-dashboard
ICBC Group,Core Funding Ratio (CFR),,2024-Q3,rbnz-dashboard
Kiwibank,Total Capital Ratio,15.2,2024-Q3,rbnz-dashboard
Kiwibank,CET1 Ratio,11.6,2024-Q3,rbnz-dashboard
Kiwibank,Tier 1 Capital Ratio,12.8,2024-Q3,rbnz-dashboard
Kiwibank,Total Non-Performing Loans,134.3,2024-Q3,rbnz-dashboard
Kiwibank,NPL Ratio,0.4,2024-Q3,rbnz-dashboard
Kiwibank,Return on Assets,0.3,2024-Q3,rbnz-dashboard
Kiwibank,Return on Equity,4.9,2024-Q3,rbnz-dashboard
Kiwibank,NIM,2.3,2024-Q3,rbnz-dashboard
Kiwibank,Net Interest Income,207.2,2024-Q3,rbnz-dashboard
Kiwibank,Trading and Hedging Gains,2.8,2024-Q3,rbnz-dashboard
Kiwibank,Fees and Commission Income,16.3,2024-Q3,rbnz-dashboard
Kiwibank,Other Income,-0.2,2024-Q3,rbnz-dashboard
Kiwibank,Operating Expenses,158.8,2024-Q3,rbnz-dashboard
Kiwibank,Profit After Tax,32.1,2024-Q3,rbnz-dashboard
Kiwibank,Total Assets,37400.2,2024-Q3,rbnz-dashboard
Kiwibank,Cash Position,691,2024-Q3,rbnz-dashboard
Kiwibank,Net Loans and Advances,33391.6,2024-Q3,rbnz-dashboard
Kiwibank,Deposits,28850.7,2024-Q3,rbnz-dashboard
Kiwibank,Equity,2630.1,2024-Q3,rbnz-dashboard
Kiwibank,Core Funding Ratio (CFR),90.1,2024-Q3,rbnz-dashboard
Rabo Group,Total Capital Ratio,,2024-Q3,rbnz-dashboard
Rabo Group,CET1 Ratio,,2024-Q3,rbnz-dashboard
Rabo Group,Tier 1 Capital Ratio,,2024-Q3,rbnz-dashboard
Rabo Group,Total Non-Performing Loans,281.7,2024-Q3,rbnz-dashboard
Rabo Group,NPL Ratio,1.6,2024-Q3,rbnz-dashboard
Rabo Group,Return on Assets,1,2024-Q3,rbnz-dashboard
Rabo Group,Return on Equity,7.7,2024-Q3,rbnz-dashboard
Rabo Group,NIM,2.4,2024-Q3,rbnz-dashboard
Rabo Group,Net Interest Income,125.1,2024-Q3,rbnz-dashboard
Rabo Group,Trading and Hedging Gains,18.4,2024-Q3,rbnz-dashboard
Rabo Group,Fees and Commission Income,0.6,2024-Q3,rbnz-dashboard
Rabo Group,Other Income,4.6,2024-Q3,rbnz-dashboard
Rabo Group,Operating Expenses,56.2,2024-Q3,rbnz-dashboard
Rabo Group,Profit After Tax,55.6,2024-Q3,rbnz-dashboard
Rabo Group,Total Assets,21193.6,2024-Q3,rbnz-dashboard
Rabo Group,Cash Position,2682.4,2024-Q3,rbnz-dashboard
Rabo Group,Net Loans and Advances,17374.6,2024-Q3,rbnz-dashboard
Rabo Group,Deposits,7098.4,2024-Q3,rbnz-dashboard
Rabo Group,Equity,2910.1,2024-Q3,rbnz-dashboard
Rabo Group,Core Funding Ratio (CFR),,2024-Q3,rbnz-dashboard
Rabobank,Total Capital Ratio,15.2,2024-Q3,rbnz-dashboard
Rabobank,CET1 Ratio,15.2,2024-Q3,rbnz-dashboard
Rabobank,Tier 1 Capital Ratio,15.2,2024-Q3,rbnz-dashboard
Rabobank,Total Non-Performing Loans,32.6,2024-Q3,rbnz-dashboard
Rabobank,NPL Ratio,0.2,2024-Q3,rbnz-dashboard
Rabobank,Return on Assets,1,2024-Q3,rbnz-dashboard
Rabobank,Return on Equity,7.3,2024-Q3,rbnz-dashboard
Rabobank,NIM,2.6,2024-Q3,rbnz-dashboard
Rabobank,Net Interest Income,106.7,2024-Q3,rbnz-dashboard
Rabobank,Trading and Hedging Gains,-0.7,2024-Q3,rbnz-dashboard
Rabobank,Fees and Commission Income,0.2,2024-Q3,rbnz-dashboard
Rabobank,Other Income,0,2024-Q3,rbnz-dashboard
Rabobank,Operating Expenses,44.7,2024-Q3,rbnz-dashboard
Rabobank,Profit After Tax,43.1,2024-Q3,rbnz-dashboard
Rabobank,Total Assets,16537.4,2024-Q3,rbnz-dashboard
Rabobank,Cash Position,1713,2024-Q3,rbnz-dashboard
Rabobank,Net Loans and Advances,13894.4,2024-Q3,rbnz-dashboard
Rabobank,Deposits,6922.5,2024-Q3,rbnz-dashboard
Rabobank,Equity,2376.2,2024-Q3,rbnz-dashboard
Rabobank,Core Funding Ratio (CFR),84.8,2024-Q3,rbnz-dashboard
SBS,Total Capital Ratio,16.3,2024-Q3,rbnz-dashboard
SBS,CET1 Ratio,13.5,2024-Q3,rbnz-dashboard
SBS,Tier 1 Capital Ratio,13.5,2024-Q3,rbnz-dashboard
SBS,Total Non-Performing Loans,19.1,2024-Q3,rbnz-dashboard
SBS,NPL Ratio,0.3,2024-Q3,rbnz-dashboard
SBS,Return on Assets,0.5,2024-Q3,rbnz-dashboard
SBS,Return on Equity,6.4,2024-Q3,rbnz-dashboard
SBS,NIM,2.5,2024-Q3,rbnz-dashboard
SBS,Net Interest Income,39.6,2024-Q3,rbnz-dashboard
SBS,Trading and Hedging Gains,0.9,2024-Q3,rbnz-dashboard
SBS,Fees and Commission Income,7.6,2024-Q3,rbnz-dashboard
SBS,Other Income,1.8,2024-Q3,rbnz-dashboard
SBS,Operating Expenses,32.6,2024-Q3,rbnz-dashboard
SBS,Profit After Tax,8.4,2024-Q3,rbnz-dashboard
SBS,Total Assets,6632.3,2024-Q3,rbnz-dashboard
SBS,Cash Position,138,2024-Q3,rbnz-dashboard
SBS,Net Loans and Advances,5605.2,2024-Q3,rbnz-dashboard
SBS,Deposits,4385.5,2024-Q3,rbnz-dashboard
SBS,Equity,513.2,2024-Q3,rbnz-dashboard
SBS,Core Funding Ratio (CFR),95.6,2024-Q3,rbnz-dashboard
TSB,Total Capital Ratio,15,2024-Q3,rbnz-dashboard
TSB,CET1 Ratio,15,2024-Q3,rbnz-dashboard
TSB,Tier 1 Capital Ratio,15,2024-Q3,rbnz-dashboard
TSB,Total Non-Performing Loans,78,2024-Q3,rbnz-dashboard
TSB,NPL Ratio,1,2024-Q3,rbnz-dashboard
TSB,Return on Assets,0.3,2024-Q3,rbnz-dashboard
TSB,Return on Equity,3.6,2024-Q3,rbnz-dashboard
TSB,NIM,2.1,2024-Q3,rbnz-dashboard
TSB,Net Interest Income,48.1,2024-Q3,rbnz-dashboard
TSB,Trading and Hedging Gains,0,2024-Q3,rbnz-dashboard
TSB,Fees and Commission Income,3.1,2024-Q3,rbnz-dashboard
TSB,Other Income,3,2024-Q3,rbnz-dashboard
TSB,Operating Expenses,41.6,2024-Q3,rbnz-dashboard
TSB,Profit After Tax,6.9,2024-Q3,rbnz-dashboard
TSB,Total Assets,9400.1,2024-Q3,rbnz-dashboard
TSB,Cash Position,431.7,2024-Q3,rbnz-dashboard
TSB,Net Loans and Advances,7571.4,2024-Q3,rbnz-dashboard
TSB,Deposits,8432.9,2024-Q3,rbnz-dashboard
TSB,Equity,765,2024-Q3,rbnz-dashboard
TSB,Core Funding Ratio (CFR),109.8,2024-Q3,rbnz-dashboard
WBC Group,Total Capital Ratio,,2024-Q3,rbnz-dashboard
WBC Group,CET1 Ratio,,2024-Q3,rbnz-dashboard
WBC Group,Tier 1 Capital Ratio,,2024-Q3,rbnz-dashboard
WBC Group,Total Non-Performing Loans,561.9,2024-Q3,rbnz-dashboard
WBC Group,NPL Ratio,0.5,2024-Q3,rbnz-dashboard
WBC Group,Return on Assets,1.1,2024-Q3,rbnz-dashboard
WBC Group,Return on Equity,12.6,2024-Q3,rbnz-dashboard
WBC Group,NIM,2.4,2024-Q3,rbnz-dashboard
WBC Group,Net Interest Income,755.3,2024-Q3,rbnz-dashboard
WBC Group,Trading and Hedging Gains,-16.7,2024-Q3,rbnz-dashboard
WBC Group,Fees and Commission Income,67,2024-Q3,rbnz-dashboard
WBC Group,Other Income,7.7,2024-Q3,rbnz-dashboard
WBC Group,Operating Expenses,348.6,2024-Q3,rbnz-dashboard
WBC Group,Profit After Tax,362.5,2024-Q3,rbnz-dashboard
WBC Group,Total Assets,133500.9,2024-Q3,rbnz-dashboard
WBC Group,Cash Position,8506,2024-Q3,rbnz-dashboard
WBC Group,Net Loans and Advances,102463.2,2024-Q3,rbnz-dashboard
WBC Group,Deposits,79705.8,2024-Q3,rbnz-dashboard
WBC Group,Equity,11694,2024-Q3,rbnz-dashboard
WBC Group,Core Funding Ratio (CFR),,2024-Q3,rbnz-dashboard
Westpac,Total Capital Ratio,16.2,2024-Q3,rbnz-dashboard
Westpac,CET1 Ratio,11.8,2024-Q3,rbnz-dashboard
Westpac,Tier 1 Capital Ratio,14.4,2024-Q3,rbnz-dashboard
Westpac,Total Non-Performing Loans,560.6,2024-Q3,rbnz-dashboard
Westpac,NPL Ratio,0.5,2024-Q3,rbnz-dashboard
Westpac,Return on Assets,1.2,2024-Q3,rbnz-dashboard
Westpac,Return on Equity,13.8,2024-Q3,rbnz-dashboard
Westpac,NIM,2.5,2024-Q3,rbnz-dashboard
Westpac,Net Interest Income,737.5,2024-Q3,rbnz-dashboard
Westpac,Trading and Hedging Gains,-5.1,2024-Q3,rbnz-dashboard
Westpac,Fees and Commission Income,71.1,2024-Q3,rbnz-dashboard
Westpac,Other Income,6.2,2024-Q3,rbnz-dashboard
Westpac,Operating Expenses,335.8,2024-Q3,rbnz-dashboard
Westpac,Profit After Tax,368.4,2024-Q3,rbnz-dashboard
Westpac,Total Assets,123196.5,2024-Q3,rbnz-dashboard
Westpac,Cash Position,8319.1,2024-Q3,rbnz-dashboard
Westpac,Net Loans and Advances,102149.6,2024-Q3,rbnz-dashboard
Westpac,Deposits,79828.5,2024-Q3,rbnz-dashboard
Westpac,Equity,10876.6,2024-Q3,rbnz-dashboard
Westpac,Core Funding Ratio (CFR),86,2024-Q3,rbnz-dashboard
ANZ,Total Capital Ratio,17.5,2024-Q4,rbnz-dashboard
ANZ,CET1 Ratio,12.8,2024-Q4,rbnz-dashboard
ANZ,Tier 1 Capital Ratio,15.3,2024-Q4,rbnz-dashboard
ANZ,Total Non-Performing Loans,1367.2,2024-Q4,rbnz-dashboard
ANZ,NPL Ratio,0.9,2024-Q4,rbnz-dashboard
ANZ,Return on Assets,1.3,2024-Q4,rbnz-dashboard
ANZ,Return on Equity,14.1,2024-Q4,rbnz-dashboard
ANZ,NIM,2.5,2024-Q4,rbnz-dashboard
ANZ,Net Interest Income,1143.2,2024-Q4,rbnz-dashboard
ANZ,Trading and Hedging Gains,132.1,2024-Q4,rbnz-dashboard
ANZ,Fees and Commission Income,125.1,2024-Q4,rbnz-dashboard
ANZ,Other Income,3.3,2024-Q4,rbnz-dashboard
ANZ,Operating Expenses,458.7,2024-Q4,rbnz-dashboard
ANZ,Profit After Tax,676.7,2024-Q4,rbnz-dashboard
ANZ,Total Assets,209899.7,2024-Q4,rbnz-dashboard
ANZ,Cash Position,12552.3,2024-Q4,rbnz-dashboard
ANZ,Net Loans and Advances,152698,2024-Q4,rbnz-dashboard
ANZ,Deposits,140024,2024-Q4,rbnz-dashboard
ANZ,Equity,19456.5,2024-Q4,rbnz-dashboard
ANZ,Core Funding Ratio (CFR),89.9,2024-Q4,rbnz-dashboard
ANZ Group,Total Capital Ratio,,2024-Q4,rbnz-dashboard
ANZ Group,CET1 Ratio,,2024-Q4,rbnz-dashboard
ANZ Group,Tier 1 Capital Ratio,,2024-Q4,rbnz-dashboard
ANZ Group,Total Non-Performing Loans,1370.9,2024-Q4,rbnz-dashboard
ANZ Group,NPL Ratio,0.9,2024-Q4,rbnz-dashboard
ANZ Group,Return on Assets,1.3,2024-Q4,rbnz-dashboard
ANZ Group,Return on Equity,15.3,2024-Q4,rbnz-dashboard
ANZ Group,NIM,2.4,2024-Q4,rbnz-dashboard
ANZ Group,Net Interest Income,1097.3,2024-Q4,rbnz-dashboard
ANZ Group,Trading and Hedging Gains,143.5,2024-Q4,rbnz-dashboard
ANZ Group,Fees and Commission Income,125.1,2024-Q4,rbnz-dashboard
ANZ Group,Other Income,3.1,2024-Q4,rbnz-dashboard
ANZ Group,Operating Expenses,459.7,2024-Q4,rbnz-dashboard
ANZ Group,Profit After Tax,648,2024-Q4,rbnz-dashboard
ANZ Group,Total Assets,210175.1,2024-Q4,rbnz-dashboard
ANZ Group,Cash Position,12552.3,2024-Q4,rbnz-dashboard
ANZ Group,Net Loans and Advances,152978.8,2024-Q4,rbnz-dashboard
ANZ Group,Deposits,140024,2024-Q4,rbnz-dashboard
ANZ Group,Equity,17150.1,2024-Q4,rbnz-dashboard
ANZ Group,Core Funding Ratio (CFR),,2024-Q4,rbnz-dashboard
ASB,Total Capital Ratio,16.3,2024-Q4,rbnz-dashboard
ASB,CET1 Ratio,14.8,2024-Q4,rbnz-dashboard
ASB,Tier 1 Capital Ratio,14.8,2024-Q4,rbnz-dashboard
ASB,Total Non-Performing Loans,919.8,2024-Q4,rbnz-dashboard
ASB,NPL Ratio,0.8,2024-Q4,rbnz-dashboard
ASB,Return on Assets,1.3,2024-Q4,rbnz-dashboard
ASB,Return on Equity,14.6,2024-Q4,rbnz-dashboard
ASB,NIM,2.5,2024-Q4,rbnz-dashboard
ASB,Net Interest Income,788.2,2024-Q4,rbnz-dashboard
ASB,Trading and Hedging Gains,28.7,2024-Q4,rbnz-dashboard
ASB,Fees and Commission Income,97,2024-Q4,rbnz-dashboard
ASB,Other Income,0.4,2024-Q4,rbnz-dashboard
ASB,Operating Expenses,353.7,2024-Q4,rbnz-dashboard
ASB,Profit After Tax,410.5,2024-Q4,rbnz-dashboard
ASB,Total Assets,131899.8,2024-Q4,rbnz-dashboard
ASB,Cash Position,2715.1,2024-Q4,rbnz-dashboard
ASB,Net Loans and Advances,111580.6,2024-Q4,rbnz-dashboard
ASB,Deposits,87817.5,2024-Q4,rbnz-dashboard
ASB,Equity,11401.3,2024-Q4,rbnz-dashboard
ASB,Core Funding Ratio (CFR),88.7,2024-Q4,rbnz-dashboard
BNZ,Total Capital Ratio,15.3,2024-Q4,rbnz-dashboard
BNZ,CET1 Ratio,13.3,2024-Q4,rbnz-dashboard
BNZ,Tier 1 Capital Ratio,14.2,2024-Q4,rbnz-dashboard
BNZ,Total Non-Performing Loans,519.2,2024-Q4,rbnz-dashboard
BNZ,NPL Ratio,0.5,2024-Q4,rbnz-dashboard
BNZ,Return on Assets,1,2024-Q4,rbnz-dashboard
BNZ,Return on Equity,10,2024-Q4,rbnz-dashboard
BNZ,NIM,2.4,2024-Q4,rbnz-dashboard
BNZ,Net Interest Income,740.1,2024-Q4,rbnz-dashboard
BNZ,Trading and Hedging Gains,38.5,2024-Q4,rbnz-dashboard
BNZ,Fees and Commission Income,78.3,2024-Q4,rbnz-dashboard
BNZ,Other Income,0.5,2024-Q4,rbnz-dashboard
BNZ,Operating Expenses,339.6,2024-Q4,rbnz-dashboard
BNZ,Profit After Tax,334.7,2024-Q4,rbnz-dashboard
BNZ,Total Assets,135040.5,2024-Q4,rbnz-dashboard
BNZ,Cash Position,8031.1,2024-Q4,rbnz-dashboard
BNZ,Net Loans and Advances,107452.3,2024-Q4,rbnz-dashboard
BNZ,Deposits,86871.7,2024-Q4,rbnz-dashboard
BNZ,Equity,13176.9,2024-Q4,rbnz-dashboard
BNZ,Core Funding Ratio (CFR),88.6,2024-Q4,rbnz-dashboard
BOB,Total Capital Ratio,83.8,2024-Q4,rbnz-dashboard
BOB,CET1 Ratio,83.8,2024-Q4,rbnz-dashboard
BOB,Tier 1 Capital Ratio,83.8,2024-Q4,rbnz-dashboard
BOB,Total Non-Performing Loans,2.4,2024-Q4,rbnz-dashboard
BOB,NPL Ratio,3,2024-Q4,rbnz-dashboard
BOB,Return on Assets,1.1,2024-Q4,rbnz-dashboard
BOB,Return on Equity,2.5,2024-Q4,rbnz-dashboard
BOB,NIM,4.3,2024-Q4,rbnz-dashboard
BOB,Net Interest Income,1.3,2024-Q4,rbnz-dashboard
BOB,Trading and Hedging Gains,0.1,2024-Q4,rbnz-dashboard
BOB,Fees and Commission Income,0,2024-Q4,rbnz-dashboard
BOB,Other Income,0,2024-Q4,rbnz-dashboard
BOB,Operating Expenses,0.9,2024-Q4,rbnz-dashboard
BOB,Profit After Tax,0.3,2024-Q4,rbnz-dashboard
BOB,Total Assets,119.5,2024-Q4,rbnz-dashboard
BOB,Cash Position,37.4,2024-Q4,rbnz-dashboard
BOB,Net Loans and Advances,81.3,2024-Q4,rbnz-dashboard
BOB,Deposits,64.1,2024-Q4,rbnz-dashboard
BOB,Equity,54.6,2024-Q4,rbnz-dashboard
BOB,Core Funding Ratio (CFR),124.1,2024-Q4,rbnz-dashboard
BOC,Total Capital Ratio,16.9,2024-Q4,rbnz-dashboard
BOC,CET1 Ratio,16.9,2024-Q4,rbnz-dashboard
BOC,Tier 1 Capital Ratio,16.9,2024-Q4,rbnz-dashboard
BOC,Total Non-Performing Loans,19.9,2024-Q4,rbnz-dashboard
BOC,NPL Ratio,0.7,2024-Q4,rbnz-dashboard
BOC,Return on Assets,1,2024-Q4,rbnz-dashboard
BOC,Return on Equity,11.3,2024-Q4,rbnz-dashboard
BOC,NIM,1.4,2024-Q4,rbnz-dashboard
BOC,Net Interest Income,13.6,2024-Q4,rbnz-dashboard
BOC,Trading and Hedging Gains,0.7,2024-Q4,rbnz-dashboard
BOC,Fees and Commission Income,6.6,2024-Q4,rbnz-dashboard
BOC,Other Income,-0.1,2024-Q4,rbnz-dashboard
BOC,Operating Expenses,9.3,2024-Q4,rbnz-dashboard
BOC,Profit After Tax,9.5,2024-Q4,rbnz-dashboard
BOC,Total Assets,4155.2,2024-Q4,rbnz-dashboard
BOC,Cash Position,916.2,2024-Q4,rbnz-dashboard
BOC,Net Loans and Advances,2842.7,2024-Q4,rbnz-dashboard
BOC,Deposits,2235.1,2024-Q4,rbnz-dashboard
BOC,Equity,338.7,2024-Q4,rbnz-dashboard
BOC,Core Funding Ratio (CFR),83.4,2024-Q4,rbnz-dashboard
BOC Group,Total Capital Ratio,,2024-Q4,rbnz-dashboard
BOC Group,CET1 Ratio,,2024-Q4,rbnz-dashboard
BOC Group,Tier 1 Capital Ratio,,2024-Q4,rbnz-dashboard
BOC Group,Total Non-Performing Loans,19.9,2024-Q4,rbnz-dashboard
BOC Group,NPL Ratio,0.3,2024-Q4,rbnz-dashboard
BOC Group,Return on Assets,0.6,2024-Q4,rbnz-dashboard
BOC Group,Return on Equity,12.2,2024-Q4,rbnz-dashboard
BOC Group,NIM,1.5,2024-Q4,rbnz-dashboard
BOC Group,Net Interest Income,27.2,2024-Q4,rbnz-dashboard
BOC Group,Trading and Hedging Gains,0.7,2024-Q4,rbnz-dashboard
BOC Group,Fees and Commission Income,0.5,2024-Q4,rbnz-dashboard
BOC Group,Other Income,-0.2,2024-Q4,rbnz-dashboard
BOC Group,Operating Expenses,9.6,2024-Q4,rbnz-dashboard
BOC Group,Profit After Tax,11.2,2024-Q4,rbnz-dashboard
BOC Group,Total Assets,7441.7,2024-Q4,rbnz-dashboard
BOC Group,Cash Position,1092.4,2024-Q4,rbnz-dashboard
BOC Group,Net Loans and Advances,5925,2024-Q4,rbnz-dashboard
BOC Group,Deposits,2439.4,2024-Q4,rbnz-dashboard
BOC Group,Equity,358.6,2024-Q4,rbnz-dashboard
BOC Group,Core Funding Ratio (CFR),,2024-Q4,rbnz-dashboard
BOI,Total Capital Ratio,41,2024-Q4,rbnz-dashboard
BOI,CET1 Ratio,41,2024-Q4,rbnz-dashboard
BOI,Tier 1 Capital Ratio,41,2024-Q4,rbnz-dashboard
BOI,Total Non-Performing Loans,14.1,2024-Q4,rbnz-dashboard
BOI,NPL Ratio,9.6,2024-Q4,rbnz-dashboard
BOI,Return on Assets,0.9,2024-Q4,rbnz-dashboard
BOI,Return on Equity,2.4,2024-Q4,rbnz-dashboard
BOI,NIM,3.4,2024-Q4,rbnz-dashboard
BOI,Net Interest Income,1.5,2024-Q4,rbnz-dashboard
BOI,Trading and Hedging Gains,0,2024-Q4,rbnz-dashboard
BOI,Fees and Commission Income,0.1,2024-Q4,rbnz-dashboard
BOI,Other Income,0,2024-Q4,rbnz-dashboard
BOI,Operating Expenses,0.8,2024-Q4,rbnz-dashboard
BOI,Profit After Tax,0.4,2024-Q4,rbnz-dashboard
BOI,Total Assets,177.4,2024-Q4,rbnz-dashboard
BOI,Cash Position,31.1,2024-Q4,rbnz-dashboard
BOI,Net Loans and Advances,143.1,2024-Q4,rbnz-dashboard
BOI,Deposits,99.1,2024-Q4,rbnz-dashboard
BOI,Equity,64.3,2024-Q4,rbnz-dashboard
BOI,Core Funding Ratio (CFR),86.7,2024-Q4,rbnz-dashboard
CBA Group,Total Capital Ratio,,2024-Q4,rbnz-dashboard
CBA Group,CET1 Ratio,,2024-Q4,rbnz-dashboard
CBA Group,Tier 1 Capital Ratio,,2024-Q4,rbnz-dashboard
CBA Group,Total Non-Performing Loans,919.8,2024-Q4,rbnz-dashboard
CBA Group,NPL Ratio,0.8,2024-Q4,rbnz-dashboard
CBA Group,Return on Assets,1.3,2024-Q4,rbnz-dashboard
CBA Group,Return on Equity,14.2,2024-Q4,rbnz-dashboard
CBA Group,NIM,2.5,2024-Q4,rbnz-dashboard
CBA Group,Net Interest Income,805.6,2024-Q4,rbnz-dashboard
CBA Group,Trading and Hedging Gains,33.5,2024-Q4,rbnz-dashboard
CBA Group,Fees and Commission Income,97,2024-Q4,rbnz-dashboard
CBA Group,Other Income,0.4,2024-Q4,rbnz-dashboard
CBA Group,Operating Expenses,356.5,2024-Q4,rbnz-dashboard
CBA Group,Profit After Tax,424.4,2024-Q4,rbnz-dashboard
CBA Group,Total Assets,134886.4,2024-Q4,rbnz-dashboard
CBA Group,Cash Position,2544,2024-Q4,rbnz-dashboard
CBA Group,Net Loans and Advances,114392.4,2024-Q4,rbnz-dashboard
CBA Group,Deposits,87796.9,2024-Q4,rbnz-dashboard
CBA Group,Equity,11926.4,2024-Q4,rbnz-dashboard
CBA Group,Core Funding Ratio (CFR),,2024-Q4,rbnz-dashboard
CCB,Total Capital Ratio,17.6,2024-Q4,rbnz-dashboard
CCB,CET1 Ratio,17.6,2024-Q4,rbnz-dashboard
CCB,Tier 1 Capital Ratio,17.6,2024-Q4,rbnz-dashboard
CCB,Total Non-Performing Loans,,2024-Q4,rbnz-dashboard
CCB,NPL Ratio,,2024-Q4,rbnz-dashboard
CCB,Return on Assets,1.1,2024-Q4,rbnz-dashboard
CCB,Return on Equity,8.2,2024-Q4,rbnz-dashboard
CCB,NIM,1.9,2024-Q4,rbnz-dashboard
CCB,Net Interest Income,12.4,2024-Q4,rbnz-dashboard
CCB,Trading and Hedging Gains,-1,2024-Q4,rbnz-dashboard
CCB,Fees and Commission Income,0.3,2024-Q4,rbnz-dashboard
CCB,Other Income,0.2,2024-Q4,rbnz-dashboard
CCB,Operating Expenses,3.2,2024-Q4,rbnz-dashboard
CCB,Profit After Tax,7,2024-Q4,rbnz-dashboard
CCB,Total Assets,2716.7,2024-Q4,rbnz-dashboard
CCB,Cash Position,374.1,2024-Q4,rbnz-dashboard
CCB,Net Loans and Advances,2000,2024-Q4,rbnz-dashboard
CCB,Deposits,504.5,2024-Q4,rbnz-dashboard
CCB,Equity,343,2024-Q4,rbnz-dashboard
CCB,Core Funding Ratio (CFR),95.1,2024-Q4,rbnz-dashboard
CCB Group,Total Capital Ratio,,2024-Q4,rbnz-dashboard
CCB Group,CET1 Ratio,,2024-Q4,rbnz-dashboard
CCB Group,Tier 1 Capital Ratio,,2024-Q4,rbnz-dashboard
CCB Group,Total Non-Performing Loans,,2024-Q4,rbnz-dashboard
CCB Group,NPL Ratio,,2024-Q4,rbnz-dashboard
CCB Group,Return on Assets,1,2024-Q4,rbnz-dashboard
CCB Group,Return on Equity,10.9,2024-Q4,rbnz-dashboard
CCB Group,NIM,1.9,2024-Q4,rbnz-dashboard
CCB Group,Net Interest Income,21.9,2024-Q4,rbnz-dashboard
CCB Group,Trading and Hedging Gains,-1.3,2024-Q4,rbnz-dashboard
CCB Group,Fees and Commission Income,2,2024-Q4,rbnz-dashboard
CCB Group,Other Income,0,2024-Q4,rbnz-dashboard
CCB Group,Operating Expenses,5.5,2024-Q4,rbnz-dashboard
CCB Group,Profit After Tax,11.5,2024-Q4,rbnz-dashboard
CCB Group,Total Assets,5058.2,2024-Q4,rbnz-dashboard
CCB Group,Cash Position,577.2,2024-Q4,rbnz-dashboard
CCB Group,Net Loans and Advances,4003.5,2024-Q4,rbnz-dashboard
CCB Group,Deposits,556.7,2024-Q4,rbnz-dashboard
CCB Group,Equity,428,2024-Q4,rbnz-dashboard
CCB Group,Core Funding Ratio (CFR),,2024-Q4,rbnz-dashboard
Co-op,Total Capital Ratio,17.7,2024-Q4,rbnz-dashboard
Co-op,CET1 Ratio,15.4,2024-Q4,rbnz-dashboard
Co-op,Tier 1 Capital Ratio,15.4,2024-Q4,rbnz-dashboard
Co-op,Total Non-Performing Loans,9.5,2024-Q4,rbnz-dashboard
Co-op,NPL Ratio,0.3,2024-Q4,rbnz-dashboard
Co-op,Return on Assets,0.4,2024-Q4,rbnz-dashboard
Co-op,Return on Equity,5.1,2024-Q4,rbnz-dashboard
Co-op,NIM,2.5,2024-Q4,rbnz-dashboard
Co-op,Net Interest Income,22.3,2024-Q4,rbnz-dashboard
Co-op,Trading and Hedging Gains,0,2024-Q4,rbnz-dashboard
Co-op,Fees and Commission Income,2.5,2024-Q4,rbnz-dashboard
Co-op,Other Income,1.7,2024-Q4,rbnz-dashboard
Co-op,Operating Expenses,21.9,2024-Q4,rbnz-dashboard
Co-op,Profit After Tax,3.3,2024-Q4,rbnz-dashboard
Co-op,Total Assets,3648,2024-Q4,rbnz-dashboard
Co-op,Cash Position,52.1,2024-Q4,rbnz-dashboard
Co-op,Net Loans and Advances,3267.6,2024-Q4,rbnz-dashboard
Co-op,Deposits,3157.2,2024-Q4,rbnz-dashboard
Co-op,Equity,257.5,2024-Q4,rbnz-dashboard
Co-op,Core Funding Ratio (CFR),97.8,2024-Q4,rbnz-dashboard
Heartland,Total Capital Ratio,15,2024-Q4,rbnz-dashboard
Heartland,CET1 Ratio,12.9,2024-Q4,rbnz-dashboard
Heartland,Tier 1 Capital Ratio,12.9,2024-Q4,rbnz-dashboard
Heartland,Total Non-Performing Loans,165.5,2024-Q4,rbnz-dashboard
Heartland,NPL Ratio,3.4,2024-Q4,rbnz-dashboard
Heartland,Return on Assets,-0.5,2024-Q4,rbnz-dashboard
Heartland,Return on Equity,-2.7,2024-Q4,rbnz-dashboard
Heartland,NIM,3.8,2024-Q4,rbnz-dashboard
Heartland,Net Interest Income,51.8,2024-Q4,rbnz-dashboard
Heartland,Trading and Hedging Gains,0.4,2024-Q4,rbnz-dashboard
Heartland,Fees and Commission Income,2.6,2024-Q4,rbnz-dashboard
Heartland,Other Income,4.2,2024-Q4,rbnz-dashboard
Heartland,Operating Expenses,32.3,2024-Q4,rbnz-dashboard
Heartland,Profit After Tax,-7.9,2024-Q4,rbnz-dashboard
Heartland,Total Assets,5986.9,2024-Q4,rbnz-dashboard
Heartland,Cash Position,156.5,2024-Q4,rbnz-dashboard
Heartland,Net Loans and Advances,4732.1,2024-Q4,rbnz-dashboard
Heartland,Deposits,4444.6,2024-Q4,rbnz-dashboard
Heartland,Equity,1173,2024-Q4,rbnz-dashboard
Heartland,Core Funding Ratio (CFR),90.4,2024-Q4,rbnz-dashboard
ICBC,Total Capital Ratio,16.6,2024-Q4,rbnz-dashboard
ICBC,CET1 Ratio,16.6,2024-Q4,rbnz-dashboard
ICBC,Tier 1 Capital Ratio,16.6,2024-Q4,rbnz-dashboard
ICBC,Total Non-Performing Loans,1.4,2024-Q4,rbnz-dashboard
ICBC,NPL Ratio,0.1,2024-Q4,rbnz-dashboard
ICBC,Return on Assets,1,2024-Q4,rbnz-dashboard
ICBC,Return on Equity,6.9,2024-Q4,rbnz-dashboard
ICBC,NIM,2,2024-Q4,rbnz-dashboard
ICBC,Net Interest Income,11.7,2024-Q4,rbnz-dashboard
ICBC,Trading and Hedging Gains,-2.2,2024-Q4,rbnz-dashboard
ICBC,Fees and Commission Income,-0.1,2024-Q4,rbnz-dashboard
ICBC,Other Income,4.3,2024-Q4,rbnz-dashboard
ICBC,Operating Expenses,6.4,2024-Q4,rbnz-dashboard
ICBC,Profit After Tax,5.8,2024-Q4,rbnz-dashboard
ICBC,Total Assets,2569.6,2024-Q4,rbnz-dashboard
ICBC,Cash Position,286.5,2024-Q4,rbnz-dashboard
ICBC,Net Loans and Advances,1996.3,2024-Q4,rbnz-dashboard
ICBC,Deposits,971.5,2024-Q4,rbnz-dashboard
ICBC,Equity,336.5,2024-Q4,rbnz-dashboard
ICBC,Core Funding Ratio (CFR),94.1,2024-Q4,rbnz-dashboard
ICBC Group,Total Capital Ratio,,2024-Q4,rbnz-dashboard
ICBC Group,CET1 Ratio,,2024-Q4,rbnz-dashboard
ICBC Group,Tier 1 Capital Ratio,,2024-Q4,rbnz-dashboard
ICBC Group,Total Non-Performing Loans,1.4,2024-Q4,rbnz-dashboard
ICBC Group,NPL Ratio,0,2024-Q4,rbnz-dashboard
ICBC Group,Return on Assets,1.2,2024-Q4,rbnz-dashboard
ICBC Group,Return on Equity,11,2024-Q4,rbnz-dashboard
ICBC Group,NIM,2,2024-Q4,rbnz-dashboard
ICBC Group,Net Interest Income,21.7,2024-Q4,rbnz-dashboard
ICBC Group,Trading and Hedging Gains,-3,2024-Q4,rbnz-dashboard
ICBC Group,Fees and Commission Income,-0.1,2024-Q4,rbnz-dashboard
ICBC Group,Other Income,0,2024-Q4,rbnz-dashboard
ICBC Group,Operating Expenses,6.6,2024-Q4,rbnz-dashboard
ICBC Group,Profit After Tax,12.7,2024-Q4,rbnz-dashboard
ICBC Group,Total Assets,4550.3,2024-Q4,rbnz-dashboard
ICBC Group,Cash Position,395.2,2024-Q4,rbnz-dashboard
ICBC Group,Net Loans and Advances,3817,2024-Q4,rbnz-dashboard
ICBC Group,Deposits,970.3,2024-Q4,rbnz-dashboard
ICBC Group,Equity,463.8,2024-Q4,rbnz-dashboard
ICBC Group,Core Funding Ratio (CFR),,2024-Q4,rbnz-dashboard
Kiwibank,Total Capital Ratio,16.3,2024-Q4,rbnz-dashboard
Kiwibank,CET1 Ratio,11.5,2024-Q4,rbnz-dashboard
Kiwibank,Tier 1 Capital Ratio,14,2024-Q4,rbnz-dashboard
Kiwibank,Total Non-Performing Loans,131.9,2024-Q4,rbnz-dashboard
Kiwibank,NPL Ratio,0.4,2024-Q4,rbnz-dashboard
Kiwibank,Return on Assets,0.6,2024-Q4,rbnz-dashboard
Kiwibank,Return on Equity,8.4,2024-Q4,rbnz-dashboard
Kiwibank,NIM,2.3,2024-Q4,rbnz-dashboard
Kiwibank,Net Interest Income,222.7,2024-Q4,rbnz-dashboard
Kiwibank,Trading and Hedging Gains,3.3,2024-Q4,rbnz-dashboard
Kiwibank,Fees and Commission Income,8.4,2024-Q4,rbnz-dashboard
Kiwibank,Other Income,0.3,2024-Q4,rbnz-dashboard
Kiwibank,Operating Expenses,152.4,2024-Q4,rbnz-dashboard
Kiwibank,Profit After Tax,60,2024-Q4,rbnz-dashboard
Kiwibank,Total Assets,39502,2024-Q4,rbnz-dashboard
Kiwibank,Cash Position,1425.4,2024-Q4,rbnz-dashboard
Kiwibank,Net Loans and Advances,34415.9,2024-Q4,rbnz-dashboard
Kiwibank,Deposits,29960.4,2024-Q4,rbnz-dashboard
Kiwibank,Equity,2966.8,2024-Q4,rbnz-dashboard
Kiwibank,Core Funding Ratio (CFR),89.3,2024-Q4,rbnz-dashboard
Rabo Group,Total Capital Ratio,,2024-Q4,rbnz-dashboard
Rabo Group,CET1 Ratio,,2024-Q4,rbnz-dashboard
Rabo Group,Tier 1 Capital Ratio,,2024-Q4,rbnz-dashboard
Rabo Group,Total Non-Performing Loans,294.6,2024-Q4,rbnz-dashboard
Rabo Group,NPL Ratio,1.7,2024-Q4,rbnz-dashboard
Rabo Group,Return on Assets,0.8,2024-Q4,rbnz-dashboard
Rabo Group,Return on Equity,5.7,2024-Q4,rbnz-dashboard
Rabo Group,NIM,2.5,2024-Q4,rbnz-dashboard
Rabo Group,Net Interest Income,127.2,2024-Q4,rbnz-dashboard
Rabo Group,Trading and Hedging Gains,0.9,2024-Q4,rbnz-dashboard
Rabo Group,Fees and Commission Income,0.8,2024-Q4,rbnz-dashboard
Rabo Group,Other Income,6.2,2024-Q4,rbnz-dashboard
Rabo Group,Operating Expenses,67.3,2024-Q4,rbnz-dashboard
Rabo Group,Profit After Tax,42,2024-Q4,rbnz-dashboard
Rabo Group,Total Assets,20397.5,2024-Q4,rbnz-dashboard
Rabo Group,Cash Position,2312.6,2024-Q4,rbnz-dashboard
Rabo Group,Net Loans and Advances,17150,2024-Q4,rbnz-dashboard
Rabo Group,Deposits,7440.9,2024-Q4,rbnz-dashboard
Rabo Group,Equity,2947.5,2024-Q4,rbnz-dashboard
Rabo Group,Core Funding Ratio (CFR),,2024-Q4,rbnz-dashboard
Rabobank,Total Capital Ratio,15.4,2024-Q4,rbnz-dashboard
Rabobank,CET1 Ratio,15.4,2024-Q4,rbnz-dashboard
Rabobank,Tier 1 Capital Ratio,15.4,2024-Q4,rbnz-dashboard
Rabobank,Total Non-Performing Loans,69.3,2024-Q4,rbnz-dashboard
Rabobank,NPL Ratio,0.5,2024-Q4,rbnz-dashboard
Rabobank,Return on Assets,0.7,2024-Q4,rbnz-dashboard
Rabobank,Return on Equity,4.7,2024-Q4,rbnz-dashboard
Rabobank,NIM,2.5,2024-Q4,rbnz-dashboard
Rabobank,Net Interest Income,104,2024-Q4,rbnz-dashboard
Rabobank,Trading and Hedging Gains,1,2024-Q4,rbnz-dashboard
Rabobank,Fees and Commission Income,0.2,2024-Q4,rbnz-dashboard
Rabobank,Other Income,0,2024-Q4,rbnz-dashboard
Rabobank,Operating Expenses,53,2024-Q4,rbnz-dashboard
Rabobank,Profit After Tax,28.5,2024-Q4,rbnz-dashboard
Rabobank,Total Assets,16599.3,2024-Q4,rbnz-dashboard
Rabobank,Cash Position,2108.4,2024-Q4,rbnz-dashboard
Rabobank,Net Loans and Advances,13750.1,2024-Q4,rbnz-dashboard
Rabobank,Deposits,7265.4,2024-Q4,rbnz-dashboard
Rabobank,Equity,2405.1,2024-Q4,rbnz-dashboard
Rabobank,Core Funding Ratio (CFR),85.2,2024-Q4,rbnz-dashboard
SBS,Total Capital Ratio,16.3,2024-Q4,rbnz-dashboard
SBS,CET1 Ratio,13.5,2024-Q4,rbnz-dashboard
SBS,Tier 1 Capital Ratio,13.5,2024-Q4,rbnz-dashboard
SBS,Total Non-Performing Loans,19.7,2024-Q4,rbnz-dashboard
SBS,NPL Ratio,0.3,2024-Q4,rbnz-dashboard
SBS,Return on Assets,0.4,2024-Q4,rbnz-dashboard
SBS,Return on Equity,5.1,2024-Q4,rbnz-dashboard
SBS,NIM,2.4,2024-Q4,rbnz-dashboard
SBS,Net Interest Income,39.4,2024-Q4,rbnz-dashboard
SBS,Trading and Hedging Gains,0,2024-Q4,rbnz-dashboard
SBS,Fees and Commission Income,7.8,2024-Q4,rbnz-dashboard
SBS,Other Income,1.9,2024-Q4,rbnz-dashboard
SBS,Operating Expenses,32,2024-Q4,rbnz-dashboard
SBS,Profit After Tax,6.6,2024-Q4,rbnz-dashboard
SBS,Total Assets,6736.3,2024-Q4,rbnz-dashboard
SBS,Cash Position,104.8,2024-Q4,rbnz-dashboard
SBS,Net Loans and Advances,5683.3,2024-Q4,rbnz-dashboard
SBS,Deposits,4486.9,2024-Q4,rbnz-dashboard
SBS,Equity,516.4,2024-Q4,rbnz-dashboard
SBS,Core Funding Ratio (CFR),96.3,2024-Q4,rbnz-dashboard
TSB,Total Capital Ratio,14.9,2024-Q4,rbnz-dashboard
TSB,CET1 Ratio,14.9,2024-Q4,rbnz-dashboard
TSB,Tier 1 Capital Ratio,14.9,2024-Q4,rbnz-dashboard
TSB,Total Non-Performing Loans,39,2024-Q4,rbnz-dashboard
TSB,NPL Ratio,0.5,2024-Q4,rbnz-dashboard
TSB,Return on Assets,0.4,2024-Q4,rbnz-dashboard
TSB,Return on Equity,5.3,2024-Q4,rbnz-dashboard
TSB,NIM,2.1,2024-Q4,rbnz-dashboard
TSB,Net Interest Income,48.8,2024-Q4,rbnz-dashboard
TSB,Trading and Hedging Gains,0,2024-Q4,rbnz-dashboard
TSB,Fees and Commission Income,3.1,2024-Q4,rbnz-dashboard
TSB,Other Income,0.6,2024-Q4,rbnz-dashboard
TSB,Operating Expenses,39.6,2024-Q4,rbnz-dashboard
TSB,Profit After Tax,10.2,2024-Q4,rbnz-dashboard
TSB,Total Assets,9621,2024-Q4,rbnz-dashboard
TSB,Cash Position,491.5,2024-Q4,rbnz-dashboard
TSB,Net Loans and Advances,7692.6,2024-Q4,rbnz-dashboard
TSB,Deposits,8642,2024-Q4,rbnz-dashboard
TSB,Equity,772.3,2024-Q4,rbnz-dashboard
TSB,Core Funding Ratio (CFR),110,2024-Q4,rbnz-dashboard
WBC Group,Total Capital Ratio,,2024-Q4,rbnz-dashboard
WBC Group,CET1 Ratio,,2024-Q4,rbnz-dashboard
WBC Group,Tier 1 Capital Ratio,,2024-Q4,rbnz-dashboard
WBC Group,Total Non-Performing Loans,583.9,2024-Q4,rbnz-dashboard
WBC Group,NPL Ratio,0.6,2024-Q4,rbnz-dashboard
WBC Group,Return on Assets,0.9,2024-Q4,rbnz-dashboard
WBC Group,Return on Equity,10.7,2024-Q4,rbnz-dashboard
WBC Group,NIM,2.4,2024-Q4,rbnz-dashboard
WBC Group,Net Interest Income,753.1,2024-Q4,rbnz-dashboard
WBC Group,Trading and Hedging Gains,12.9,2024-Q4,rbnz-dashboard
WBC Group,Fees and Commission Income,58.3,2024-Q4,rbnz-dashboard
WBC Group,Other Income,1.3,2024-Q4,rbnz-dashboard
WBC Group,Operating Expenses,383.8,2024-Q4,rbnz-dashboard
WBC Group,Profit After Tax,318.5,2024-Q4,rbnz-dashboard
WBC Group,Total Assets,139136.2,2024-Q4,rbnz-dashboard
WBC Group,Cash Position,10712.6,2024-Q4,rbnz-dashboard
WBC Group,Net Loans and Advances,102657.3,2024-Q4,rbnz-dashboard
WBC Group,Deposits,81614.5,2024-Q4,rbnz-dashboard
WBC Group,Equity,11990.9,2024-Q4,rbnz-dashboard
WBC Group,Core Funding Ratio (CFR),,2024-Q4,rbnz-dashboard
Westpac,Total Capital Ratio,16.3,2024-Q4,rbnz-dashboard
Westpac,CET1 Ratio,12,2024-Q4,rbnz-dashboard
Westpac,Tier 1 Capital Ratio,14.6,2024-Q4,rbnz-dashboard
Westpac,Total Non-Performing Loans,583,2024-Q4,rbnz-dashboard
Westpac,NPL Ratio,0.6,2024-Q4,rbnz-dashboard
Westpac,Return on Assets,1,2024-Q4,rbnz-dashboard
Westpac,Return on Equity,11,2024-Q4,rbnz-dashboard
Westpac,NIM,2.4,2024-Q4,rbnz-dashboard
Westpac,Net Interest Income,730.6,2024-Q4,rbnz-dashboard
Westpac,Trading and Hedging Gains,-1.5,2024-Q4,rbnz-dashboard
Westpac,Fees and Commission Income,60,2024-Q4,rbnz-dashboard
Westpac,Other Income,2.7,2024-Q4,rbnz-dashboard
Westpac,Operating Expenses,369.1,2024-Q4,rbnz-dashboard
Westpac,Profit After Tax,304.6,2024-Q4,rbnz-dashboard
Westpac,Total Assets,126824.1,2024-Q4,rbnz-dashboard
Westpac,Cash Position,9871.7,2024-Q4,rbnz-dashboard
Westpac,Net Loans and Advances,102313.5,2024-Q4,rbnz-dashboard
Westpac,Deposits,81630.9,2024-Q4,rbnz-dashboard
Westpac,Equity,11140,2024-Q4,rbnz-dashboard
Westpac,Core Funding Ratio (CFR),87.3,2024-Q4,rbnz-dashboard
ANZ,Total Capital Ratio,17.4,2025-Q1,rbnz-dashboard
ANZ,CET1 Ratio,12.8,2025-Q1,rbnz-dashboard
ANZ,Tier 1 Capital Ratio,15.2,2025-Q1,rbnz-dashboard
ANZ,Total Non-Performing Loans,1449.8,2025-Q1,rbnz-dashboard
ANZ,NPL Ratio,0.9,2025-Q1,rbnz-dashboard
ANZ,Return on Assets,1.4,2025-Q1,rbnz-dashboard
ANZ,Return on Equity,14.2,2025-Q1,rbnz-dashboard
ANZ,NIM,2.5,2025-Q1,rbnz-dashboard
ANZ,Net Interest Income,1143.6,2025-Q1,rbnz-dashboard
ANZ,Trading and Hedging Gains,117.2,2025-Q1,rbnz-dashboard
ANZ,Fees and Commission Income,118.3,2025-Q1,rbnz-dashboard
ANZ,Other Income,0.5,2025-Q1,rbnz-dashboard
ANZ,Operating Expenses,434.8,2025-Q1,rbnz-dashboard
ANZ,Profit After Tax,688.4,2025-Q1,rbnz-dashboard
ANZ,Total Assets,200892.6,2025-Q1,rbnz-dashboard
ANZ,Cash Position,10398.5,2025-Q1,rbnz-dashboard
ANZ,Net Loans and Advances,153328.5,2025-Q1,rbnz-dashboard
ANZ,Deposits,140895.9,2025-Q1,rbnz-dashboard
ANZ,Equity,19442.7,2025-Q1,rbnz-dashboard
ANZ,Core Funding Ratio (CFR),90.3,2025-Q1,rbnz-dashboard
ANZ Group,Total Capital Ratio,,2025-Q1,rbnz-dashboard
ANZ Group,CET1 Ratio,,2025-Q1,rbnz-dashboard
ANZ Group,Tier 1 Capital Ratio,,2025-Q1,rbnz-dashboard
ANZ Group,Total Non-Performing Loans,1452.8,2025-Q1,rbnz-dashboard
ANZ Group,NPL Ratio,0.9,2025-Q1,rbnz-dashboard
ANZ Group,Return on Assets,1.3,2025-Q1,rbnz-dashboard
ANZ Group,Return on Equity,15.3,2025-Q1,rbnz-dashboard
ANZ Group,NIM,2.4,2025-Q1,rbnz-dashboard
ANZ Group,Net Interest Income,1099.1,2025-Q1,rbnz-dashboard
ANZ Group,Trading and Hedging Gains,118.5,2025-Q1,rbnz-dashboard
ANZ Group,Fees and Commission Income,118.3,2025-Q1,rbnz-dashboard
ANZ Group,Other Income,0.4,2025-Q1,rbnz-dashboard
ANZ Group,Operating Expenses,435,2025-Q1,rbnz-dashboard
ANZ Group,Profit After Tax,654.1,2025-Q1,rbnz-dashboard
ANZ Group,Total Assets,201155.9,2025-Q1,rbnz-dashboard
ANZ Group,Cash Position,10398.5,2025-Q1,rbnz-dashboard
ANZ Group,Net Loans and Advances,153596.4,2025-Q1,rbnz-dashboard
ANZ Group,Deposits,140895.9,2025-Q1,rbnz-dashboard
ANZ Group,Equity,17189.2,2025-Q1,rbnz-dashboard
ANZ Group,Core Funding Ratio (CFR),,2025-Q1,rbnz-dashboard
ASB,Total Capital Ratio,15.5,2025-Q1,rbnz-dashboard
ASB,CET1 Ratio,14.1,2025-Q1,rbnz-dashboard
ASB,Tier 1 Capital Ratio,14.1,2025-Q1,rbnz-dashboard
ASB,Total Non-Performing Loans,980,2025-Q1,rbnz-dashboard
ASB,NPL Ratio,0.9,2025-Q1,rbnz-dashboard
ASB,Return on Assets,1.2,2025-Q1,rbnz-dashboard
ASB,Return on Equity,13.3,2025-Q1,rbnz-dashboard
ASB,NIM,2.4,2025-Q1,rbnz-dashboard
ASB,Net Interest Income,775.4,2025-Q1,rbnz-dashboard
ASB,Trading and Hedging Gains,23.2,2025-Q1,rbnz-dashboard
ASB,Fees and Commission Income,91.2,2025-Q1,rbnz-dashboard
ASB,Other Income,-8.1,2025-Q1,rbnz-dashboard
ASB,Operating Expenses,335.1,2025-Q1,rbnz-dashboard
ASB,Profit After Tax,376.3,2025-Q1,rbnz-dashboard
ASB,Total Assets,132375.2,2025-Q1,rbnz-dashboard
ASB,Cash Position,4075.3,2025-Q1,rbnz-dashboard
ASB,Net Loans and Advances,112753.3,2025-Q1,rbnz-dashboard
ASB,Deposits,88507.1,2025-Q1,rbnz-dashboard
ASB,Equity,11144.2,2025-Q1,rbnz-dashboard
ASB,Core Funding Ratio (CFR),89.1,2025-Q1,rbnz-dashboard
BNZ,Total Capital Ratio,16.7,2025-Q1,rbnz-dashboard
BNZ,CET1 Ratio,13.8,2025-Q1,rbnz-dashboard
BNZ,Tier 1 Capital Ratio,14.8,2025-Q1,rbnz-dashboard
BNZ,Total Non-Performing Loans,546,2025-Q1,rbnz-dashboard
BNZ,NPL Ratio,0.5,2025-Q1,rbnz-dashboard
BNZ,Return on Assets,1.4,2025-Q1,rbnz-dashboard
BNZ,Return on Equity,13.9,2025-Q1,rbnz-dashboard
BNZ,NIM,2.5,2025-Q1,rbnz-dashboard
BNZ,Net Interest Income,760.4,2025-Q1,rbnz-dashboard
BNZ,Trading and Hedging Gains,43.7,2025-Q1,rbnz-dashboard
BNZ,Fees and Commission Income,84.2,2025-Q1,rbnz-dashboard
BNZ,Other Income,1.5,2025-Q1,rbnz-dashboard
BNZ,Operating Expenses,332.7,2025-Q1,rbnz-dashboard
BNZ,Profit After Tax,460,2025-Q1,rbnz-dashboard
BNZ,Total Assets,133148.2,2025-Q1,rbnz-dashboard
BNZ,Cash Position,5939.4,2025-Q1,rbnz-dashboard
BNZ,Net Loans and Advances,108636.6,2025-Q1,rbnz-dashboard
BNZ,Deposits,87282.6,2025-Q1,rbnz-dashboard
BNZ,Equity,13632.8,2025-Q1,rbnz-dashboard
BNZ,Core Funding Ratio (CFR),88.5,2025-Q1,rbnz-dashboard
BOB,Total Capital Ratio,82.4,2025-Q1,rbnz-dashboard
BOB,CET1 Ratio,82.4,2025-Q1,rbnz-dashboard
BOB,Tier 1 Capital Ratio,82.4,2025-Q1,rbnz-dashboard
BOB,Total Non-Performing Loans,3.1,2025-Q1,rbnz-dashboard
BOB,NPL Ratio,3.6,2025-Q1,rbnz-dashboard
BOB,Return on Assets,1,2025-Q1,rbnz-dashboard
BOB,Return on Equity,2.1,2025-Q1,rbnz-dashboard
BOB,NIM,3.9,2025-Q1,rbnz-dashboard
BOB,Net Interest Income,1.1,2025-Q1,rbnz-dashboard
BOB,Trading and Hedging Gains,0.1,2025-Q1,rbnz-dashboard
BOB,Fees and Commission Income,0.1,2025-Q1,rbnz-dashboard
BOB,Other Income,0,2025-Q1,rbnz-dashboard
BOB,Operating Expenses,0.8,2025-Q1,rbnz-dashboard
BOB,Profit After Tax,0.3,2025-Q1,rbnz-dashboard
BOB,Total Assets,117.6,2025-Q1,rbnz-dashboard
BOB,Cash Position,29.9,2025-Q1,rbnz-dashboard
BOB,Net Loans and Advances,86.8,2025-Q1,rbnz-dashboard
BOB,Deposits,61.5,2025-Q1,rbnz-dashboard
BOB,Equity,54.9,2025-Q1,rbnz-dashboard
BOB,Core Funding Ratio (CFR),132.7,2025-Q1,rbnz-dashboard
BOC,Total Capital Ratio,17.7,2025-Q1,rbnz-dashboard
BOC,CET1 Ratio,17.7,2025-Q1,rbnz-dashboard
BOC,Tier 1 Capital Ratio,17.7,2025-Q1,rbnz-dashboard
BOC,Total Non-Performing Loans,12,2025-Q1,rbnz-dashboard
BOC,NPL Ratio,0.4,2025-Q1,rbnz-dashboard
BOC,Return on Assets,1.5,2025-Q1,rbnz-dashboard
BOC,Return on Equity,17.7,2025-Q1,rbnz-dashboard
BOC,NIM,1.4,2025-Q1,rbnz-dashboard
BOC,Net Interest Income,13.6,2025-Q1,rbnz-dashboard
BOC,Trading and Hedging Gains,0.2,2025-Q1,rbnz-dashboard
BOC,Fees and Commission Income,6,2025-Q1,rbnz-dashboard
BOC,Other Income,0,2025-Q1,rbnz-dashboard
BOC,Operating Expenses,7.3,2025-Q1,rbnz-dashboard
BOC,Profit After Tax,15.1,2025-Q1,rbnz-dashboard
BOC,Total Assets,4036.6,2025-Q1,rbnz-dashboard
BOC,Cash Position,685.6,2025-Q1,rbnz-dashboard
BOC,Net Loans and Advances,2862.7,2025-Q1,rbnz-dashboard
BOC,Deposits,2357.9,2025-Q1,rbnz-dashboard
BOC,Equity,353.8,2025-Q1,rbnz-dashboard
BOC,Core Funding Ratio (CFR),83.3,2025-Q1,rbnz-dashboard
BOC Group,Total Capital Ratio,,2025-Q1,rbnz-dashboard
BOC Group,CET1 Ratio,,2025-Q1,rbnz-dashboard
BOC Group,Tier 1 Capital Ratio,,2025-Q1,rbnz-dashboard
BOC Group,Total Non-Performing Loans,12,2025-Q1,rbnz-dashboard
BOC Group,NPL Ratio,0.2,2025-Q1,rbnz-dashboard
BOC Group,Return on Assets,1.1,2025-Q1,rbnz-dashboard
BOC Group,Return on Equity,22.4,2025-Q1,rbnz-dashboard
BOC Group,NIM,1.4,2025-Q1,rbnz-dashboard
BOC Group,Net Interest Income,25.1,2025-Q1,rbnz-dashboard
BOC Group,Trading and Hedging Gains,0.4,2025-Q1,rbnz-dashboard
BOC Group,Fees and Commission Income,0.5,2025-Q1,rbnz-dashboard
BOC Group,Other Income,0,2025-Q1,rbnz-dashboard
BOC Group,Operating Expenses,7.3,2025-Q1,rbnz-dashboard
BOC Group,Profit After Tax,20.3,2025-Q1,rbnz-dashboard
BOC Group,Total Assets,7238.9,2025-Q1,rbnz-dashboard
BOC Group,Cash Position,901.3,2025-Q1,rbnz-dashboard
BOC Group,Net Loans and Advances,5824.1,2025-Q1,rbnz-dashboard
BOC Group,Deposits,2665.8,2025-Q1,rbnz-dashboard
BOC Group,Equity,378.8,2025-Q1,rbnz-dashboard
BOC Group,Core Funding Ratio (CFR),,2025-Q1,rbnz-dashboard
BOI,Total Capital Ratio,39.3,2025-Q1,rbnz-dashboard
BOI,CET1 Ratio,39.3,2025-Q1,rbnz-dashboard
BOI,Tier 1 Capital Ratio,39.3,2025-Q1,rbnz-dashboard
BOI,Total Non-Performing Loans,14.2,2025-Q1,rbnz-dashboard
BOI,NPL Ratio,9.6,2025-Q1,rbnz-dashboard
BOI,Return on Assets,-1.4,2025-Q1,rbnz-dashboard
BOI,Return on Equity,-3.7,2025-Q1,rbnz-dashboard
BOI,NIM,3.7,2025-Q1,rbnz-dashboard
BOI,Net Interest Income,1.6,2025-Q1,rbnz-dashboard
BOI,Trading and Hedging Gains,0,2025-Q1,rbnz-dashboard
BOI,Fees and Commission Income,0.1,2025-Q1,rbnz-dashboard
BOI,Other Income,0,2025-Q1,rbnz-dashboard
BOI,Operating Expenses,1,2025-Q1,rbnz-dashboard
BOI,Profit After Tax,-0.6,2025-Q1,rbnz-dashboard
BOI,Total Assets,179.8,2025-Q1,rbnz-dashboard
BOI,Cash Position,34.8,2025-Q1,rbnz-dashboard
BOI,Net Loans and Advances,141.3,2025-Q1,rbnz-dashboard
BOI,Deposits,103.2,2025-Q1,rbnz-dashboard
BOI,Equity,63.7,2025-Q1,rbnz-dashboard
BOI,Core Funding Ratio (CFR),80.7,2025-Q1,rbnz-dashboard
CBA Group,Total Capital Ratio,,2025-Q1,rbnz-dashboard
CBA Group,CET1 Ratio,,2025-Q1,rbnz-dashboard
CBA Group,Tier 1 Capital Ratio,,2025-Q1,rbnz-dashboard
CBA Group,Total Non-Performing Loans,980,2025-Q1,rbnz-dashboard
CBA Group,NPL Ratio,0.8,2025-Q1,rbnz-dashboard
CBA Group,Return on Assets,1.2,2025-Q1,rbnz-dashboard
CBA Group,Return on Equity,13,2025-Q1,rbnz-dashboard
CBA Group,NIM,2.4,2025-Q1,rbnz-dashboard
CBA Group,Net Interest Income,790.1,2025-Q1,rbnz-dashboard
CBA Group,Trading and Hedging Gains,25.9,2025-Q1,rbnz-dashboard
CBA Group,Fees and Commission Income,91.3,2025-Q1,rbnz-dashboard
CBA Group,Other Income,-8.1,2025-Q1,rbnz-dashboard
CBA Group,Operating Expenses,337.7,2025-Q1,rbnz-dashboard
CBA Group,Profit After Tax,384,2025-Q1,rbnz-dashboard
CBA Group,Total Assets,135308.4,2025-Q1,rbnz-dashboard
CBA Group,Cash Position,4076.2,2025-Q1,rbnz-dashboard
CBA Group,Net Loans and Advances,115342.9,2025-Q1,rbnz-dashboard
CBA Group,Deposits,88486,2025-Q1,rbnz-dashboard
CBA Group,Equity,11670.3,2025-Q1,rbnz-dashboard
CBA Group,Core Funding Ratio (CFR),,2025-Q1,rbnz-dashboard
CCB,Total Capital Ratio,20.2,2025-Q1,rbnz-dashboard
CCB,CET1 Ratio,20.2,2025-Q1,rbnz-dashboard
CCB,Tier 1 Capital Ratio,20.2,2025-Q1,rbnz-dashboard
CCB,Total Non-Performing Loans,3.1,2025-Q1,rbnz-dashboard
CCB,NPL Ratio,0.2,2025-Q1,rbnz-dashboard
CCB,Return on Assets,1,2025-Q1,rbnz-dashboard
CCB,Return on Equity,8,2025-Q1,rbnz-dashboard
CCB,NIM,1.8,2025-Q1,rbnz-dashboard
CCB,Net Interest Income,11.9,2025-Q1,rbnz-dashboard
CCB,Trading and Hedging Gains,2.7,2025-Q1,rbnz-dashboard
CCB,Fees and Commission Income,1,2025-Q1,rbnz-dashboard
CCB,Other Income,0.2,2025-Q1,rbnz-dashboard
CCB,Operating Expenses,2.9,2025-Q1,rbnz-dashboard
CCB,Profit After Tax,6.9,2025-Q1,rbnz-dashboard
CCB,Total Assets,2717.5,2025-Q1,rbnz-dashboard
CCB,Cash Position,529.4,2025-Q1,rbnz-dashboard
CCB,Net Loans and Advances,1758.3,2025-Q1,rbnz-dashboard
CCB,Deposits,507.4,2025-Q1,rbnz-dashboard
CCB,Equity,350.6,2025-Q1,rbnz-dashboard
CCB,Core Funding Ratio (CFR),101.1,2025-Q1,rbnz-dashboard
CCB Group,Total Capital Ratio,,2025-Q1,rbnz-dashboard
CCB Group,CET1 Ratio,,2025-Q1,rbnz-dashboard
CCB Group,Tier 1 Capital Ratio,,2025-Q1,rbnz-dashboard
CCB Group,Total Non-Performing Loans,3.1,2025-Q1,rbnz-dashboard
CCB Group,NPL Ratio,0.1,2025-Q1,rbnz-dashboard
CCB Group,Return on Assets,1,2025-Q1,rbnz-dashboard
CCB Group,Return on Equity,12.1,2025-Q1,rbnz-dashboard
CCB Group,NIM,1.8,2025-Q1,rbnz-dashboard
CCB Group,Net Interest Income,21.2,2025-Q1,rbnz-dashboard
CCB Group,Trading and Hedging Gains,1.3,2025-Q1,rbnz-dashboard
CCB Group,Fees and Commission Income,2.8,2025-Q1,rbnz-dashboard
CCB Group,Other Income,0,2025-Q1,rbnz-dashboard
CCB Group,Operating Expenses,5.1,2025-Q1,rbnz-dashboard
CCB Group,Profit After Tax,13,2025-Q1,rbnz-dashboard
CCB Group,Total Assets,5090.2,2025-Q1,rbnz-dashboard
CCB Group,Cash Position,799.5,2025-Q1,rbnz-dashboard
CCB Group,Net Loans and Advances,3783.2,2025-Q1,rbnz-dashboard
CCB Group,Deposits,517.5,2025-Q1,rbnz-dashboard
CCB Group,Equity,442.6,2025-Q1,rbnz-dashboard
CCB Group,Core Funding Ratio (CFR),,2025-Q1,rbnz-dashboard
Co-op,Total Capital Ratio,18.2,2025-Q1,rbnz-dashboard
Co-op,CET1 Ratio,15.9,2025-Q1,rbnz-dashboard
Co-op,Tier 1 Capital Ratio,15.9,2025-Q1,rbnz-dashboard
Co-op,Total Non-Performing Loans,11.2,2025-Q1,rbnz-dashboard
Co-op,NPL Ratio,0.3,2025-Q1,rbnz-dashboard
Co-op,Return on Assets,0.1,2025-Q1,rbnz-dashboard
Co-op,Return on Equity,1.8,2025-Q1,rbnz-dashboard
Co-op,NIM,2.4,2025-Q1,rbnz-dashboard
Co-op,Net Interest Income,21.1,2025-Q1,rbnz-dashboard
Co-op,Trading and Hedging Gains,-0.5,2025-Q1,rbnz-dashboard
Co-op,Fees and Commission Income,2.1,2025-Q1,rbnz-dashboard
Co-op,Other Income,1.9,2025-Q1,rbnz-dashboard
Co-op,Operating Expenses,21.4,2025-Q1,rbnz-dashboard
Co-op,Profit After Tax,1.2,2025-Q1,rbnz-dashboard
Co-op,Total Assets,3625.7,2025-Q1,rbnz-dashboard
Co-op,Cash Position,27.4,2025-Q1,rbnz-dashboard
Co-op,Net Loans and Advances,3287.4,2025-Q1,rbnz-dashboard
Co-op,Deposits,3150.6,2025-Q1,rbnz-dashboard
Co-op,Equity,259.7,2025-Q1,rbnz-dashboard
Co-op,Core Funding Ratio (CFR),97.8,2025-Q1,rbnz-dashboard
Heartland,Total Capital Ratio,15.1,2025-Q1,rbnz-dashboard
Heartland,CET1 Ratio,13,2025-Q1,rbnz-dashboard
Heartland,Tier 1 Capital Ratio,13,2025-Q1,rbnz-dashboard
Heartland,Total Non-Performing Loans,158.3,2025-Q1,rbnz-dashboard
Heartland,NPL Ratio,3.3,2025-Q1,rbnz-dashboard
Heartland,Return on Assets,0.7,2025-Q1,rbnz-dashboard
Heartland,Return on Equity,3.5,2025-Q1,rbnz-dashboard
Heartland,NIM,3.9,2025-Q1,rbnz-dashboard
Heartland,Net Interest Income,51.4,2025-Q1,rbnz-dashboard
Heartland,Trading and Hedging Gains,0.2,2025-Q1,rbnz-dashboard
Heartland,Fees and Commission Income,2.4,2025-Q1,rbnz-dashboard
Heartland,Other Income,3.9,2025-Q1,rbnz-dashboard
Heartland,Operating Expenses,32.9,2025-Q1,rbnz-dashboard
Heartland,Profit After Tax,10.2,2025-Q1,rbnz-dashboard
Heartland,Total Assets,5907.1,2025-Q1,rbnz-dashboard
Heartland,Cash Position,91,2025-Q1,rbnz-dashboard
Heartland,Net Loans and Advances,4710.7,2025-Q1,rbnz-dashboard
Heartland,Deposits,4331.1,2025-Q1,rbnz-dashboard
Heartland,Equity,1164.8,2025-Q1,rbnz-dashboard
Heartland,Core Funding Ratio (CFR),91.9,2025-Q1,rbnz-dashboard
ICBC,Total Capital Ratio,17.1,2025-Q1,rbnz-dashboard
ICBC,CET1 Ratio,17.1,2025-Q1,rbnz-dashboard
ICBC,Tier 1 Capital Ratio,17.1,2025-Q1,rbnz-dashboard
ICBC,Total Non-Performing Loans,2.7,2025-Q1,rbnz-dashboard
ICBC,NPL Ratio,0.1,2025-Q1,rbnz-dashboard
ICBC,Return on Assets,1,2025-Q1,rbnz-dashboard
ICBC,Return on Equity,7.7,2025-Q1,rbnz-dashboard
ICBC,NIM,1.5,2025-Q1,rbnz-dashboard
ICBC,Net Interest Income,9.5,2025-Q1,rbnz-dashboard
ICBC,Trading and Hedging Gains,1.5,2025-Q1,rbnz-dashboard
ICBC,Fees and Commission Income,0.4,2025-Q1,rbnz-dashboard
ICBC,Other Income,2.4,2025-Q1,rbnz-dashboard
ICBC,Operating Expenses,6.1,2025-Q1,rbnz-dashboard
ICBC,Profit After Tax,6.4,2025-Q1,rbnz-dashboard
ICBC,Total Assets,2579.3,2025-Q1,rbnz-dashboard
ICBC,Cash Position,317.9,2025-Q1,rbnz-dashboard
ICBC,Net Loans and Advances,1997.4,2025-Q1,rbnz-dashboard
ICBC,Deposits,969.2,2025-Q1,rbnz-dashboard
ICBC,Equity,344,2025-Q1,rbnz-dashboard
ICBC,Core Funding Ratio (CFR),87.3,2025-Q1,rbnz-dashboard
ICBC Group,Total Capital Ratio,,2025-Q1,rbnz-dashboard
ICBC Group,CET1 Ratio,,2025-Q1,rbnz-dashboard
ICBC Group,Tier 1 Capital Ratio,,2025-Q1,rbnz-dashboard
ICBC Group,Total Non-Performing Loans,2.7,2025-Q1,rbnz-dashboard
ICBC Group,NPL Ratio,0.1,2025-Q1,rbnz-dashboard
ICBC Group,Return on Assets,0.9,2025-Q1,rbnz-dashboard
ICBC Group,Return on Equity,8.9,2025-Q1,rbnz-dashboard
ICBC Group,NIM,1.5,2025-Q1,rbnz-dashboard
ICBC Group,Net Interest Income,16.5,2025-Q1,rbnz-dashboard
ICBC Group,Trading and Hedging Gains,2.2,2025-Q1,rbnz-dashboard
ICBC Group,Fees and Commission Income,0.4,2025-Q1,rbnz-dashboard
ICBC Group,Other Income,0,2025-Q1,rbnz-dashboard
ICBC Group,Operating Expenses,6.3,2025-Q1,rbnz-dashboard
ICBC Group,Profit After Tax,10.3,2025-Q1,rbnz-dashboard
ICBC Group,Total Assets,4503.1,2025-Q1,rbnz-dashboard
ICBC Group,Cash Position,428.6,2025-Q1,rbnz-dashboard
ICBC Group,Net Loans and Advances,3794.8,2025-Q1,rbnz-dashboard
ICBC Group,Deposits,967.2,2025-Q1,rbnz-dashboard
ICBC Group,Equity,475.1,2025-Q1,rbnz-dashboard
ICBC Group,Core Funding Ratio (CFR),,2025-Q1,rbnz-dashboard
Kiwibank,Total Capital Ratio,16.2,2025-Q1,rbnz-dashboard
Kiwibank,CET1 Ratio,11.5,2025-Q1,rbnz-dashboard
Kiwibank,Tier 1 Capital Ratio,13.9,2025-Q1,rbnz-dashboard
Kiwibank,Total Non-Performing Loans,145.7,2025-Q1,rbnz-dashboard
Kiwibank,NPL Ratio,0.4,2025-Q1,rbnz-dashboard
Kiwibank,Return on Assets,0.5,2025-Q1,rbnz-dashboard
Kiwibank,Return on Equity,6.7,2025-Q1,rbnz-dashboard
Kiwibank,NIM,2.2,2025-Q1,rbnz-dashboard
Kiwibank,Net Interest Income,213.4,2025-Q1,rbnz-dashboard
Kiwibank,Trading and Hedging Gains,2.2,2025-Q1,rbnz-dashboard
Kiwibank,Fees and Commission Income,7.4,2025-Q1,rbnz-dashboard
Kiwibank,Other Income,-0.2,2025-Q1,rbnz-dashboard
Kiwibank,Operating Expenses,149.4,2025-Q1,rbnz-dashboard
Kiwibank,Profit After Tax,49.4,2025-Q1,rbnz-dashboard
Kiwibank,Total Assets,39666.4,2025-Q1,rbnz-dashboard
Kiwibank,Cash Position,761.5,2025-Q1,rbnz-dashboard
Kiwibank,Net Loans and Advances,35013,2025-Q1,rbnz-dashboard
Kiwibank,Deposits,30347.4,2025-Q1,rbnz-dashboard
Kiwibank,Equity,3012.8,2025-Q1,rbnz-dashboard
Kiwibank,Core Funding Ratio (CFR),89.6,2025-Q1,rbnz-dashboard
Rabo Group,Total Capital Ratio,,2025-Q1,rbnz-dashboard
Rabo Group,CET1 Ratio,,2025-Q1,rbnz-dashboard
Rabo Group,Tier 1 Capital Ratio,,2025-Q1,rbnz-dashboard
Rabo Group,Total Non-Performing Loans,239.6,2025-Q1,rbnz-dashboard
Rabo Group,NPL Ratio,1.4,2025-Q1,rbnz-dashboard
Rabo Group,Return on Assets,1.1,2025-Q1,rbnz-dashboard
Rabo Group,Return on Equity,7.2,2025-Q1,rbnz-dashboard
Rabo Group,NIM,2.5,2025-Q1,rbnz-dashboard
Rabo Group,Net Interest Income,122.6,2025-Q1,rbnz-dashboard
Rabo Group,Trading and Hedging Gains,-9.1,2025-Q1,rbnz-dashboard
Rabo Group,Fees and Commission Income,0.6,2025-Q1,rbnz-dashboard
Rabo Group,Other Income,8.7,2025-Q1,rbnz-dashboard
Rabo Group,Operating Expenses,55.8,2025-Q1,rbnz-dashboard
Rabo Group,Profit After Tax,52.7,2025-Q1,rbnz-dashboard
Rabo Group,Total Assets,19673.3,2025-Q1,rbnz-dashboard
Rabo Group,Cash Position,1878.8,2025-Q1,rbnz-dashboard
Rabo Group,Net Loans and Advances,17061.1,2025-Q1,rbnz-dashboard
Rabo Group,Deposits,7378.7,2025-Q1,rbnz-dashboard
Rabo Group,Equity,2999.7,2025-Q1,rbnz-dashboard
Rabo Group,Core Funding Ratio (CFR),,2025-Q1,rbnz-dashboard
Rabobank,Total Capital Ratio,15.7,2025-Q1,rbnz-dashboard
Rabobank,CET1 Ratio,15.7,2025-Q1,rbnz-dashboard
Rabobank,Tier 1 Capital Ratio,15.7,2025-Q1,rbnz-dashboard
Rabobank,Total Non-Performing Loans,72.7,2025-Q1,rbnz-dashboard
Rabobank,NPL Ratio,0.5,2025-Q1,rbnz-dashboard
Rabobank,Return on Assets,1,2025-Q1,rbnz-dashboard
Rabobank,Return on Equity,6.5,2025-Q1,rbnz-dashboard
Rabobank,NIM,2.4,2025-Q1,rbnz-dashboard
Rabobank,Net Interest Income,98.6,2025-Q1,rbnz-dashboard
Rabobank,Trading and Hedging Gains,0.4,2025-Q1,rbnz-dashboard
Rabobank,Fees and Commission Income,0.2,2025-Q1,rbnz-dashboard
Rabobank,Other Income,0.1,2025-Q1,rbnz-dashboard
Rabobank,Operating Expenses,44,2025-Q1,rbnz-dashboard
Rabobank,Profit After Tax,38.9,2025-Q1,rbnz-dashboard
Rabobank,Total Assets,16243.3,2025-Q1,rbnz-dashboard
Rabobank,Cash Position,2015.5,2025-Q1,rbnz-dashboard
Rabobank,Net Loans and Advances,13657.8,2025-Q1,rbnz-dashboard
Rabobank,Deposits,7203.2,2025-Q1,rbnz-dashboard
Rabobank,Equity,2443.5,2025-Q1,rbnz-dashboard
Rabobank,Core Funding Ratio (CFR),87,2025-Q1,rbnz-dashboard
SBS,Total Capital Ratio,16.4,2025-Q1,rbnz-dashboard
SBS,CET1 Ratio,13.5,2025-Q1,rbnz-dashboard
SBS,Tier 1 Capital Ratio,13.5,2025-Q1,rbnz-dashboard
SBS,Total Non-Performing Loans,29.3,2025-Q1,rbnz-dashboard
SBS,NPL Ratio,0.5,2025-Q1,rbnz-dashboard
SBS,Return on Assets,0.5,2025-Q1,rbnz-dashboard
SBS,Return on Equity,5.9,2025-Q1,rbnz-dashboard
SBS,NIM,2.5,2025-Q1,rbnz-dashboard
SBS,Net Interest Income,39.6,2025-Q1,rbnz-dashboard
SBS,Trading and Hedging Gains,-1.3,2025-Q1,rbnz-dashboard
SBS,Fees and Commission Income,7.7,2025-Q1,rbnz-dashboard
SBS,Other Income,2.2,2025-Q1,rbnz-dashboard
SBS,Operating Expenses,30.7,2025-Q1,rbnz-dashboard
SBS,Profit After Tax,7.5,2025-Q1,rbnz-dashboard
SBS,Total Assets,6694.7,2025-Q1,rbnz-dashboard
SBS,Cash Position,99.3,2025-Q1,rbnz-dashboard
SBS,Net Loans and Advances,5679.9,2025-Q1,rbnz-dashboard
SBS,Deposits,4556.1,2025-Q1,rbnz-dashboard
SBS,Equity,527.7,2025-Q1,rbnz-dashboard
SBS,Core Funding Ratio (CFR),91.4,2025-Q1,rbnz-dashboard
TSB,Total Capital Ratio,15.3,2025-Q1,rbnz-dashboard
TSB,CET1 Ratio,15.3,2025-Q1,rbnz-dashboard
TSB,Tier 1 Capital Ratio,15.3,2025-Q1,rbnz-dashboard
TSB,Total Non-Performing Loans,42,2025-Q1,rbnz-dashboard
TSB,NPL Ratio,0.5,2025-Q1,rbnz-dashboard
TSB,Return on Assets,0.6,2025-Q1,rbnz-dashboard
TSB,Return on Equity,7.7,2025-Q1,rbnz-dashboard
TSB,NIM,2,2025-Q1,rbnz-dashboard
TSB,Net Interest Income,47.6,2025-Q1,rbnz-dashboard
TSB,Trading and Hedging Gains,-0.4,2025-Q1,rbnz-dashboard
TSB,Fees and Commission Income,3,2025-Q1,rbnz-dashboard
TSB,Other Income,0.7,2025-Q1,rbnz-dashboard
TSB,Operating Expenses,31.8,2025-Q1,rbnz-dashboard
TSB,Profit After Tax,14.8,2025-Q1,rbnz-dashboard
TSB,Total Assets,9635.5,2025-Q1,rbnz-dashboard
TSB,Cash Position,568.1,2025-Q1,rbnz-dashboard
TSB,Net Loans and Advances,7698.3,2025-Q1,rbnz-dashboard
TSB,Deposits,8651,2025-Q1,rbnz-dashboard
TSB,Equity,787.8,2025-Q1,rbnz-dashboard
TSB,Core Funding Ratio (CFR),109.6,2025-Q1,rbnz-dashboard
WBC Group,Total Capital Ratio,,2025-Q1,rbnz-dashboard
WBC Group,CET1 Ratio,,2025-Q1,rbnz-dashboard
WBC Group,Tier 1 Capital Ratio,,2025-Q1,rbnz-dashboard
WBC Group,Total Non-Performing Loans,663.2,2025-Q1,rbnz-dashboard
WBC Group,NPL Ratio,0.6,2025-Q1,rbnz-dashboard
WBC Group,Return on Assets,0.8,2025-Q1,rbnz-dashboard
WBC Group,Return on Equity,9,2025-Q1,rbnz-dashboard
WBC Group,NIM,2.2,2025-Q1,rbnz-dashboard
WBC Group,Net Interest Income,691,2025-Q1,rbnz-dashboard
WBC Group,Trading and Hedging Gains,31.4,2025-Q1,rbnz-dashboard
WBC Group,Fees and Commission Income,54.1,2025-Q1,rbnz-dashboard
WBC Group,Other Income,3.6,2025-Q1,rbnz-dashboard
WBC Group,Operating Expenses,379,2025-Q1,rbnz-dashboard
WBC Group,Profit After Tax,265.3,2025-Q1,rbnz-dashboard
WBC Group,Total Assets,135277.8,2025-Q1,rbnz-dashboard
WBC Group,Cash Position,8813.9,2025-Q1,rbnz-dashboard
WBC Group,Net Loans and Advances,103613.6,2025-Q1,rbnz-dashboard
WBC Group,Deposits,80982.6,2025-Q1,rbnz-dashboard
WBC Group,Equity,11976.5,2025-Q1,rbnz-dashboard
WBC Group,Core Funding Ratio (CFR),,2025-Q1,rbnz-dashboard
Westpac,Total Capital Ratio,16.4,2025-Q1,rbnz-dashboard
Westpac,CET1 Ratio,12,2025-Q1,rbnz-dashboard
Westpac,Tier 1 Capital Ratio,14.7,2025-Q1,rbnz-dashboard
Westpac,Total Non-Performing Loans,661.9,2025-Q1,rbnz-dashboard
Westpac,NPL Ratio,0.6,2025-Q1,rbnz-dashboard
Westpac,Return on Assets,0.8,2025-Q1,rbnz-dashboard
Westpac,Return on Equity,9.5,2025-Q1,rbnz-dashboard
Westpac,NIM,2.3,2025-Q1,rbnz-dashboard
Westpac,Net Interest Income,692,2025-Q1,rbnz-dashboard
Westpac,Trading and Hedging Gains,5.5,2025-Q1,rbnz-dashboard
Westpac,Fees and Commission Income,55.1,2025-Q1,rbnz-dashboard
Westpac,Other Income,3.8,2025-Q1,rbnz-dashboard
Westpac,Operating Expenses,361.4,2025-Q1,rbnz-dashboard
Westpac,Profit After Tax,260.3,2025-Q1,rbnz-dashboard
Westpac,Total Assets,125125.5,2025-Q1,rbnz-dashboard
Westpac,Cash Position,7174.9,2025-Q1,rbnz-dashboard
Westpac,Net Loans and Advances,103185,2025-Q1,rbnz-dashboard
Westpac,Deposits,81104.8,2025-Q1,rbnz-dashboard
Westpac,Equity,11079.6,2025-Q1,rbnz-dashboard
Westpac,Core Funding Ratio (CFR),86.8,2025-Q1,rbnz-dashboard
ANZ,Total Capital Ratio,17.7,2025-Q2,rbnz-dashboard
ANZ,CET1 Ratio,13.2,2025-Q2,rbnz-dashboard
ANZ,Tier 1 Capital Ratio,15.7,2025-Q2,rbnz-dashboard
ANZ,Total Non-Performing Loans,1491.5,2025-Q2,rbnz-dashboard
ANZ,NPL Ratio,1,2025-Q2,rbnz-dashboard
ANZ,Return on Assets,1.3,2025-Q2,rbnz-dashboard
ANZ,Return on Equity,13.2,2025-Q2,rbnz-dashboard
ANZ,NIM,2.5,2025-Q2,rbnz-dashboard
ANZ,Net Interest Income,1184.8,2025-Q2,rbnz-dashboard
ANZ,Trading and Hedging Gains,57.3,2025-Q2,rbnz-dashboard
ANZ,Fees and Commission Income,122.7,2025-Q2,rbnz-dashboard
ANZ,Other Income,1.8,2025-Q2,rbnz-dashboard
ANZ,Operating Expenses,447.5,2025-Q2,rbnz-dashboard
ANZ,Profit After Tax,648.8,2025-Q2,rbnz-dashboard
ANZ,Total Assets,205506.8,2025-Q2,rbnz-dashboard
ANZ,Cash Position,8262.2,2025-Q2,rbnz-dashboard
ANZ,Net Loans and Advances,155531.6,2025-Q2,rbnz-dashboard
ANZ,Deposits,142652,2025-Q2,rbnz-dashboard
ANZ,Equity,20109.1,2025-Q2,rbnz-dashboard
ANZ,Core Funding Ratio (CFR),91.2,2025-Q2,rbnz-dashboard
ANZ Group,Total Capital Ratio,,2025-Q2,rbnz-dashboard
ANZ Group,CET1 Ratio,,2025-Q2,rbnz-dashboard
ANZ Group,Tier 1 Capital Ratio,,2025-Q2,rbnz-dashboard
ANZ Group,Total Non-Performing Loans,1498.1,2025-Q2,rbnz-dashboard
ANZ Group,NPL Ratio,1,2025-Q2,rbnz-dashboard
ANZ Group,Return on Assets,1.2,2025-Q2,rbnz-dashboard
ANZ Group,Return on Equity,14,2025-Q2,rbnz-dashboard
ANZ Group,NIM,2.4,2025-Q2,rbnz-dashboard
ANZ Group,Net Interest Income,1140.3,2025-Q2,rbnz-dashboard
ANZ Group,Trading and Hedging Gains,50.2,2025-Q2,rbnz-dashboard
ANZ Group,Fees and Commission Income,122.7,2025-Q2,rbnz-dashboard
ANZ Group,Other Income,1.6,2025-Q2,rbnz-dashboard
ANZ Group,Operating Expenses,447.7,2025-Q2,rbnz-dashboard
ANZ Group,Profit After Tax,608.2,2025-Q2,rbnz-dashboard
ANZ Group,Total Assets,205738.5,2025-Q2,rbnz-dashboard
ANZ Group,Cash Position,8262.2,2025-Q2,rbnz-dashboard
ANZ Group,Net Loans and Advances,155781.4,2025-Q2,rbnz-dashboard
ANZ Group,Deposits,142652,2025-Q2,rbnz-dashboard
ANZ Group,Equity,17680.4,2025-Q2,rbnz-dashboard
ANZ Group,Core Funding Ratio (CFR),,2025-Q2,rbnz-dashboard
ASB,Total Capital Ratio,15.8,2025-Q2,rbnz-dashboard
ASB,CET1 Ratio,14.4,2025-Q2,rbnz-dashboard
ASB,Tier 1 Capital Ratio,14.4,2025-Q2,rbnz-dashboard
ASB,Total Non-Performing Loans,917.3,2025-Q2,rbnz-dashboard
ASB,NPL Ratio,0.8,2025-Q2,rbnz-dashboard
ASB,Return on Assets,0.9,2025-Q2,rbnz-dashboard
ASB,Return on Equity,11,2025-Q2,rbnz-dashboard
ASB,NIM,2.3,2025-Q2,rbnz-dashboard
ASB,Net Interest Income,737.3,2025-Q2,rbnz-dashboard
ASB,Trading and Hedging Gains,41.7,2025-Q2,rbnz-dashboard
ASB,Fees and Commission Income,61.8,2025-Q2,rbnz-dashboard
ASB,Other Income,3.5,2025-Q2,rbnz-dashboard
ASB,Operating Expenses,395.4,2025-Q2,rbnz-dashboard
ASB,Profit After Tax,309.4,2025-Q2,rbnz-dashboard
ASB,Total Assets,135163.5,2025-Q2,rbnz-dashboard
ASB,Cash Position,4821,2025-Q2,rbnz-dashboard
ASB,Net Loans and Advances,114726.9,2025-Q2,rbnz-dashboard
ASB,Deposits,89226.5,2025-Q2,rbnz-dashboard
ASB,Equity,11492.4,2025-Q2,rbnz-dashboard
ASB,Core Funding Ratio (CFR),89,2025-Q2,rbnz-dashboard
BNZ,Total Capital Ratio,16.9,2025-Q2,rbnz-dashboard
BNZ,CET1 Ratio,14,2025-Q2,rbnz-dashboard
BNZ,Tier 1 Capital Ratio,15,2025-Q2,rbnz-dashboard
BNZ,Total Non-Performing Loans,771.2,2025-Q2,rbnz-dashboard
BNZ,NPL Ratio,0.7,2025-Q2,rbnz-dashboard
BNZ,Return on Assets,1.1,2025-Q2,rbnz-dashboard
BNZ,Return on Equity,10.4,2025-Q2,rbnz-dashboard
BNZ,NIM,2.5,2025-Q2,rbnz-dashboard
BNZ,Net Interest Income,790.9,2025-Q2,rbnz-dashboard
BNZ,Trading and Hedging Gains,-1.4,2025-Q2,rbnz-dashboard
BNZ,Fees and Commission Income,73.2,2025-Q2,rbnz-dashboard
BNZ,Other Income,-0.4,2025-Q2,rbnz-dashboard
BNZ,Operating Expenses,354.1,2025-Q2,rbnz-dashboard
BNZ,Profit After Tax,359.7,2025-Q2,rbnz-dashboard
BNZ,Total Assets,136404.8,2025-Q2,rbnz-dashboard
BNZ,Cash Position,10191.4,2025-Q2,rbnz-dashboard
BNZ,Net Loans and Advances,110038.2,2025-Q2,rbnz-dashboard
BNZ,Deposits,87929.7,2025-Q2,rbnz-dashboard
BNZ,Equity,14002.3,2025-Q2,rbnz-dashboard
BNZ,Core Funding Ratio (CFR),88.1,2025-Q2,rbnz-dashboard
BOB,Total Capital Ratio,74.5,2025-Q2,rbnz-dashboard
BOB,CET1 Ratio,74.5,2025-Q2,rbnz-dashboard
BOB,Tier 1 Capital Ratio,74.5,2025-Q2,rbnz-dashboard
BOB,Total Non-Performing Loans,3.2,2025-Q2,rbnz-dashboard
BOB,NPL Ratio,3.1,2025-Q2,rbnz-dashboard
BOB,Return on Assets,0.3,2025-Q2,rbnz-dashboard
BOB,Return on Equity,0.7,2025-Q2,rbnz-dashboard
BOB,NIM,3.8,2025-Q2,rbnz-dashboard
BOB,Net Interest Income,1.1,2025-Q2,rbnz-dashboard
BOB,Trading and Hedging Gains,0.1,2025-Q2,rbnz-dashboard
BOB,Fees and Commission Income,0,2025-Q2,rbnz-dashboard
BOB,Other Income,0,2025-Q2,rbnz-dashboard
BOB,Operating Expenses,1,2025-Q2,rbnz-dashboard
BOB,Profit After Tax,0.1,2025-Q2,rbnz-dashboard
BOB,Total Assets,119.5,2025-Q2,rbnz-dashboard
BOB,Cash Position,17.4,2025-Q2,rbnz-dashboard
BOB,Net Loans and Advances,101.3,2025-Q2,rbnz-dashboard
BOB,Deposits,63.6,2025-Q2,rbnz-dashboard
BOB,Equity,55,2025-Q2,rbnz-dashboard
BOB,Core Funding Ratio (CFR),129,2025-Q2,rbnz-dashboard
BOC,Total Capital Ratio,16.7,2025-Q2,rbnz-dashboard
BOC,CET1 Ratio,16.7,2025-Q2,rbnz-dashboard
BOC,Tier 1 Capital Ratio,16.7,2025-Q2,rbnz-dashboard
BOC,Total Non-Performing Loans,7.9,2025-Q2,rbnz-dashboard
BOC,NPL Ratio,0.3,2025-Q2,rbnz-dashboard
BOC,Return on Assets,0.9,2025-Q2,rbnz-dashboard
BOC,Return on Equity,9.7,2025-Q2,rbnz-dashboard
BOC,NIM,1.3,2025-Q2,rbnz-dashboard
BOC,Net Interest Income,12.8,2025-Q2,rbnz-dashboard
BOC,Trading and Hedging Gains,0.4,2025-Q2,rbnz-dashboard
BOC,Fees and Commission Income,6.4,2025-Q2,rbnz-dashboard
BOC,Other Income,0.1,2025-Q2,rbnz-dashboard
BOC,Operating Expenses,8,2025-Q2,rbnz-dashboard
BOC,Profit After Tax,8.3,2025-Q2,rbnz-dashboard
BOC,Total Assets,3815.4,2025-Q2,rbnz-dashboard
BOC,Cash Position,370.1,2025-Q2,rbnz-dashboard
BOC,Net Loans and Advances,2981.1,2025-Q2,rbnz-dashboard
BOC,Deposits,2349.6,2025-Q2,rbnz-dashboard
BOC,Equity,344.4,2025-Q2,rbnz-dashboard
BOC,Core Funding Ratio (CFR),89.2,2025-Q2,rbnz-dashboard
BOC Group,Total Capital Ratio,,2025-Q2,rbnz-dashboard
BOC Group,CET1 Ratio,,2025-Q2,rbnz-dashboard
BOC Group,Tier 1 Capital Ratio,,2025-Q2,rbnz-dashboard
BOC Group,Total Non-Performing Loans,7.9,2025-Q2,rbnz-dashboard
BOC Group,NPL Ratio,0.1,2025-Q2,rbnz-dashboard
BOC Group,Return on Assets,0.6,2025-Q2,rbnz-dashboard
BOC Group,Return on Equity,12.3,2025-Q2,rbnz-dashboard
BOC Group,NIM,1.4,2025-Q2,rbnz-dashboard
BOC Group,Net Interest Income,24.3,2025-Q2,rbnz-dashboard
BOC Group,Trading and Hedging Gains,0,2025-Q2,rbnz-dashboard
BOC Group,Fees and Commission Income,0.5,2025-Q2,rbnz-dashboard
BOC Group,Other Income,0.2,2025-Q2,rbnz-dashboard
BOC Group,Operating Expenses,8.3,2025-Q2,rbnz-dashboard
BOC Group,Profit After Tax,11.1,2025-Q2,rbnz-dashboard
BOC Group,Total Assets,7197.4,2025-Q2,rbnz-dashboard
BOC Group,Cash Position,480.6,2025-Q2,rbnz-dashboard
BOC Group,Net Loans and Advances,6225.3,2025-Q2,rbnz-dashboard
BOC Group,Deposits,2775,2025-Q2,rbnz-dashboard
BOC Group,Equity,352.5,2025-Q2,rbnz-dashboard
BOC Group,Core Funding Ratio (CFR),,2025-Q2,rbnz-dashboard
BOI,Total Capital Ratio,37.1,2025-Q2,rbnz-dashboard
BOI,CET1 Ratio,37.1,2025-Q2,rbnz-dashboard
BOI,Tier 1 Capital Ratio,37.1,2025-Q2,rbnz-dashboard
BOI,Total Non-Performing Loans,21.7,2025-Q2,rbnz-dashboard
BOI,NPL Ratio,14.5,2025-Q2,rbnz-dashboard
BOI,Return on Assets,1,2025-Q2,rbnz-dashboard
BOI,Return on Equity,2.7,2025-Q2,rbnz-dashboard
BOI,NIM,3.4,2025-Q2,rbnz-dashboard
BOI,Net Interest Income,1.6,2025-Q2,rbnz-dashboard
BOI,Trading and Hedging Gains,0,2025-Q2,rbnz-dashboard
BOI,Fees and Commission Income,0.1,2025-Q2,rbnz-dashboard
BOI,Other Income,0,2025-Q2,rbnz-dashboard
BOI,Operating Expenses,0.9,2025-Q2,rbnz-dashboard
BOI,Profit After Tax,0.4,2025-Q2,rbnz-dashboard
BOI,Total Assets,184.4,2025-Q2,rbnz-dashboard
BOI,Cash Position,37,2025-Q2,rbnz-dashboard
BOI,Net Loans and Advances,143.8,2025-Q2,rbnz-dashboard
BOI,Deposits,106.5,2025-Q2,rbnz-dashboard
BOI,Equity,64.1,2025-Q2,rbnz-dashboard
BOI,Core Funding Ratio (CFR),86.2,2025-Q2,rbnz-dashboard
CBA Group,Total Capital Ratio,,2025-Q2,rbnz-dashboard
CBA Group,CET1 Ratio,,2025-Q2,rbnz-dashboard
CBA Group,Tier 1 Capital Ratio,,2025-Q2,rbnz-dashboard
CBA Group,Total Non-Performing Loans,917.3,2025-Q2,rbnz-dashboard
CBA Group,NPL Ratio,0.8,2025-Q2,rbnz-dashboard
CBA Group,Return on Assets,1,2025-Q2,rbnz-dashboard
CBA Group,Return on Equity,11,2025-Q2,rbnz-dashboard
CBA Group,NIM,2.3,2025-Q2,rbnz-dashboard
CBA Group,Net Interest Income,751.6,2025-Q2,rbnz-dashboard
CBA Group,Trading and Hedging Gains,44.6,2025-Q2,rbnz-dashboard
CBA Group,Fees and Commission Income,62.3,2025-Q2,rbnz-dashboard
CBA Group,Other Income,3.4,2025-Q2,rbnz-dashboard
CBA Group,Operating Expenses,398.7,2025-Q2,rbnz-dashboard
CBA Group,Profit After Tax,325.6,2025-Q2,rbnz-dashboard
CBA Group,Total Assets,138345.9,2025-Q2,rbnz-dashboard
CBA Group,Cash Position,4803.7,2025-Q2,rbnz-dashboard
CBA Group,Net Loans and Advances,117466.5,2025-Q2,rbnz-dashboard
CBA Group,Deposits,89205.1,2025-Q2,rbnz-dashboard
CBA Group,Equity,12026.1,2025-Q2,rbnz-dashboard
CBA Group,Core Funding Ratio (CFR),,2025-Q2,rbnz-dashboard
CCB,Total Capital Ratio,21.6,2025-Q2,rbnz-dashboard
CCB,CET1 Ratio,21.6,2025-Q2,rbnz-dashboard
CCB,Tier 1 Capital Ratio,21.6,2025-Q2,rbnz-dashboard
CCB,Total Non-Performing Loans,11.2,2025-Q2,rbnz-dashboard
CCB,NPL Ratio,0.7,2025-Q2,rbnz-dashboard
CCB,Return on Assets,0.7,2025-Q2,rbnz-dashboard
CCB,Return on Equity,5,2025-Q2,rbnz-dashboard
CCB,NIM,1.6,2025-Q2,rbnz-dashboard
CCB,Net Interest Income,10.1,2025-Q2,rbnz-dashboard
CCB,Trading and Hedging Gains,-1.3,2025-Q2,rbnz-dashboard
CCB,Fees and Commission Income,1,2025-Q2,rbnz-dashboard
CCB,Other Income,0.2,2025-Q2,rbnz-dashboard
CCB,Operating Expenses,3,2025-Q2,rbnz-dashboard
CCB,Profit After Tax,4.4,2025-Q2,rbnz-dashboard
CCB,Total Assets,2517.6,2025-Q2,rbnz-dashboard
CCB,Cash Position,272.8,2025-Q2,rbnz-dashboard
CCB,Net Loans and Advances,1625.4,2025-Q2,rbnz-dashboard
CCB,Deposits,410,2025-Q2,rbnz-dashboard
CCB,Equity,348.8,2025-Q2,rbnz-dashboard
CCB,Core Funding Ratio (CFR),106.7,2025-Q2,rbnz-dashboard
CCB Group,Total Capital Ratio,,2025-Q2,rbnz-dashboard
CCB Group,CET1 Ratio,,2025-Q2,rbnz-dashboard
CCB Group,Tier 1 Capital Ratio,,2025-Q2,rbnz-dashboard
CCB Group,Total Non-Performing Loans,11.2,2025-Q2,rbnz-dashboard
CCB Group,NPL Ratio,0.3,2025-Q2,rbnz-dashboard
CCB Group,Return on Assets,0.7,2025-Q2,rbnz-dashboard
CCB Group,Return on Equity,8.1,2025-Q2,rbnz-dashboard
CCB Group,NIM,1.7,2025-Q2,rbnz-dashboard
CCB Group,Net Interest Income,19.6,2025-Q2,rbnz-dashboard
CCB Group,Trading and Hedging Gains,-3.2,2025-Q2,rbnz-dashboard
CCB Group,Fees and Commission Income,2.3,2025-Q2,rbnz-dashboard
CCB Group,Other Income,0,2025-Q2,rbnz-dashboard
CCB Group,Operating Expenses,5.4,2025-Q2,rbnz-dashboard
CCB Group,Profit After Tax,8.9,2025-Q2,rbnz-dashboard
CCB Group,Total Assets,4622.7,2025-Q2,rbnz-dashboard
CCB Group,Cash Position,591.7,2025-Q2,rbnz-dashboard
CCB Group,Net Loans and Advances,3393.9,2025-Q2,rbnz-dashboard
CCB Group,Deposits,405.5,2025-Q2,rbnz-dashboard
CCB Group,Equity,445.5,2025-Q2,rbnz-dashboard
CCB Group,Core Funding Ratio (CFR),,2025-Q2,rbnz-dashboard
Co-op,Total Capital Ratio,18,2025-Q2,rbnz-dashboard
Co-op,CET1 Ratio,15.8,2025-Q2,rbnz-dashboard
Co-op,Tier 1 Capital Ratio,15.8,2025-Q2,rbnz-dashboard
Co-op,Total Non-Performing Loans,10,2025-Q2,rbnz-dashboard
Co-op,NPL Ratio,0.3,2025-Q2,rbnz-dashboard
Co-op,Return on Assets,0.3,2025-Q2,rbnz-dashboard
Co-op,Return on Equity,3.8,2025-Q2,rbnz-dashboard
Co-op,NIM,2.4,2025-Q2,rbnz-dashboard
Co-op,Net Interest Income,21.3,2025-Q2,rbnz-dashboard
Co-op,Trading and Hedging Gains,0,2025-Q2,rbnz-dashboard
Co-op,Fees and Commission Income,2.9,2025-Q2,rbnz-dashboard
Co-op,Other Income,2,2025-Q2,rbnz-dashboard
Co-op,Operating Expenses,22.4,2025-Q2,rbnz-dashboard
Co-op,Profit After Tax,2.5,2025-Q2,rbnz-dashboard
Co-op,Total Assets,3689.6,2025-Q2,rbnz-dashboard
Co-op,Cash Position,33.5,2025-Q2,rbnz-dashboard
Co-op,Net Loans and Advances,3306.6,2025-Q2,rbnz-dashboard
Co-op,Deposits,3233.3,2025-Q2,rbnz-dashboard
Co-op,Equity,263.4,2025-Q2,rbnz-dashboard
Co-op,Core Funding Ratio (CFR),99.3,2025-Q2,rbnz-dashboard
Heartland,Total Capital Ratio,15.9,2025-Q2,rbnz-dashboard
Heartland,CET1 Ratio,13.7,2025-Q2,rbnz-dashboard
Heartland,Tier 1 Capital Ratio,13.7,2025-Q2,rbnz-dashboard
Heartland,Total Non-Performing Loans,151.1,2025-Q2,rbnz-dashboard
Heartland,NPL Ratio,3.2,2025-Q2,rbnz-dashboard
Heartland,Return on Assets,0.8,2025-Q2,rbnz-dashboard
Heartland,Return on Equity,3.9,2025-Q2,rbnz-dashboard
Heartland,NIM,4.2,2025-Q2,rbnz-dashboard
Heartland,Net Interest Income,55.3,2025-Q2,rbnz-dashboard
Heartland,Trading and Hedging Gains,-2.8,2025-Q2,rbnz-dashboard
Heartland,Fees and Commission Income,3.1,2025-Q2,rbnz-dashboard
Heartland,Other Income,5.6,2025-Q2,rbnz-dashboard
Heartland,Operating Expenses,35.4,2025-Q2,rbnz-dashboard
Heartland,Profit After Tax,11.4,2025-Q2,rbnz-dashboard
Heartland,Total Assets,5892.8,2025-Q2,rbnz-dashboard
Heartland,Cash Position,190,2025-Q2,rbnz-dashboard
Heartland,Net Loans and Advances,4641.3,2025-Q2,rbnz-dashboard
Heartland,Deposits,4359.2,2025-Q2,rbnz-dashboard
Heartland,Equity,1176.3,2025-Q2,rbnz-dashboard
Heartland,Core Funding Ratio (CFR),92.3,2025-Q2,rbnz-dashboard
ICBC,Total Capital Ratio,17.7,2025-Q2,rbnz-dashboard
ICBC,CET1 Ratio,17.7,2025-Q2,rbnz-dashboard
ICBC,Tier 1 Capital Ratio,17.7,2025-Q2,rbnz-dashboard
ICBC,Total Non-Performing Loans,2.7,2025-Q2,rbnz-dashboard
ICBC,NPL Ratio,0.1,2025-Q2,rbnz-dashboard
ICBC,Return on Assets,1,2025-Q2,rbnz-dashboard
ICBC,Return on Equity,7.2,2025-Q2,rbnz-dashboard
ICBC,NIM,1.6,2025-Q2,rbnz-dashboard
ICBC,Net Interest Income,10.1,2025-Q2,rbnz-dashboard
ICBC,Trading and Hedging Gains,1.3,2025-Q2,rbnz-dashboard
ICBC,Fees and Commission Income,0.3,2025-Q2,rbnz-dashboard
ICBC,Other Income,3.6,2025-Q2,rbnz-dashboard
ICBC,Operating Expenses,6.2,2025-Q2,rbnz-dashboard
ICBC,Profit After Tax,6.2,2025-Q2,rbnz-dashboard
ICBC,Total Assets,2611.8,2025-Q2,rbnz-dashboard
ICBC,Cash Position,352.5,2025-Q2,rbnz-dashboard
ICBC,Net Loans and Advances,2001.2,2025-Q2,rbnz-dashboard
ICBC,Deposits,1015.5,2025-Q2,rbnz-dashboard
ICBC,Equity,350.1,2025-Q2,rbnz-dashboard
ICBC,Core Funding Ratio (CFR),87.2,2025-Q2,rbnz-dashboard
ICBC Group,Total Capital Ratio,,2025-Q2,rbnz-dashboard
ICBC Group,CET1 Ratio,,2025-Q2,rbnz-dashboard
ICBC Group,Tier 1 Capital Ratio,,2025-Q2,rbnz-dashboard
ICBC Group,Total Non-Performing Loans,2.7,2025-Q2,rbnz-dashboard
ICBC Group,NPL Ratio,0.1,2025-Q2,rbnz-dashboard
ICBC Group,Return on Assets,1.2,2025-Q2,rbnz-dashboard
ICBC Group,Return on Equity,11.2,2025-Q2,rbnz-dashboard
ICBC Group,NIM,1.6,2025-Q2,rbnz-dashboard
ICBC Group,Net Interest Income,18.5,2025-Q2,rbnz-dashboard
ICBC Group,Trading and Hedging Gains,3.3,2025-Q2,rbnz-dashboard
ICBC Group,Fees and Commission Income,0.3,2025-Q2,rbnz-dashboard
ICBC Group,Other Income,0,2025-Q2,rbnz-dashboard
ICBC Group,Operating Expenses,6.2,2025-Q2,rbnz-dashboard
ICBC Group,Profit After Tax,13.4,2025-Q2,rbnz-dashboard
ICBC Group,Total Assets,4842.6,2025-Q2,rbnz-dashboard
ICBC Group,Cash Position,481.6,2025-Q2,rbnz-dashboard
ICBC Group,Net Loans and Advances,4088.9,2025-Q2,rbnz-dashboard
ICBC Group,Deposits,1015.1,2025-Q2,rbnz-dashboard
ICBC Group,Equity,488.5,2025-Q2,rbnz-dashboard
ICBC Group,Core Funding Ratio (CFR),,2025-Q2,rbnz-dashboard
Kiwibank,Total Capital Ratio,16.3,2025-Q2,rbnz-dashboard
Kiwibank,CET1 Ratio,11.7,2025-Q2,rbnz-dashboard
Kiwibank,Tier 1 Capital Ratio,14.1,2025-Q2,rbnz-dashboard
Kiwibank,Total Non-Performing Loans,138.9,2025-Q2,rbnz-dashboard
Kiwibank,NPL Ratio,0.4,2025-Q2,rbnz-dashboard
Kiwibank,Return on Assets,0.5,2025-Q2,rbnz-dashboard
Kiwibank,Return on Equity,6.5,2025-Q2,rbnz-dashboard
Kiwibank,NIM,2.2,2025-Q2,rbnz-dashboard
Kiwibank,Net Interest Income,214.2,2025-Q2,rbnz-dashboard
Kiwibank,Trading and Hedging Gains,2.1,2025-Q2,rbnz-dashboard
Kiwibank,Fees and Commission Income,10.7,2025-Q2,rbnz-dashboard
Kiwibank,Other Income,1.1,2025-Q2,rbnz-dashboard
Kiwibank,Operating Expenses,158.2,2025-Q2,rbnz-dashboard
Kiwibank,Profit After Tax,49.3,2025-Q2,rbnz-dashboard
Kiwibank,Total Assets,40659.6,2025-Q2,rbnz-dashboard
Kiwibank,Cash Position,1187.3,2025-Q2,rbnz-dashboard
Kiwibank,Net Loans and Advances,35840.4,2025-Q2,rbnz-dashboard
Kiwibank,Deposits,30336.7,2025-Q2,rbnz-dashboard
Kiwibank,Equity,3078.6,2025-Q2,rbnz-dashboard
Kiwibank,Core Funding Ratio (CFR),89.9,2025-Q2,rbnz-dashboard
Rabo Group,Total Capital Ratio,,2025-Q2,rbnz-dashboard
Rabo Group,CET1 Ratio,,2025-Q2,rbnz-dashboard
Rabo Group,Tier 1 Capital Ratio,,2025-Q2,rbnz-dashboard
Rabo Group,Total Non-Performing Loans,251.3,2025-Q2,rbnz-dashboard
Rabo Group,NPL Ratio,1.5,2025-Q2,rbnz-dashboard
Rabo Group,Return on Assets,0.9,2025-Q2,rbnz-dashboard
Rabo Group,Return on Equity,6.3,2025-Q2,rbnz-dashboard
Rabo Group,NIM,2.5,2025-Q2,rbnz-dashboard
Rabo Group,Net Interest Income,122.9,2025-Q2,rbnz-dashboard
Rabo Group,Trading and Hedging Gains,-2,2025-Q2,rbnz-dashboard
Rabo Group,Fees and Commission Income,0.6,2025-Q2,rbnz-dashboard
Rabo Group,Other Income,4.9,2025-Q2,rbnz-dashboard
Rabo Group,Operating Expenses,61.3,2025-Q2,rbnz-dashboard
Rabo Group,Profit After Tax,47.7,2025-Q2,rbnz-dashboard
Rabo Group,Total Assets,20351.7,2025-Q2,rbnz-dashboard
Rabo Group,Cash Position,2343,2025-Q2,rbnz-dashboard
Rabo Group,Net Loans and Advances,17092.1,2025-Q2,rbnz-dashboard
Rabo Group,Deposits,7359.2,2025-Q2,rbnz-dashboard
Rabo Group,Equity,3048.5,2025-Q2,rbnz-dashboard
Rabo Group,Core Funding Ratio (CFR),,2025-Q2,rbnz-dashboard
Rabobank,Total Capital Ratio,15.8,2025-Q2,rbnz-dashboard
Rabobank,CET1 Ratio,15.8,2025-Q2,rbnz-dashboard
Rabobank,Tier 1 Capital Ratio,15.8,2025-Q2,rbnz-dashboard
Rabobank,Total Non-Performing Loans,72,2025-Q2,rbnz-dashboard
Rabobank,NPL Ratio,0.5,2025-Q2,rbnz-dashboard
Rabobank,Return on Assets,1,2025-Q2,rbnz-dashboard
Rabobank,Return on Equity,6.5,2025-Q2,rbnz-dashboard
Rabobank,NIM,2.5,2025-Q2,rbnz-dashboard
Rabobank,Net Interest Income,100.2,2025-Q2,rbnz-dashboard
Rabobank,Trading and Hedging Gains,1,2025-Q2,rbnz-dashboard
Rabobank,Fees and Commission Income,0.2,2025-Q2,rbnz-dashboard
Rabobank,Other Income,0.7,2025-Q2,rbnz-dashboard
Rabobank,Operating Expenses,49.4,2025-Q2,rbnz-dashboard
Rabobank,Profit After Tax,39.6,2025-Q2,rbnz-dashboard
Rabobank,Total Assets,16658.1,2025-Q2,rbnz-dashboard
Rabobank,Cash Position,2114.5,2025-Q2,rbnz-dashboard
Rabobank,Net Loans and Advances,13813.4,2025-Q2,rbnz-dashboard
Rabobank,Deposits,7133.9,2025-Q2,rbnz-dashboard
Rabobank,Equity,2484.2,2025-Q2,rbnz-dashboard
Rabobank,Core Funding Ratio (CFR),86.3,2025-Q2,rbnz-dashboard
SBS,Total Capital Ratio,16.6,2025-Q2,rbnz-dashboard
SBS,CET1 Ratio,13.7,2025-Q2,rbnz-dashboard
SBS,Tier 1 Capital Ratio,13.7,2025-Q2,rbnz-dashboard
SBS,Total Non-Performing Loans,27.7,2025-Q2,rbnz-dashboard
SBS,NPL Ratio,0.5,2025-Q2,rbnz-dashboard
SBS,Return on Assets,0.4,2025-Q2,rbnz-dashboard
SBS,Return on Equity,4.9,2025-Q2,rbnz-dashboard
SBS,NIM,2.5,2025-Q2,rbnz-dashboard
SBS,Net Interest Income,41.2,2025-Q2,rbnz-dashboard
SBS,Trading and Hedging Gains,0.4,2025-Q2,rbnz-dashboard
SBS,Fees and Commission Income,8.1,2025-Q2,rbnz-dashboard
SBS,Other Income,2.2,2025-Q2,rbnz-dashboard
SBS,Operating Expenses,34.9,2025-Q2,rbnz-dashboard
SBS,Profit After Tax,6.4,2025-Q2,rbnz-dashboard
SBS,Total Assets,6676.7,2025-Q2,rbnz-dashboard
SBS,Cash Position,96.2,2025-Q2,rbnz-dashboard
SBS,Net Loans and Advances,5655.8,2025-Q2,rbnz-dashboard
SBS,Deposits,4472.5,2025-Q2,rbnz-dashboard
SBS,Equity,535,2025-Q2,rbnz-dashboard
SBS,Core Funding Ratio (CFR),90.5,2025-Q2,rbnz-dashboard
TSB,Total Capital Ratio,15.4,2025-Q2,rbnz-dashboard
TSB,CET1 Ratio,15.4,2025-Q2,rbnz-dashboard
TSB,Tier 1 Capital Ratio,15.4,2025-Q2,rbnz-dashboard
TSB,Total Non-Performing Loans,40.7,2025-Q2,rbnz-dashboard
TSB,NPL Ratio,0.5,2025-Q2,rbnz-dashboard
TSB,Return on Assets,0.5,2025-Q2,rbnz-dashboard
TSB,Return on Equity,5.8,2025-Q2,rbnz-dashboard
TSB,NIM,2.1,2025-Q2,rbnz-dashboard
TSB,Net Interest Income,50,2025-Q2,rbnz-dashboard
TSB,Trading and Hedging Gains,0,2025-Q2,rbnz-dashboard
TSB,Fees and Commission Income,3,2025-Q2,rbnz-dashboard
TSB,Other Income,0.5,2025-Q2,rbnz-dashboard
TSB,Operating Expenses,37.3,2025-Q2,rbnz-dashboard
TSB,Profit After Tax,11.5,2025-Q2,rbnz-dashboard
TSB,Total Assets,9551.4,2025-Q2,rbnz-dashboard
TSB,Cash Position,449.7,2025-Q2,rbnz-dashboard
TSB,Net Loans and Advances,7822.9,2025-Q2,rbnz-dashboard
TSB,Deposits,8570.5,2025-Q2,rbnz-dashboard
TSB,Equity,793.9,2025-Q2,rbnz-dashboard
TSB,Core Funding Ratio (CFR),109,2025-Q2,rbnz-dashboard
WBC Group,Total Capital Ratio,,2025-Q2,rbnz-dashboard
WBC Group,CET1 Ratio,,2025-Q2,rbnz-dashboard
WBC Group,Tier 1 Capital Ratio,,2025-Q2,rbnz-dashboard
WBC Group,Total Non-Performing Loans,609.6,2025-Q2,rbnz-dashboard
WBC Group,NPL Ratio,0.6,2025-Q2,rbnz-dashboard
WBC Group,Return on Assets,1,2025-Q2,rbnz-dashboard
WBC Group,Return on Equity,11.5,2025-Q2,rbnz-dashboard
WBC Group,NIM,2.4,2025-Q2,rbnz-dashboard
WBC Group,Net Interest Income,742.9,2025-Q2,rbnz-dashboard
WBC Group,Trading and Hedging Gains,19.8,2025-Q2,rbnz-dashboard
WBC Group,Fees and Commission Income,57.3,2025-Q2,rbnz-dashboard
WBC Group,Other Income,-8.1,2025-Q2,rbnz-dashboard
WBC Group,Operating Expenses,382,2025-Q2,rbnz-dashboard
WBC Group,Profit After Tax,347.5,2025-Q2,rbnz-dashboard
WBC Group,Total Assets,134263.7,2025-Q2,rbnz-dashboard
WBC Group,Cash Position,6382.7,2025-Q2,rbnz-dashboard
WBC Group,Net Loans and Advances,104920.1,2025-Q2,rbnz-dashboard
WBC Group,Deposits,80045.8,2025-Q2,rbnz-dashboard
WBC Group,Equity,12297.5,2025-Q2,rbnz-dashboard
WBC Group,Core Funding Ratio (CFR),,2025-Q2,rbnz-dashboard
Westpac,Total Capital Ratio,16.6,2025-Q2,rbnz-dashboard
Westpac,CET1 Ratio,12.3,2025-Q2,rbnz-dashboard
Westpac,Tier 1 Capital Ratio,15,2025-Q2,rbnz-dashboard
Westpac,Total Non-Performing Loans,607.5,2025-Q2,rbnz-dashboard
Westpac,NPL Ratio,0.6,2025-Q2,rbnz-dashboard
Westpac,Return on Assets,1.1,2025-Q2,rbnz-dashboard
Westpac,Return on Equity,12.1,2025-Q2,rbnz-dashboard
Westpac,NIM,2.4,2025-Q2,rbnz-dashboard
Westpac,Net Interest Income,729.9,2025-Q2,rbnz-dashboard
Westpac,Trading and Hedging Gains,-1.9,2025-Q2,rbnz-dashboard
Westpac,Fees and Commission Income,59.3,2025-Q2,rbnz-dashboard
Westpac,Other Income,-5.2,2025-Q2,rbnz-dashboard
Westpac,Operating Expenses,366.2,2025-Q2,rbnz-dashboard
Westpac,Profit After Tax,337.5,2025-Q2,rbnz-dashboard
Westpac,Total Assets,123948.5,2025-Q2,rbnz-dashboard
Westpac,Cash Position,5721.8,2025-Q2,rbnz-dashboard
Westpac,Net Loans and Advances,104459.8,2025-Q2,rbnz-dashboard
Westpac,Deposits,80193.6,2025-Q2,rbnz-dashboard
Westpac,Equity,11382.5,2025-Q2,rbnz-dashboard
Westpac,Core Funding Ratio (CFR),86.2,2025-Q2,rbnz-dashboard
ANZ,Total Capital Ratio,17.4,2025-Q3,rbnz-dashboard
ANZ,CET1 Ratio,12.9,2025-Q3,rbnz-dashboard
ANZ,Tier 1 Capital Ratio,15.3,2025-Q3,rbnz-dashboard
ANZ,Total Non-Performing Loans,1329,2025-Q3,rbnz-dashboard
ANZ,NPL Ratio,0.8,2025-Q3,rbnz-dashboard
ANZ,Return on Assets,1.3,2025-Q3,rbnz-dashboard
ANZ,Return on Equity,13.7,2025-Q3,rbnz-dashboard
ANZ,NIM,2.5,2025-Q3,rbnz-dashboard
ANZ,Net Interest Income,1180.3,2025-Q3,rbnz-dashboard
ANZ,Trading and Hedging Gains,101.1,2025-Q3,rbnz-dashboard
ANZ,Fees and Commission Income,116.6,2025-Q3,rbnz-dashboard
ANZ,Other Income,5.5,2025-Q3,rbnz-dashboard
ANZ,Operating Expenses,471.1,2025-Q3,rbnz-dashboard
ANZ,Profit After Tax,700.5,2025-Q3,rbnz-dashboard
ANZ,Total Assets,209989.7,2025-Q3,rbnz-dashboard
ANZ,Cash Position,8470.2,2025-Q3,rbnz-dashboard
ANZ,Net Loans and Advances,157722.3,2025-Q3,rbnz-dashboard
ANZ,Deposits,143542.4,2025-Q3,rbnz-dashboard
ANZ,Equity,19898.2,2025-Q3,rbnz-dashboard
ANZ,Core Funding Ratio (CFR),90.3,2025-Q3,rbnz-dashboard
ANZ Group,Total Capital Ratio,,2025-Q3,rbnz-dashboard
ANZ Group,CET1 Ratio,,2025-Q3,rbnz-dashboard
ANZ Group,Tier 1 Capital Ratio,,2025-Q3,rbnz-dashboard
ANZ Group,Total Non-Performing Loans,1332.9,2025-Q3,rbnz-dashboard
ANZ Group,NPL Ratio,0.8,2025-Q3,rbnz-dashboard
ANZ Group,Return on Assets,1.3,2025-Q3,rbnz-dashboard
ANZ Group,Return on Equity,14.9,2025-Q3,rbnz-dashboard
ANZ Group,NIM,2.4,2025-Q3,rbnz-dashboard
ANZ Group,Net Interest Income,1136,2025-Q3,rbnz-dashboard
ANZ Group,Trading and Hedging Gains,106.8,2025-Q3,rbnz-dashboard
ANZ Group,Fees and Commission Income,116.6,2025-Q3,rbnz-dashboard
ANZ Group,Other Income,5.4,2025-Q3,rbnz-dashboard
ANZ Group,Operating Expenses,471.5,2025-Q3,rbnz-dashboard
ANZ Group,Profit After Tax,670.7,2025-Q3,rbnz-dashboard
ANZ Group,Total Assets,210268.7,2025-Q3,rbnz-dashboard
ANZ Group,Cash Position,8470.2,2025-Q3,rbnz-dashboard
ANZ Group,Net Loans and Advances,158003.5,2025-Q3,rbnz-dashboard
ANZ Group,Deposits,143542.4,2025-Q3,rbnz-dashboard
ANZ Group,Equity,17518.1,2025-Q3,rbnz-dashboard
ANZ Group,Core Funding Ratio (CFR),,2025-Q3,rbnz-dashboard
ASB,Total Capital Ratio,15.7,2025-Q3,rbnz-dashboard
ASB,CET1 Ratio,14.3,2025-Q3,rbnz-dashboard
ASB,Tier 1 Capital Ratio,14.3,2025-Q3,rbnz-dashboard
ASB,Total Non-Performing Loans,826.3,2025-Q3,rbnz-dashboard
ASB,NPL Ratio,0.7,2025-Q3,rbnz-dashboard
ASB,Return on Assets,1,2025-Q3,rbnz-dashboard
ASB,Return on Equity,11.2,2025-Q3,rbnz-dashboard
ASB,NIM,2.4,2025-Q3,rbnz-dashboard
ASB,Net Interest Income,818.8,2025-Q3,rbnz-dashboard
ASB,Trading and Hedging Gains,23.8,2025-Q3,rbnz-dashboard
ASB,Fees and Commission Income,87.3,2025-Q3,rbnz-dashboard
ASB,Other Income,-0.7,2025-Q3,rbnz-dashboard
ASB,Operating Expenses,460.8,2025-Q3,rbnz-dashboard
ASB,Profit After Tax,329.2,2025-Q3,rbnz-dashboard
ASB,Total Assets,138424.1,2025-Q3,rbnz-dashboard
ASB,Cash Position,2749.5,2025-Q3,rbnz-dashboard
ASB,Net Loans and Advances,116615.2,2025-Q3,rbnz-dashboard
ASB,Deposits,91503,2025-Q3,rbnz-dashboard
ASB,Equity,11862.4,2025-Q3,rbnz-dashboard
ASB,Core Funding Ratio (CFR),89.1,2025-Q3,rbnz-dashboard
BNZ,Total Capital Ratio,16.5,2025-Q3,rbnz-dashboard
BNZ,CET1 Ratio,13.6,2025-Q3,rbnz-dashboard
BNZ,Tier 1 Capital Ratio,14.5,2025-Q3,rbnz-dashboard
BNZ,Total Non-Performing Loans,741.6,2025-Q3,rbnz-dashboard
BNZ,NPL Ratio,0.7,2025-Q3,rbnz-dashboard
BNZ,Return on Assets,1,2025-Q3,rbnz-dashboard
BNZ,Return on Equity,9.9,2025-Q3,rbnz-dashboard
BNZ,NIM,2.5,2025-Q3,rbnz-dashboard
BNZ,Net Interest Income,786,2025-Q3,rbnz-dashboard
BNZ,Trading and Hedging Gains,28.3,2025-Q3,rbnz-dashboard
BNZ,Fees and Commission Income,60.2,2025-Q3,rbnz-dashboard
BNZ,Other Income,0.9,2025-Q3,rbnz-dashboard
BNZ,Operating Expenses,353.4,2025-Q3,rbnz-dashboard
BNZ,Profit After Tax,344.7,2025-Q3,rbnz-dashboard
BNZ,Total Assets,135602.5,2025-Q3,rbnz-dashboard
BNZ,Cash Position,6600.9,2025-Q3,rbnz-dashboard
BNZ,Net Loans and Advances,111103,2025-Q3,rbnz-dashboard
BNZ,Deposits,88681.5,2025-Q3,rbnz-dashboard
BNZ,Equity,13852.6,2025-Q3,rbnz-dashboard
BNZ,Core Funding Ratio (CFR),88.7,2025-Q3,rbnz-dashboard
BOB,Total Capital Ratio,65.1,2025-Q3,rbnz-dashboard
BOB,CET1 Ratio,65.1,2025-Q3,rbnz-dashboard
BOB,Tier 1 Capital Ratio,65.1,2025-Q3,rbnz-dashboard
BOB,Total Non-Performing Loans,3.2,2025-Q3,rbnz-dashboard
BOB,NPL Ratio,3,2025-Q3,rbnz-dashboard
BOB,Return on Assets,-2.7,2025-Q3,rbnz-dashboard
BOB,Return on Equity,-6,2025-Q3,rbnz-dashboard
BOB,NIM,3.7,2025-Q3,rbnz-dashboard
BOB,Net Interest Income,1.1,2025-Q3,rbnz-dashboard
BOB,Trading and Hedging Gains,0.1,2025-Q3,rbnz-dashboard
BOB,Fees and Commission Income,0.1,2025-Q3,rbnz-dashboard
BOB,Other Income,0,2025-Q3,rbnz-dashboard
BOB,Operating Expenses,1.1,2025-Q3,rbnz-dashboard
BOB,Profit After Tax,-0.8,2025-Q3,rbnz-dashboard
BOB,Total Assets,124.4,2025-Q3,rbnz-dashboard
BOB,Cash Position,18,2025-Q3,rbnz-dashboard
BOB,Net Loans and Advances,105.1,2025-Q3,rbnz-dashboard
BOB,Deposits,64,2025-Q3,rbnz-dashboard
BOB,Equity,54.1,2025-Q3,rbnz-dashboard
BOB,Core Funding Ratio (CFR),112.6,2025-Q3,rbnz-dashboard
BOC,Total Capital Ratio,16.3,2025-Q3,rbnz-dashboard
BOC,CET1 Ratio,16.3,2025-Q3,rbnz-dashboard
BOC,Tier 1 Capital Ratio,16.3,2025-Q3,rbnz-dashboard
BOC,Total Non-Performing Loans,8.7,2025-Q3,rbnz-dashboard
BOC,NPL Ratio,0.3,2025-Q3,rbnz-dashboard
BOC,Return on Assets,0.7,2025-Q3,rbnz-dashboard
BOC,Return on Equity,7.9,2025-Q3,rbnz-dashboard
BOC,NIM,1.4,2025-Q3,rbnz-dashboard
BOC,Net Interest Income,14,2025-Q3,rbnz-dashboard
BOC,Trading and Hedging Gains,0.4,2025-Q3,rbnz-dashboard
BOC,Fees and Commission Income,6.3,2025-Q3,rbnz-dashboard
BOC,Other Income,0,2025-Q3,rbnz-dashboard
BOC,Operating Expenses,7.8,2025-Q3,rbnz-dashboard
BOC,Profit After Tax,7,2025-Q3,rbnz-dashboard
BOC,Total Assets,4031,2025-Q3,rbnz-dashboard
BOC,Cash Position,569.9,2025-Q3,rbnz-dashboard
BOC,Net Loans and Advances,3097.6,2025-Q3,rbnz-dashboard
BOC,Deposits,2592.1,2025-Q3,rbnz-dashboard
BOC,Equity,351.7,2025-Q3,rbnz-dashboard
BOC,Core Funding Ratio (CFR),88.1,2025-Q3,rbnz-dashboard
BOC Group,Total Capital Ratio,,2025-Q3,rbnz-dashboard
BOC Group,CET1 Ratio,,2025-Q3,rbnz-dashboard
BOC Group,Tier 1 Capital Ratio,,2025-Q3,rbnz-dashboard
BOC Group,Total Non-Performing Loans,56.4,2025-Q3,rbnz-dashboard
BOC Group,NPL Ratio,0.9,2025-Q3,rbnz-dashboard
BOC Group,Return on Assets,0.1,2025-Q3,rbnz-dashboard
BOC Group,Return on Equity,1.5,2025-Q3,rbnz-dashboard
BOC Group,NIM,1.4,2025-Q3,rbnz-dashboard
BOC Group,Net Interest Income,24.9,2025-Q3,rbnz-dashboard
BOC Group,Trading and Hedging Gains,-0.6,2025-Q3,rbnz-dashboard
BOC Group,Fees and Commission Income,0.4,2025-Q3,rbnz-dashboard
BOC Group,Other Income,-0.4,2025-Q3,rbnz-dashboard
BOC Group,Operating Expenses,7.8,2025-Q3,rbnz-dashboard
BOC Group,Profit After Tax,1.4,2025-Q3,rbnz-dashboard
BOC Group,Total Assets,7270.1,2025-Q3,rbnz-dashboard
BOC Group,Cash Position,689.9,2025-Q3,rbnz-dashboard
BOC Group,Net Loans and Advances,6169.8,2025-Q3,rbnz-dashboard
BOC Group,Deposits,3135.3,2025-Q3,rbnz-dashboard
BOC Group,Equity,354.3,2025-Q3,rbnz-dashboard
BOC Group,Core Funding Ratio (CFR),,2025-Q3,rbnz-dashboard
BOI,Total Capital Ratio,38.3,2025-Q3,rbnz-dashboard
BOI,CET1 Ratio,38.3,2025-Q3,rbnz-dashboard
BOI,Tier 1 Capital Ratio,38.3,2025-Q3,rbnz-dashboard
BOI,Total Non-Performing Loans,17.8,2025-Q3,rbnz-dashboard
BOI,NPL Ratio,12,2025-Q3,rbnz-dashboard
BOI,Return on Assets,0.9,2025-Q3,rbnz-dashboard
BOI,Return on Equity,2.5,2025-Q3,rbnz-dashboard
BOI,NIM,3.6,2025-Q3,rbnz-dashboard
BOI,Net Interest Income,1.7,2025-Q3,rbnz-dashboard
BOI,Trading and Hedging Gains,0,2025-Q3,rbnz-dashboard
BOI,Fees and Commission Income,0.1,2025-Q3,rbnz-dashboard
BOI,Other Income,0,2025-Q3,rbnz-dashboard
BOI,Operating Expenses,0.8,2025-Q3,rbnz-dashboard
BOI,Profit After Tax,0.4,2025-Q3,rbnz-dashboard
BOI,Total Assets,185.8,2025-Q3,rbnz-dashboard
BOI,Cash Position,40.3,2025-Q3,rbnz-dashboard
BOI,Net Loans and Advances,141.3,2025-Q3,rbnz-dashboard
BOI,Deposits,108.5,2025-Q3,rbnz-dashboard
BOI,Equity,64.3,2025-Q3,rbnz-dashboard
BOI,Core Funding Ratio (CFR),89.1,2025-Q3,rbnz-dashboard
CBA Group,Total Capital Ratio,,2025-Q3,rbnz-dashboard
CBA Group,CET1 Ratio,,2025-Q3,rbnz-dashboard
CBA Group,Tier 1 Capital Ratio,,2025-Q3,rbnz-dashboard
CBA Group,Total Non-Performing Loans,826.3,2025-Q3,rbnz-dashboard
CBA Group,NPL Ratio,0.7,2025-Q3,rbnz-dashboard
CBA Group,Return on Assets,1,2025-Q3,rbnz-dashboard
CBA Group,Return on Equity,11.2,2025-Q3,rbnz-dashboard
CBA Group,NIM,2.4,2025-Q3,rbnz-dashboard
CBA Group,Net Interest Income,833,2025-Q3,rbnz-dashboard
CBA Group,Trading and Hedging Gains,32.2,2025-Q3,rbnz-dashboard
CBA Group,Fees and Commission Income,88.3,2025-Q3,rbnz-dashboard
CBA Group,Other Income,-0.7,2025-Q3,rbnz-dashboard
CBA Group,Operating Expenses,463.9,2025-Q3,rbnz-dashboard
CBA Group,Profit After Tax,345.2,2025-Q3,rbnz-dashboard
CBA Group,Total Assets,141762.7,2025-Q3,rbnz-dashboard
CBA Group,Cash Position,2719.1,2025-Q3,rbnz-dashboard
CBA Group,Net Loans and Advances,119525.2,2025-Q3,rbnz-dashboard
CBA Group,Deposits,91491,2025-Q3,rbnz-dashboard
CBA Group,Equity,12399.8,2025-Q3,rbnz-dashboard
CBA Group,Core Funding Ratio (CFR),,2025-Q3,rbnz-dashboard
CCB,Total Capital Ratio,20.3,2025-Q3,rbnz-dashboard
CCB,CET1 Ratio,20.3,2025-Q3,rbnz-dashboard
CCB,Tier 1 Capital Ratio,20.3,2025-Q3,rbnz-dashboard
CCB,Total Non-Performing Loans,10.7,2025-Q3,rbnz-dashboard
CCB,NPL Ratio,0.7,2025-Q3,rbnz-dashboard
CCB,Return on Assets,0.8,2025-Q3,rbnz-dashboard
CCB,Return on Equity,5.6,2025-Q3,rbnz-dashboard
CCB,NIM,1.5,2025-Q3,rbnz-dashboard
CCB,Net Interest Income,9.1,2025-Q3,rbnz-dashboard
CCB,Trading and Hedging Gains,0.9,2025-Q3,rbnz-dashboard
CCB,Fees and Commission Income,1,2025-Q3,rbnz-dashboard
CCB,Other Income,0.2,2025-Q3,rbnz-dashboard
CCB,Operating Expenses,3.8,2025-Q3,rbnz-dashboard
CCB,Profit After Tax,5,2025-Q3,rbnz-dashboard
CCB,Total Assets,2578,2025-Q3,rbnz-dashboard
CCB,Cash Position,139.3,2025-Q3,rbnz-dashboard
CCB,Net Loans and Advances,1608.6,2025-Q3,rbnz-dashboard
CCB,Deposits,299.4,2025-Q3,rbnz-dashboard
CCB,Equity,365.2,2025-Q3,rbnz-dashboard
CCB,Core Funding Ratio (CFR),112.2,2025-Q3,rbnz-dashboard
CCB Group,Total Capital Ratio,,2025-Q3,rbnz-dashboard
CCB Group,CET1 Ratio,,2025-Q3,rbnz-dashboard
CCB Group,Tier 1 Capital Ratio,,2025-Q3,rbnz-dashboard
CCB Group,Total Non-Performing Loans,10.7,2025-Q3,rbnz-dashboard
CCB Group,NPL Ratio,0.3,2025-Q3,rbnz-dashboard
CCB Group,Return on Assets,1.1,2025-Q3,rbnz-dashboard
CCB Group,Return on Equity,11.3,2025-Q3,rbnz-dashboard
CCB Group,NIM,1.7,2025-Q3,rbnz-dashboard
CCB Group,Net Interest Income,19.2,2025-Q3,rbnz-dashboard
CCB Group,Trading and Hedging Gains,1.6,2025-Q3,rbnz-dashboard
CCB Group,Fees and Commission Income,2.5,2025-Q3,rbnz-dashboard
CCB Group,Other Income,0,2025-Q3,rbnz-dashboard
CCB Group,Operating Expenses,6.4,2025-Q3,rbnz-dashboard
CCB Group,Profit After Tax,13,2025-Q3,rbnz-dashboard
CCB Group,Total Assets,4659.5,2025-Q3,rbnz-dashboard
CCB Group,Cash Position,341.7,2025-Q3,rbnz-dashboard
CCB Group,Net Loans and Advances,3245.7,2025-Q3,rbnz-dashboard
CCB Group,Deposits,301.2,2025-Q3,rbnz-dashboard
CCB Group,Equity,473.1,2025-Q3,rbnz-dashboard
CCB Group,Core Funding Ratio (CFR),,2025-Q3,rbnz-dashboard
Co-op,Total Capital Ratio,18.2,2025-Q3,rbnz-dashboard
Co-op,CET1 Ratio,15.9,2025-Q3,rbnz-dashboard
Co-op,Tier 1 Capital Ratio,15.9,2025-Q3,rbnz-dashboard
Co-op,Total Non-Performing Loans,6.7,2025-Q3,rbnz-dashboard
Co-op,NPL Ratio,0.2,2025-Q3,rbnz-dashboard
Co-op,Return on Assets,0.4,2025-Q3,rbnz-dashboard
Co-op,Return on Equity,5.4,2025-Q3,rbnz-dashboard
Co-op,NIM,2.4,2025-Q3,rbnz-dashboard
Co-op,Net Interest Income,21.7,2025-Q3,rbnz-dashboard
Co-op,Trading and Hedging Gains,0.8,2025-Q3,rbnz-dashboard
Co-op,Fees and Commission Income,3.9,2025-Q3,rbnz-dashboard
Co-op,Other Income,1.6,2025-Q3,rbnz-dashboard
Co-op,Operating Expenses,22.8,2025-Q3,rbnz-dashboard
Co-op,Profit After Tax,3.6,2025-Q3,rbnz-dashboard
Co-op,Total Assets,3709.7,2025-Q3,rbnz-dashboard
Co-op,Cash Position,42.8,2025-Q3,rbnz-dashboard
Co-op,Net Loans and Advances,3328,2025-Q3,rbnz-dashboard
Co-op,Deposits,3239.7,2025-Q3,rbnz-dashboard
Co-op,Equity,265.7,2025-Q3,rbnz-dashboard
Co-op,Core Funding Ratio (CFR),99.4,2025-Q3,rbnz-dashboard
Heartland,Total Capital Ratio,16.1,2025-Q3,rbnz-dashboard
Heartland,CET1 Ratio,13.8,2025-Q3,rbnz-dashboard
Heartland,Tier 1 Capital Ratio,13.8,2025-Q3,rbnz-dashboard
Heartland,Total Non-Performing Loans,148.2,2025-Q3,rbnz-dashboard
Heartland,NPL Ratio,3.2,2025-Q3,rbnz-dashboard
Heartland,Return on Assets,1.2,2025-Q3,rbnz-dashboard
Heartland,Return on Equity,5.8,2025-Q3,rbnz-dashboard
Heartland,NIM,4.1,2025-Q3,rbnz-dashboard
Heartland,Net Interest Income,53,2025-Q3,rbnz-dashboard
Heartland,Trading and Hedging Gains,-0.1,2025-Q3,rbnz-dashboard
Heartland,Fees and Commission Income,2.6,2025-Q3,rbnz-dashboard
Heartland,Other Income,5.2,2025-Q3,rbnz-dashboard
Heartland,Operating Expenses,31.1,2025-Q3,rbnz-dashboard
Heartland,Profit After Tax,17.1,2025-Q3,rbnz-dashboard
Heartland,Total Assets,5619.1,2025-Q3,rbnz-dashboard
Heartland,Cash Position,88.1,2025-Q3,rbnz-dashboard
Heartland,Net Loans and Advances,4526.2,2025-Q3,rbnz-dashboard
Heartland,Deposits,4270.3,2025-Q3,rbnz-dashboard
Heartland,Equity,1162,2025-Q3,rbnz-dashboard
Heartland,Core Funding Ratio (CFR),91.4,2025-Q3,rbnz-dashboard
ICBC,Total Capital Ratio,17.7,2025-Q3,rbnz-dashboard
ICBC,CET1 Ratio,17.7,2025-Q3,rbnz-dashboard
ICBC,Tier 1 Capital Ratio,17.7,2025-Q3,rbnz-dashboard
ICBC,Total Non-Performing Loans,4.6,2025-Q3,rbnz-dashboard
ICBC,NPL Ratio,0.2,2025-Q3,rbnz-dashboard
ICBC,Return on Assets,0.7,2025-Q3,rbnz-dashboard
ICBC,Return on Equity,5.1,2025-Q3,rbnz-dashboard
ICBC,NIM,1.4,2025-Q3,rbnz-dashboard
ICBC,Net Interest Income,9.5,2025-Q3,rbnz-dashboard
ICBC,Trading and Hedging Gains,0.6,2025-Q3,rbnz-dashboard
ICBC,Fees and Commission Income,0.3,2025-Q3,rbnz-dashboard
ICBC,Other Income,3,2025-Q3,rbnz-dashboard
ICBC,Operating Expenses,6.5,2025-Q3,rbnz-dashboard
ICBC,Profit After Tax,4.5,2025-Q3,rbnz-dashboard
ICBC,Total Assets,2689.4,2025-Q3,rbnz-dashboard
ICBC,Cash Position,323.1,2025-Q3,rbnz-dashboard
ICBC,Net Loans and Advances,1995.1,2025-Q3,rbnz-dashboard
ICBC,Deposits,1074.5,2025-Q3,rbnz-dashboard
ICBC,Equity,354.6,2025-Q3,rbnz-dashboard
ICBC,Core Funding Ratio (CFR),91.3,2025-Q3,rbnz-dashboard
ICBC Group,Total Capital Ratio,,2025-Q3,rbnz-dashboard
ICBC Group,CET1 Ratio,,2025-Q3,rbnz-dashboard
ICBC Group,Tier 1 Capital Ratio,,2025-Q3,rbnz-dashboard
ICBC Group,Total Non-Performing Loans,4.6,2025-Q3,rbnz-dashboard
ICBC Group,NPL Ratio,0.1,2025-Q3,rbnz-dashboard
ICBC Group,Return on Assets,0.6,2025-Q3,rbnz-dashboard
ICBC Group,Return on Equity,6.4,2025-Q3,rbnz-dashboard
ICBC Group,NIM,1.3,2025-Q3,rbnz-dashboard
ICBC Group,Net Interest Income,16.1,2025-Q3,rbnz-dashboard
ICBC Group,Trading and Hedging Gains,2.7,2025-Q3,rbnz-dashboard
ICBC Group,Fees and Commission Income,0.3,2025-Q3,rbnz-dashboard
ICBC Group,Other Income,0,2025-Q3,rbnz-dashboard
ICBC Group,Operating Expenses,6.6,2025-Q3,rbnz-dashboard
ICBC Group,Profit After Tax,7.9,2025-Q3,rbnz-dashboard
ICBC Group,Total Assets,5105.9,2025-Q3,rbnz-dashboard
ICBC Group,Cash Position,479.8,2025-Q3,rbnz-dashboard
ICBC Group,Net Loans and Advances,4213.8,2025-Q3,rbnz-dashboard
ICBC Group,Deposits,1073.9,2025-Q3,rbnz-dashboard
ICBC Group,Equity,496.5,2025-Q3,rbnz-dashboard
ICBC Group,Core Funding Ratio (CFR),,2025-Q3,rbnz-dashboard
Kiwibank,Total Capital Ratio,16.2,2025-Q3,rbnz-dashboard
Kiwibank,CET1 Ratio,11.6,2025-Q3,rbnz-dashboard
Kiwibank,Tier 1 Capital Ratio,14,2025-Q3,rbnz-dashboard
Kiwibank,Total Non-Performing Loans,151.7,2025-Q3,rbnz-dashboard
Kiwibank,NPL Ratio,0.4,2025-Q3,rbnz-dashboard
Kiwibank,Return on Assets,0.4,2025-Q3,rbnz-dashboard
Kiwibank,Return on Equity,5.5,2025-Q3,rbnz-dashboard
Kiwibank,NIM,2.2,2025-Q3,rbnz-dashboard
Kiwibank,Net Interest Income,220.2,2025-Q3,rbnz-dashboard
Kiwibank,Trading and Hedging Gains,3.7,2025-Q3,rbnz-dashboard
Kiwibank,Fees and Commission Income,12.1,2025-Q3,rbnz-dashboard
Kiwibank,Other Income,-0.2,2025-Q3,rbnz-dashboard
Kiwibank,Operating Expenses,165.8,2025-Q3,rbnz-dashboard
Kiwibank,Profit After Tax,43.2,2025-Q3,rbnz-dashboard
Kiwibank,Total Assets,41345.4,2025-Q3,rbnz-dashboard
Kiwibank,Cash Position,829.3,2025-Q3,rbnz-dashboard
Kiwibank,Net Loans and Advances,36595.7,2025-Q3,rbnz-dashboard
Kiwibank,Deposits,30801.7,2025-Q3,rbnz-dashboard
Kiwibank,Equity,3140.7,2025-Q3,rbnz-dashboard
Kiwibank,Core Funding Ratio (CFR),90.4,2025-Q3,rbnz-dashboard
Rabo Group,Total Capital Ratio,,2025-Q3,rbnz-dashboard
Rabo Group,CET1 Ratio,,2025-Q3,rbnz-dashboard
Rabo Group,Tier 1 Capital Ratio,,2025-Q3,rbnz-dashboard
Rabo Group,Total Non-Performing Loans,161.2,2025-Q3,rbnz-dashboard
Rabo Group,NPL Ratio,0.9,2025-Q3,rbnz-dashboard
Rabo Group,Return on Assets,1.1,2025-Q3,rbnz-dashboard
Rabo Group,Return on Equity,7.7,2025-Q3,rbnz-dashboard
Rabo Group,NIM,2.4,2025-Q3,rbnz-dashboard
Rabo Group,Net Interest Income,125.7,2025-Q3,rbnz-dashboard
Rabo Group,Trading and Hedging Gains,-3.2,2025-Q3,rbnz-dashboard
Rabo Group,Fees and Commission Income,0.7,2025-Q3,rbnz-dashboard
Rabo Group,Other Income,7.5,2025-Q3,rbnz-dashboard
Rabo Group,Operating Expenses,60.7,2025-Q3,rbnz-dashboard
Rabo Group,Profit After Tax,59.6,2025-Q3,rbnz-dashboard
Rabo Group,Total Assets,20963.2,2025-Q3,rbnz-dashboard
Rabo Group,Cash Position,2395,2025-Q3,rbnz-dashboard
Rabo Group,Net Loans and Advances,17256.3,2025-Q3,rbnz-dashboard
Rabo Group,Deposits,6994.6,2025-Q3,rbnz-dashboard
Rabo Group,Equity,3114.8,2025-Q3,rbnz-dashboard
Rabo Group,Core Funding Ratio (CFR),,2025-Q3,rbnz-dashboard
Rabobank,Total Capital Ratio,15.9,2025-Q3,rbnz-dashboard
Rabobank,CET1 Ratio,15.9,2025-Q3,rbnz-dashboard
Rabobank,Tier 1 Capital Ratio,15.9,2025-Q3,rbnz-dashboard
Rabobank,Total Non-Performing Loans,102.2,2025-Q3,rbnz-dashboard
Rabobank,NPL Ratio,0.7,2025-Q3,rbnz-dashboard
Rabobank,Return on Assets,0.9,2025-Q3,rbnz-dashboard
Rabobank,Return on Equity,6.2,2025-Q3,rbnz-dashboard
Rabobank,NIM,2.5,2025-Q3,rbnz-dashboard
Rabobank,Net Interest Income,103,2025-Q3,rbnz-dashboard
Rabobank,Trading and Hedging Gains,-7.4,2025-Q3,rbnz-dashboard
Rabobank,Fees and Commission Income,0.2,2025-Q3,rbnz-dashboard
Rabobank,Other Income,0,2025-Q3,rbnz-dashboard
Rabobank,Operating Expenses,48.6,2025-Q3,rbnz-dashboard
Rabobank,Profit After Tax,39.2,2025-Q3,rbnz-dashboard
Rabobank,Total Assets,16569.6,2025-Q3,rbnz-dashboard
Rabobank,Cash Position,1830.2,2025-Q3,rbnz-dashboard
Rabobank,Net Loans and Advances,14070.7,2025-Q3,rbnz-dashboard
Rabobank,Deposits,6843.8,2025-Q3,rbnz-dashboard
Rabobank,Equity,2527.3,2025-Q3,rbnz-dashboard
Rabobank,Core Funding Ratio (CFR),86,2025-Q3,rbnz-dashboard
SBS,Total Capital Ratio,17.3,2025-Q3,rbnz-dashboard
SBS,CET1 Ratio,14.4,2025-Q3,rbnz-dashboard
SBS,Tier 1 Capital Ratio,14.4,2025-Q3,rbnz-dashboard
SBS,Total Non-Performing Loans,29.5,2025-Q3,rbnz-dashboard
SBS,NPL Ratio,0.5,2025-Q3,rbnz-dashboard
SBS,Return on Assets,0.4,2025-Q3,rbnz-dashboard
SBS,Return on Equity,5.5,2025-Q3,rbnz-dashboard
SBS,NIM,2.6,2025-Q3,rbnz-dashboard
SBS,Net Interest Income,42.6,2025-Q3,rbnz-dashboard
SBS,Trading and Hedging Gains,0.5,2025-Q3,rbnz-dashboard
SBS,Fees and Commission Income,8.2,2025-Q3,rbnz-dashboard
SBS,Other Income,2.3,2025-Q3,rbnz-dashboard
SBS,Operating Expenses,35.6,2025-Q3,rbnz-dashboard
SBS,Profit After Tax,7.5,2025-Q3,rbnz-dashboard
SBS,Total Assets,6696.1,2025-Q3,rbnz-dashboard
SBS,Cash Position,92.7,2025-Q3,rbnz-dashboard
SBS,Net Loans and Advances,5655.9,2025-Q3,rbnz-dashboard
SBS,Deposits,4440.9,2025-Q3,rbnz-dashboard
SBS,Equity,540.6,2025-Q3,rbnz-dashboard
SBS,Core Funding Ratio (CFR),91.6,2025-Q3,rbnz-dashboard
TSB,Total Capital Ratio,15.8,2025-Q3,rbnz-dashboard
TSB,CET1 Ratio,15.8,2025-Q3,rbnz-dashboard
TSB,Tier 1 Capital Ratio,15.8,2025-Q3,rbnz-dashboard
TSB,Total Non-Performing Loans,30.1,2025-Q3,rbnz-dashboard
TSB,NPL Ratio,0.4,2025-Q3,rbnz-dashboard
TSB,Return on Assets,0.4,2025-Q3,rbnz-dashboard
TSB,Return on Equity,5.1,2025-Q3,rbnz-dashboard
TSB,NIM,2.3,2025-Q3,rbnz-dashboard
TSB,Net Interest Income,53.6,2025-Q3,rbnz-dashboard
TSB,Trading and Hedging Gains,0,2025-Q3,rbnz-dashboard
TSB,Fees and Commission Income,3.1,2025-Q3,rbnz-dashboard
TSB,Other Income,0.7,2025-Q3,rbnz-dashboard
TSB,Operating Expenses,40.5,2025-Q3,rbnz-dashboard
TSB,Profit After Tax,10.3,2025-Q3,rbnz-dashboard
TSB,Total Assets,9491.5,2025-Q3,rbnz-dashboard
TSB,Cash Position,451.6,2025-Q3,rbnz-dashboard
TSB,Net Loans and Advances,7794.6,2025-Q3,rbnz-dashboard
TSB,Deposits,8499.1,2025-Q3,rbnz-dashboard
TSB,Equity,812.8,2025-Q3,rbnz-dashboard
TSB,Core Funding Ratio (CFR),107.6,2025-Q3,rbnz-dashboard
WBC Group,Total Capital Ratio,,2025-Q3,rbnz-dashboard
WBC Group,CET1 Ratio,,2025-Q3,rbnz-dashboard
WBC Group,Tier 1 Capital Ratio,,2025-Q3,rbnz-dashboard
WBC Group,Total Non-Performing Loans,577,2025-Q3,rbnz-dashboard
WBC Group,NPL Ratio,0.5,2025-Q3,rbnz-dashboard
WBC Group,Return on Assets,1,2025-Q3,rbnz-dashboard
WBC Group,Return on Equity,10.6,2025-Q3,rbnz-dashboard
WBC Group,NIM,2.3,2025-Q3,rbnz-dashboard
WBC Group,Net Interest Income,714.8,2025-Q3,rbnz-dashboard
WBC Group,Trading and Hedging Gains,58.5,2025-Q3,rbnz-dashboard
WBC Group,Fees and Commission Income,72.7,2025-Q3,rbnz-dashboard
WBC Group,Other Income,4.6,2025-Q3,rbnz-dashboard
WBC Group,Operating Expenses,418.9,2025-Q3,rbnz-dashboard
WBC Group,Profit After Tax,329.2,2025-Q3,rbnz-dashboard
WBC Group,Total Assets,140750.4,2025-Q3,rbnz-dashboard
WBC Group,Cash Position,8252.7,2025-Q3,rbnz-dashboard
WBC Group,Net Loans and Advances,106800.2,2025-Q3,rbnz-dashboard
WBC Group,Deposits,81102.9,2025-Q3,rbnz-dashboard
WBC Group,Equity,12187.6,2025-Q3,rbnz-dashboard
WBC Group,Core Funding Ratio (CFR),,2025-Q3,rbnz-dashboard
Westpac,Total Capital Ratio,16.2,2025-Q3,rbnz-dashboard
Westpac,CET1 Ratio,12,2025-Q3,rbnz-dashboard
Westpac,Tier 1 Capital Ratio,14.6,2025-Q3,rbnz-dashboard
Westpac,Total Non-Performing Loans,576.1,2025-Q3,rbnz-dashboard
Westpac,NPL Ratio,0.5,2025-Q3,rbnz-dashboard
Westpac,Return on Assets,0.9,2025-Q3,rbnz-dashboard
Westpac,Return on Equity,10.5,2025-Q3,rbnz-dashboard
Westpac,NIM,2.4,2025-Q3,rbnz-dashboard
Westpac,Net Interest Income,720.8,2025-Q3,rbnz-dashboard
Westpac,Trading and Hedging Gains,-4,2025-Q3,rbnz-dashboard
Westpac,Fees and Commission Income,68.4,2025-Q3,rbnz-dashboard
Westpac,Other Income,3.1,2025-Q3,rbnz-dashboard
Westpac,Operating Expenses,396.1,2025-Q3,rbnz-dashboard
Westpac,Profit After Tax,300.5,2025-Q3,rbnz-dashboard
Westpac,Total Assets,128271.7,2025-Q3,rbnz-dashboard
Westpac,Cash Position,6863.5,2025-Q3,rbnz-dashboard
Westpac,Net Loans and Advances,106328.2,2025-Q3,rbnz-dashboard
Westpac,Deposits,81178.3,2025-Q3,rbnz-dashboard
Westpac,Equity,11326.9,2025-Q3,rbnz-dashboard
Westpac,Core Funding Ratio (CFR),86.8,2025-Q3,rbnz-dashboard
ANZ,Total Capital Ratio,17.6,2025-Q4,rbnz-dashboard
ANZ,CET1 Ratio,13.2,2025-Q4,rbnz-dashboard
ANZ,Tier 1 Capital Ratio,15.5,2025-Q4,rbnz-dashboard
ANZ,Total Non-Performing Loans,1284.5,2025-Q4,rbnz-dashboard
ANZ,NPL Ratio,0.8,2025-Q4,rbnz-dashboard
ANZ,Return on Assets,1.2,2025-Q4,rbnz-dashboard
ANZ,Return on Equity,12.6,2025-Q4,rbnz-dashboard
ANZ,NIM,2.5,2025-Q4,rbnz-dashboard
ANZ,Net Interest Income,1218,2025-Q4,rbnz-dashboard
ANZ,Trading and Hedging Gains,12.9,2025-Q4,rbnz-dashboard
ANZ,Fees and Commission Income,123.8,2025-Q4,rbnz-dashboard
ANZ,Other Income,4.2,2025-Q4,rbnz-dashboard
ANZ,Operating Expenses,453.2,2025-Q4,rbnz-dashboard
ANZ,Profit After Tax,640.2,2025-Q4,rbnz-dashboard
ANZ,Total Assets,212728.4,2025-Q4,rbnz-dashboard
ANZ,Cash Position,6046.5,2025-Q4,rbnz-dashboard
ANZ,Net Loans and Advances,159107.6,2025-Q4,rbnz-dashboard
ANZ,Deposits,146877.4,2025-Q4,rbnz-dashboard
ANZ,Equity,20533.7,2025-Q4,rbnz-dashboard
ANZ,Core Funding Ratio (CFR),89.9,2025-Q4,rbnz-dashboard
ANZ Group,Total Capital Ratio,,2025-Q4,rbnz-dashboard
ANZ Group,CET1 Ratio,,2025-Q4,rbnz-dashboard
ANZ Group,Tier 1 Capital Ratio,,2025-Q4,rbnz-dashboard
ANZ Group,Total Non-Performing Loans,1288.3,2025-Q4,rbnz-dashboard
ANZ Group,NPL Ratio,0.8,2025-Q4,rbnz-dashboard
ANZ Group,Return on Assets,1.1,2025-Q4,rbnz-dashboard
ANZ Group,Return on Equity,13.5,2025-Q4,rbnz-dashboard
ANZ Group,NIM,2.4,2025-Q4,rbnz-dashboard
ANZ Group,Net Interest Income,1175.1,2025-Q4,rbnz-dashboard
ANZ Group,Trading and Hedging Gains,15.7,2025-Q4,rbnz-dashboard
ANZ Group,Fees and Commission Income,123.8,2025-Q4,rbnz-dashboard
ANZ Group,Other Income,4,2025-Q4,rbnz-dashboard
ANZ Group,Operating Expenses,453.4,2025-Q4,rbnz-dashboard
ANZ Group,Profit After Tax,607.9,2025-Q4,rbnz-dashboard
ANZ Group,Total Assets,212986.3,2025-Q4,rbnz-dashboard
ANZ Group,Cash Position,6046.5,2025-Q4,rbnz-dashboard
ANZ Group,Net Loans and Advances,159367.3,2025-Q4,rbnz-dashboard
ANZ Group,Deposits,146877.4,2025-Q4,rbnz-dashboard
ANZ Group,Equity,18135.3,2025-Q4,rbnz-dashboard
ANZ Group,Core Funding Ratio (CFR),,2025-Q4,rbnz-dashboard
ASB,Total Capital Ratio,16,2025-Q4,rbnz-dashboard
ASB,CET1 Ratio,14.7,2025-Q4,rbnz-dashboard
ASB,Tier 1 Capital Ratio,14.7,2025-Q4,rbnz-dashboard
ASB,Total Non-Performing Loans,709.7,2025-Q4,rbnz-dashboard
ASB,NPL Ratio,0.6,2025-Q4,rbnz-dashboard
ASB,Return on Assets,1.2,2025-Q4,rbnz-dashboard
ASB,Return on Equity,14.3,2025-Q4,rbnz-dashboard
ASB,NIM,2.5,2025-Q4,rbnz-dashboard
ASB,Net Interest Income,841.3,2025-Q4,rbnz-dashboard
ASB,Trading and Hedging Gains,38.2,2025-Q4,rbnz-dashboard
ASB,Fees and Commission Income,91.4,2025-Q4,rbnz-dashboard
ASB,Other Income,3.3,2025-Q4,rbnz-dashboard
ASB,Operating Expenses,380.1,2025-Q4,rbnz-dashboard
ASB,Profit After Tax,435.9,2025-Q4,rbnz-dashboard
ASB,Total Assets,139714.6,2025-Q4,rbnz-dashboard
ASB,Cash Position,3702.6,2025-Q4,rbnz-dashboard
ASB,Net Loans and Advances,118723.2,2025-Q4,rbnz-dashboard
ASB,Deposits,92440.6,2025-Q4,rbnz-dashboard
ASB,Equity,12306.2,2025-Q4,rbnz-dashboard
ASB,Core Funding Ratio (CFR),89.9,2025-Q4,rbnz-dashboard
BNZ,Total Capital Ratio,16,2025-Q4,rbnz-dashboard
BNZ,CET1 Ratio,13.2,2025-Q4,rbnz-dashboard
BNZ,Tier 1 Capital Ratio,14.1,2025-Q4,rbnz-dashboard
BNZ,Total Non-Performing Loans,727.4,2025-Q4,rbnz-dashboard
BNZ,NPL Ratio,0.6,2025-Q4,rbnz-dashboard
BNZ,Return on Assets,1.1,2025-Q4,rbnz-dashboard
BNZ,Return on Equity,11.1,2025-Q4,rbnz-dashboard
BNZ,NIM,2.5,2025-Q4,rbnz-dashboard
BNZ,Net Interest Income,806.3,2025-Q4,rbnz-dashboard
BNZ,Trading and Hedging Gains,43.2,2025-Q4,rbnz-dashboard
BNZ,Fees and Commission Income,76.5,2025-Q4,rbnz-dashboard
BNZ,Other Income,0.2,2025-Q4,rbnz-dashboard
BNZ,Operating Expenses,360.7,2025-Q4,rbnz-dashboard
BNZ,Profit After Tax,389.1,2025-Q4,rbnz-dashboard
BNZ,Total Assets,138392.4,2025-Q4,rbnz-dashboard
BNZ,Cash Position,8307.4,2025-Q4,rbnz-dashboard
BNZ,Net Loans and Advances,112091,2025-Q4,rbnz-dashboard
BNZ,Deposits,91486,2025-Q4,rbnz-dashboard
BNZ,Equity,13598.1,2025-Q4,rbnz-dashboard
BNZ,Core Funding Ratio (CFR),89,2025-Q4,rbnz-dashboard
BOB,Total Capital Ratio,61.7,2025-Q4,rbnz-dashboard
BOB,CET1 Ratio,61.7,2025-Q4,rbnz-dashboard
BOB,Tier 1 Capital Ratio,61.7,2025-Q4,rbnz-dashboard
BOB,Total Non-Performing Loans,1.6,2025-Q4,rbnz-dashboard
BOB,NPL Ratio,1.4,2025-Q4,rbnz-dashboard
BOB,Return on Assets,1.1,2025-Q4,rbnz-dashboard
BOB,Return on Equity,2.6,2025-Q4,rbnz-dashboard
BOB,NIM,3.6,2025-Q4,rbnz-dashboard
BOB,Net Interest Income,1.2,2025-Q4,rbnz-dashboard
BOB,Trading and Hedging Gains,0.1,2025-Q4,rbnz-dashboard
BOB,Fees and Commission Income,0.1,2025-Q4,rbnz-dashboard
BOB,Other Income,0,2025-Q4,rbnz-dashboard
BOB,Operating Expenses,1.1,2025-Q4,rbnz-dashboard
BOB,Profit After Tax,0.4,2025-Q4,rbnz-dashboard
BOB,Total Assets,132.7,2025-Q4,rbnz-dashboard
BOB,Cash Position,17.2,2025-Q4,rbnz-dashboard
BOB,Net Loans and Advances,114.3,2025-Q4,rbnz-dashboard
BOB,Deposits,72,2025-Q4,rbnz-dashboard
BOB,Equity,54.5,2025-Q4,rbnz-dashboard
BOB,Core Funding Ratio (CFR),109.7,2025-Q4,rbnz-dashboard
BOC,Total Capital Ratio,14.5,2025-Q4,rbnz-dashboard
BOC,CET1 Ratio,14.5,2025-Q4,rbnz-dashboard
BOC,Tier 1 Capital Ratio,14.5,2025-Q4,rbnz-dashboard
BOC,Total Non-Performing Loans,5.7,2025-Q4,rbnz-dashboard
BOC,NPL Ratio,0.2,2025-Q4,rbnz-dashboard
BOC,Return on Assets,0.7,2025-Q4,rbnz-dashboard
BOC,Return on Equity,7.9,2025-Q4,rbnz-dashboard
BOC,NIM,1.3,2025-Q4,rbnz-dashboard
BOC,Net Interest Income,13.5,2025-Q4,rbnz-dashboard
BOC,Trading and Hedging Gains,0.2,2025-Q4,rbnz-dashboard
BOC,Fees and Commission Income,6.9,2025-Q4,rbnz-dashboard
BOC,Other Income,0,2025-Q4,rbnz-dashboard
BOC,Operating Expenses,10.7,2025-Q4,rbnz-dashboard
BOC,Profit After Tax,7.1,2025-Q4,rbnz-dashboard
BOC,Total Assets,4618.3,2025-Q4,rbnz-dashboard
BOC,Cash Position,737.2,2025-Q4,rbnz-dashboard
BOC,Net Loans and Advances,3421.2,2025-Q4,rbnz-dashboard
BOC,Deposits,2479.3,2025-Q4,rbnz-dashboard
BOC,Equity,358.9,2025-Q4,rbnz-dashboard
BOC,Core Funding Ratio (CFR),84.3,2025-Q4,rbnz-dashboard
BOC Group,Total Capital Ratio,,2025-Q4,rbnz-dashboard
BOC Group,CET1 Ratio,,2025-Q4,rbnz-dashboard
BOC Group,Tier 1 Capital Ratio,,2025-Q4,rbnz-dashboard
BOC Group,Total Non-Performing Loans,52.1,2025-Q4,rbnz-dashboard
BOC Group,NPL Ratio,0.8,2025-Q4,rbnz-dashboard
BOC Group,Return on Assets,0.7,2025-Q4,rbnz-dashboard
BOC Group,Return on Equity,15.1,2025-Q4,rbnz-dashboard
BOC Group,NIM,1.2,2025-Q4,rbnz-dashboard
BOC Group,Net Interest Income,22.8,2025-Q4,rbnz-dashboard
BOC Group,Trading and Hedging Gains,4.3,2025-Q4,rbnz-dashboard
BOC Group,Fees and Commission Income,0.4,2025-Q4,rbnz-dashboard
BOC Group,Other Income,0,2025-Q4,rbnz-dashboard
BOC Group,Operating Expenses,11.2,2025-Q4,rbnz-dashboard
BOC Group,Profit After Tax,13.7,2025-Q4,rbnz-dashboard
BOC Group,Total Assets,8149.5,2025-Q4,rbnz-dashboard
BOC Group,Cash Position,1021.8,2025-Q4,rbnz-dashboard
BOC Group,Net Loans and Advances,6643.2,2025-Q4,rbnz-dashboard
BOC Group,Deposits,3122.6,2025-Q4,rbnz-dashboard
BOC Group,Equity,368.1,2025-Q4,rbnz-dashboard
BOC Group,Core Funding Ratio (CFR),,2025-Q4,rbnz-dashboard
BOI,Total Capital Ratio,39.6,2025-Q4,rbnz-dashboard
BOI,CET1 Ratio,39.6,2025-Q4,rbnz-dashboard
BOI,Tier 1 Capital Ratio,39.6,2025-Q4,rbnz-dashboard
BOI,Total Non-Performing Loans,12,2025-Q4,rbnz-dashboard
BOI,NPL Ratio,8.3,2025-Q4,rbnz-dashboard
BOI,Return on Assets,0.9,2025-Q4,rbnz-dashboard
BOI,Return on Equity,2.4,2025-Q4,rbnz-dashboard
BOI,NIM,3,2025-Q4,rbnz-dashboard
BOI,Net Interest Income,1.4,2025-Q4,rbnz-dashboard
BOI,Trading and Hedging Gains,0,2025-Q4,rbnz-dashboard
BOI,Fees and Commission Income,0.1,2025-Q4,rbnz-dashboard
BOI,Other Income,0,2025-Q4,rbnz-dashboard
BOI,Operating Expenses,0.8,2025-Q4,rbnz-dashboard
BOI,Profit After Tax,0.4,2025-Q4,rbnz-dashboard
BOI,Total Assets,173.9,2025-Q4,rbnz-dashboard
BOI,Cash Position,28.4,2025-Q4,rbnz-dashboard
BOI,Net Loans and Advances,141.4,2025-Q4,rbnz-dashboard
BOI,Deposits,106,2025-Q4,rbnz-dashboard
BOI,Equity,64.7,2025-Q4,rbnz-dashboard
BOI,Core Funding Ratio (CFR),96.9,2025-Q4,rbnz-dashboard
CBA Group,Total Capital Ratio,,2025-Q4,rbnz-dashboard
CBA Group,CET1 Ratio,,2025-Q4,rbnz-dashboard
CBA Group,Tier 1 Capital Ratio,,2025-Q4,rbnz-dashboard
CBA Group,Total Non-Performing Loans,709.7,2025-Q4,rbnz-dashboard
CBA Group,NPL Ratio,0.6,2025-Q4,rbnz-dashboard
CBA Group,Return on Assets,1.3,2025-Q4,rbnz-dashboard
CBA Group,Return on Equity,14.2,2025-Q4,rbnz-dashboard
CBA Group,NIM,2.5,2025-Q4,rbnz-dashboard
CBA Group,Net Interest Income,856.1,2025-Q4,rbnz-dashboard
CBA Group,Trading and Hedging Gains,47.1,2025-Q4,rbnz-dashboard
CBA Group,Fees and Commission Income,91.4,2025-Q4,rbnz-dashboard
CBA Group,Other Income,3.3,2025-Q4,rbnz-dashboard
CBA Group,Operating Expenses,384.5,2025-Q4,rbnz-dashboard
CBA Group,Profit After Tax,450.2,2025-Q4,rbnz-dashboard
CBA Group,Total Assets,143162.7,2025-Q4,rbnz-dashboard
CBA Group,Cash Position,3666.2,2025-Q4,rbnz-dashboard
CBA Group,Net Loans and Advances,121744.7,2025-Q4,rbnz-dashboard
CBA Group,Deposits,92439.6,2025-Q4,rbnz-dashboard
CBA Group,Equity,12822.9,2025-Q4,rbnz-dashboard
CBA Group,Core Funding Ratio (CFR),,2025-Q4,rbnz-dashboard
CCB,Total Capital Ratio,17.3,2025-Q4,rbnz-dashboard
CCB,CET1 Ratio,17.3,2025-Q4,rbnz-dashboard
CCB,Tier 1 Capital Ratio,17.3,2025-Q4,rbnz-dashboard
CCB,Total Non-Performing Loans,9.5,2025-Q4,rbnz-dashboard
CCB,NPL Ratio,0.5,2025-Q4,rbnz-dashboard
CCB,Return on Assets,1.5,2025-Q4,rbnz-dashboard
CCB,Return on Equity,11,2025-Q4,rbnz-dashboard
CCB,NIM,2.3,2025-Q4,rbnz-dashboard
CCB,Net Interest Income,14.7,2025-Q4,rbnz-dashboard
CCB,Trading and Hedging Gains,2.7,2025-Q4,rbnz-dashboard
CCB,Fees and Commission Income,-1.1,2025-Q4,rbnz-dashboard
CCB,Other Income,0.2,2025-Q4,rbnz-dashboard
CCB,Operating Expenses,3.2,2025-Q4,rbnz-dashboard
CCB,Profit After Tax,10.2,2025-Q4,rbnz-dashboard
CCB,Total Assets,2929.5,2025-Q4,rbnz-dashboard
CCB,Cash Position,195.9,2025-Q4,rbnz-dashboard
CCB,Net Loans and Advances,1906.3,2025-Q4,rbnz-dashboard
CCB,Deposits,292.3,2025-Q4,rbnz-dashboard
CCB,Equity,365.7,2025-Q4,rbnz-dashboard
CCB,Core Funding Ratio (CFR),112.8,2025-Q4,rbnz-dashboard
CCB Group,Total Capital Ratio,,2025-Q4,rbnz-dashboard
CCB Group,CET1 Ratio,,2025-Q4,rbnz-dashboard
CCB Group,Tier 1 Capital Ratio,,2025-Q4,rbnz-dashboard
CCB Group,Total Non-Performing Loans,23.4,2025-Q4,rbnz-dashboard
CCB Group,NPL Ratio,0.7,2025-Q4,rbnz-dashboard
CCB Group,Return on Assets,1.2,2025-Q4,rbnz-dashboard
CCB Group,Return on Equity,12,2025-Q4,rbnz-dashboard
CCB Group,NIM,2.3,2025-Q4,rbnz-dashboard
CCB Group,Net Interest Income,27.6,2025-Q4,rbnz-dashboard
CCB Group,Trading and Hedging Gains,3.2,2025-Q4,rbnz-dashboard
CCB Group,Fees and Commission Income,-1.1,2025-Q4,rbnz-dashboard
CCB Group,Other Income,0.1,2025-Q4,rbnz-dashboard
CCB Group,Operating Expenses,5.6,2025-Q4,rbnz-dashboard
CCB Group,Profit After Tax,14.2,2025-Q4,rbnz-dashboard
CCB Group,Total Assets,5164.6,2025-Q4,rbnz-dashboard
CCB Group,Cash Position,303.3,2025-Q4,rbnz-dashboard
CCB Group,Net Loans and Advances,3508.9,2025-Q4,rbnz-dashboard
CCB Group,Deposits,268.6,2025-Q4,rbnz-dashboard
CCB Group,Equity,472.1,2025-Q4,rbnz-dashboard
CCB Group,Core Funding Ratio (CFR),,2025-Q4,rbnz-dashboard
Co-op,Total Capital Ratio,18.4,2025-Q4,rbnz-dashboard
Co-op,CET1 Ratio,16,2025-Q4,rbnz-dashboard
Co-op,Tier 1 Capital Ratio,16,2025-Q4,rbnz-dashboard
Co-op,Total Non-Performing Loans,6.1,2025-Q4,rbnz-dashboard
Co-op,NPL Ratio,0.2,2025-Q4,rbnz-dashboard
Co-op,Return on Assets,0.2,2025-Q4,rbnz-dashboard
Co-op,Return on Equity,2.9,2025-Q4,rbnz-dashboard
Co-op,NIM,2.4,2025-Q4,rbnz-dashboard
Co-op,Net Interest Income,22.1,2025-Q4,rbnz-dashboard
Co-op,Trading and Hedging Gains,0,2025-Q4,rbnz-dashboard
Co-op,Fees and Commission Income,1.9,2025-Q4,rbnz-dashboard
Co-op,Other Income,2,2025-Q4,rbnz-dashboard
Co-op,Operating Expenses,23.1,2025-Q4,rbnz-dashboard
Co-op,Profit After Tax,1.9,2025-Q4,rbnz-dashboard
Co-op,Total Assets,3741.8,2025-Q4,rbnz-dashboard
Co-op,Cash Position,78.4,2025-Q4,rbnz-dashboard
Co-op,Net Loans and Advances,3364.9,2025-Q4,rbnz-dashboard
Co-op,Deposits,3283,2025-Q4,rbnz-dashboard
Co-op,Equity,269.3,2025-Q4,rbnz-dashboard
Co-op,Core Funding Ratio (CFR),99.5,2025-Q4,rbnz-dashboard
Heartland,Total Capital Ratio,17,2025-Q4,rbnz-dashboard
Heartland,CET1 Ratio,14.7,2025-Q4,rbnz-dashboard
Heartland,Tier 1 Capital Ratio,14.7,2025-Q4,rbnz-dashboard
Heartland,Total Non-Performing Loans,135.5,2025-Q4,rbnz-dashboard
Heartland,NPL Ratio,3,2025-Q4,rbnz-dashboard
Heartland,Return on Assets,1,2025-Q4,rbnz-dashboard
Heartland,Return on Equity,4.7,2025-Q4,rbnz-dashboard
Heartland,NIM,4.1,2025-Q4,rbnz-dashboard
Heartland,Net Interest Income,52.4,2025-Q4,rbnz-dashboard
Heartland,Trading and Hedging Gains,0.5,2025-Q4,rbnz-dashboard
Heartland,Fees and Commission Income,2.6,2025-Q4,rbnz-dashboard
Heartland,Other Income,0.8,2025-Q4,rbnz-dashboard
Heartland,Operating Expenses,32,2025-Q4,rbnz-dashboard
Heartland,Profit After Tax,13.9,2025-Q4,rbnz-dashboard
Heartland,Total Assets,5591.1,2025-Q4,rbnz-dashboard
Heartland,Cash Position,214.3,2025-Q4,rbnz-dashboard
Heartland,Net Loans and Advances,4389.5,2025-Q4,rbnz-dashboard
Heartland,Deposits,4231.5,2025-Q4,rbnz-dashboard
Heartland,Equity,1180,2025-Q4,rbnz-dashboard
Heartland,Core Funding Ratio (CFR),91.1,2025-Q4,rbnz-dashboard
ICBC,Total Capital Ratio,16.4,2025-Q4,rbnz-dashboard
ICBC,CET1 Ratio,16.4,2025-Q4,rbnz-dashboard
ICBC,Tier 1 Capital Ratio,16.4,2025-Q4,rbnz-dashboard
ICBC,Total Non-Performing Loans,33.2,2025-Q4,rbnz-dashboard
ICBC,NPL Ratio,1.5,2025-Q4,rbnz-dashboard
ICBC,Return on Assets,0.4,2025-Q4,rbnz-dashboard
ICBC,Return on Equity,3.1,2025-Q4,rbnz-dashboard
ICBC,NIM,1.2,2025-Q4,rbnz-dashboard
ICBC,Net Interest Income,8.5,2025-Q4,rbnz-dashboard
ICBC,Trading and Hedging Gains,0.9,2025-Q4,rbnz-dashboard
ICBC,Fees and Commission Income,0.4,2025-Q4,rbnz-dashboard
ICBC,Other Income,2.9,2025-Q4,rbnz-dashboard
ICBC,Operating Expenses,7,2025-Q4,rbnz-dashboard
ICBC,Profit After Tax,2.8,2025-Q4,rbnz-dashboard
ICBC,Total Assets,2899.2,2025-Q4,rbnz-dashboard
ICBC,Cash Position,365.3,2025-Q4,rbnz-dashboard
ICBC,Net Loans and Advances,2177.3,2025-Q4,rbnz-dashboard
ICBC,Deposits,1153.3,2025-Q4,rbnz-dashboard
ICBC,Equity,357.4,2025-Q4,rbnz-dashboard
ICBC,Core Funding Ratio (CFR),93.9,2025-Q4,rbnz-dashboard
ICBC Group,Total Capital Ratio,,2025-Q4,rbnz-dashboard
ICBC Group,CET1 Ratio,,2025-Q4,rbnz-dashboard
ICBC Group,Tier 1 Capital Ratio,,2025-Q4,rbnz-dashboard
ICBC Group,Total Non-Performing Loans,33.2,2025-Q4,rbnz-dashboard
ICBC Group,NPL Ratio,0.7,2025-Q4,rbnz-dashboard
ICBC Group,Return on Assets,0.6,2025-Q4,rbnz-dashboard
ICBC Group,Return on Equity,6.8,2025-Q4,rbnz-dashboard
ICBC Group,NIM,0.9,2025-Q4,rbnz-dashboard
ICBC Group,Net Interest Income,12.6,2025-Q4,rbnz-dashboard
ICBC Group,Trading and Hedging Gains,7.1,2025-Q4,rbnz-dashboard
ICBC Group,Fees and Commission Income,0.4,2025-Q4,rbnz-dashboard
ICBC Group,Other Income,0,2025-Q4,rbnz-dashboard
ICBC Group,Operating Expenses,7,2025-Q4,rbnz-dashboard
ICBC Group,Profit After Tax,8.6,2025-Q4,rbnz-dashboard
ICBC Group,Total Assets,5613,2025-Q4,rbnz-dashboard
ICBC Group,Cash Position,730.3,2025-Q4,rbnz-dashboard
ICBC Group,Net Loans and Advances,4488,2025-Q4,rbnz-dashboard
ICBC Group,Deposits,1152.6,2025-Q4,rbnz-dashboard
ICBC Group,Equity,505,2025-Q4,rbnz-dashboard
ICBC Group,Core Funding Ratio (CFR),,2025-Q4,rbnz-dashboard
Kiwibank,Total Capital Ratio,16.5,2025-Q4,rbnz-dashboard
Kiwibank,CET1 Ratio,11.5,2025-Q4,rbnz-dashboard
Kiwibank,Tier 1 Capital Ratio,13.8,2025-Q4,rbnz-dashboard
Kiwibank,Total Non-Performing Loans,149.7,2025-Q4,rbnz-dashboard
Kiwibank,NPL Ratio,0.4,2025-Q4,rbnz-dashboard
Kiwibank,Return on Assets,0.6,2025-Q4,rbnz-dashboard
Kiwibank,Return on Equity,7.5,2025-Q4,rbnz-dashboard
Kiwibank,NIM,2.2,2025-Q4,rbnz-dashboard
Kiwibank,Net Interest Income,226.2,2025-Q4,rbnz-dashboard
Kiwibank,Trading and Hedging Gains,4.8,2025-Q4,rbnz-dashboard
Kiwibank,Fees and Commission Income,11.1,2025-Q4,rbnz-dashboard
Kiwibank,Other Income,-0.3,2025-Q4,rbnz-dashboard
Kiwibank,Operating Expenses,162.8,2025-Q4,rbnz-dashboard
Kiwibank,Profit After Tax,59.7,2025-Q4,rbnz-dashboard
Kiwibank,Total Assets,43073,2025-Q4,rbnz-dashboard
Kiwibank,Cash Position,1601.4,2025-Q4,rbnz-dashboard
Kiwibank,Net Loans and Advances,37620,2025-Q4,rbnz-dashboard
Kiwibank,Deposits,31780,2025-Q4,rbnz-dashboard
Kiwibank,Equity,3186,2025-Q4,rbnz-dashboard
Kiwibank,Core Funding Ratio (CFR),90.7,2025-Q4,rbnz-dashboard
Rabo Group,Total Capital Ratio,,2025-Q4,rbnz-dashboard
Rabo Group,CET1 Ratio,,2025-Q4,rbnz-dashboard
Rabo Group,Tier 1 Capital Ratio,,2025-Q4,rbnz-dashboard
Rabo Group,Total Non-Performing Loans,95.8,2025-Q4,rbnz-dashboard
Rabo Group,NPL Ratio,0.6,2025-Q4,rbnz-dashboard
Rabo Group,Return on Assets,1,2025-Q4,rbnz-dashboard
Rabo Group,Return on Equity,6.4,2025-Q4,rbnz-dashboard
Rabo Group,NIM,1.9,2025-Q4,rbnz-dashboard
Rabo Group,Net Interest Income,101.6,2025-Q4,rbnz-dashboard
Rabo Group,Trading and Hedging Gains,4.9,2025-Q4,rbnz-dashboard
Rabo Group,Fees and Commission Income,17.5,2025-Q4,rbnz-dashboard
Rabo Group,Other Income,7.8,2025-Q4,rbnz-dashboard
Rabo Group,Operating Expenses,64.7,2025-Q4,rbnz-dashboard
Rabo Group,Profit After Tax,50.9,2025-Q4,rbnz-dashboard
Rabo Group,Total Assets,21223.2,2025-Q4,rbnz-dashboard
Rabo Group,Cash Position,2632.9,2025-Q4,rbnz-dashboard
Rabo Group,Net Loans and Advances,17316.7,2025-Q4,rbnz-dashboard
Rabo Group,Deposits,7326.7,2025-Q4,rbnz-dashboard
Rabo Group,Equity,3158.2,2025-Q4,rbnz-dashboard
Rabo Group,Core Funding Ratio (CFR),,2025-Q4,rbnz-dashboard
Rabobank,Total Capital Ratio,16.2,2025-Q4,rbnz-dashboard
Rabobank,CET1 Ratio,16.2,2025-Q4,rbnz-dashboard
Rabobank,Tier 1 Capital Ratio,16.2,2025-Q4,rbnz-dashboard
Rabobank,Total Non-Performing Loans,80.4,2025-Q4,rbnz-dashboard
Rabobank,NPL Ratio,0.6,2025-Q4,rbnz-dashboard
Rabobank,Return on Assets,1,2025-Q4,rbnz-dashboard
Rabobank,Return on Equity,6.4,2025-Q4,rbnz-dashboard
Rabobank,NIM,2.2,2025-Q4,rbnz-dashboard
Rabobank,Net Interest Income,92.8,2025-Q4,rbnz-dashboard
Rabobank,Trading and Hedging Gains,8.5,2025-Q4,rbnz-dashboard
Rabobank,Fees and Commission Income,4.8,2025-Q4,rbnz-dashboard
Rabobank,Other Income,0,2025-Q4,rbnz-dashboard
Rabobank,Operating Expenses,52.7,2025-Q4,rbnz-dashboard
Rabobank,Profit After Tax,41.2,2025-Q4,rbnz-dashboard
Rabobank,Total Assets,16753.6,2025-Q4,rbnz-dashboard
Rabobank,Cash Position,2226.5,2025-Q4,rbnz-dashboard
Rabobank,Net Loans and Advances,13962.1,2025-Q4,rbnz-dashboard
Rabobank,Deposits,7176.5,2025-Q4,rbnz-dashboard
Rabobank,Equity,2566.6,2025-Q4,rbnz-dashboard
Rabobank,Core Funding Ratio (CFR),86.1,2025-Q4,rbnz-dashboard
SBS,Total Capital Ratio,17.5,2025-Q4,rbnz-dashboard
SBS,CET1 Ratio,14.6,2025-Q4,rbnz-dashboard
SBS,Tier 1 Capital Ratio,14.6,2025-Q4,rbnz-dashboard
SBS,Total Non-Performing Loans,23.2,2025-Q4,rbnz-dashboard
SBS,NPL Ratio,0.4,2025-Q4,rbnz-dashboard
SBS,Return on Assets,0.4,2025-Q4,rbnz-dashboard
SBS,Return on Equity,4.4,2025-Q4,rbnz-dashboard
SBS,NIM,2.6,2025-Q4,rbnz-dashboard
SBS,Net Interest Income,43.9,2025-Q4,rbnz-dashboard
SBS,Trading and Hedging Gains,-0.1,2025-Q4,rbnz-dashboard
SBS,Fees and Commission Income,8.6,2025-Q4,rbnz-dashboard
SBS,Other Income,2.7,2025-Q4,rbnz-dashboard
SBS,Operating Expenses,37.7,2025-Q4,rbnz-dashboard
SBS,Profit After Tax,6.1,2025-Q4,rbnz-dashboard
SBS,Total Assets,6815.7,2025-Q4,rbnz-dashboard
SBS,Cash Position,152.5,2025-Q4,rbnz-dashboard
SBS,Net Loans and Advances,5692,2025-Q4,rbnz-dashboard
SBS,Deposits,4582.5,2025-Q4,rbnz-dashboard
SBS,Equity,558,2025-Q4,rbnz-dashboard
SBS,Core Funding Ratio (CFR),96.4,2025-Q4,rbnz-dashboard
TSB,Total Capital Ratio,15.2,2025-Q4,rbnz-dashboard
TSB,CET1 Ratio,15.2,2025-Q4,rbnz-dashboard
TSB,Tier 1 Capital Ratio,15.2,2025-Q4,rbnz-dashboard
TSB,Total Non-Performing Loans,29.9,2025-Q4,rbnz-dashboard
TSB,NPL Ratio,0.4,2025-Q4,rbnz-dashboard
TSB,Return on Assets,0.6,2025-Q4,rbnz-dashboard
TSB,Return on Equity,7.1,2025-Q4,rbnz-dashboard
TSB,NIM,2.4,2025-Q4,rbnz-dashboard
TSB,Net Interest Income,56.1,2025-Q4,rbnz-dashboard
TSB,Trading and Hedging Gains,0,2025-Q4,rbnz-dashboard
TSB,Fees and Commission Income,3.3,2025-Q4,rbnz-dashboard
TSB,Other Income,0.5,2025-Q4,rbnz-dashboard
TSB,Operating Expenses,39.3,2025-Q4,rbnz-dashboard
TSB,Profit After Tax,14.7,2025-Q4,rbnz-dashboard
TSB,Total Assets,9537.9,2025-Q4,rbnz-dashboard
TSB,Cash Position,401.6,2025-Q4,rbnz-dashboard
TSB,Net Loans and Advances,7788.1,2025-Q4,rbnz-dashboard
TSB,Deposits,8541,2025-Q4,rbnz-dashboard
TSB,Equity,814.6,2025-Q4,rbnz-dashboard
TSB,Core Funding Ratio (CFR),107.7,2025-Q4,rbnz-dashboard
WBC Group,Total Capital Ratio,,2025-Q4,rbnz-dashboard
WBC Group,CET1 Ratio,,2025-Q4,rbnz-dashboard
WBC Group,Tier 1 Capital Ratio,,2025-Q4,rbnz-dashboard
WBC Group,Total Non-Performing Loans,580.5,2025-Q4,rbnz-dashboard
WBC Group,NPL Ratio,0.5,2025-Q4,rbnz-dashboard
WBC Group,Return on Assets,0.8,2025-Q4,rbnz-dashboard
WBC Group,Return on Equity,9.4,2025-Q4,rbnz-dashboard
WBC Group,NIM,2.3,2025-Q4,rbnz-dashboard
WBC Group,Net Interest Income,735.1,2025-Q4,rbnz-dashboard
WBC Group,Trading and Hedging Gains,0,2025-Q4,rbnz-dashboard
WBC Group,Fees and Commission Income,62.6,2025-Q4,rbnz-dashboard
WBC Group,Other Income,-0.3,2025-Q4,rbnz-dashboard
WBC Group,Operating Expenses,398.2,2025-Q4,rbnz-dashboard
WBC Group,Profit After Tax,294,2025-Q4,rbnz-dashboard
WBC Group,Total Assets,142150.9,2025-Q4,rbnz-dashboard
WBC Group,Cash Position,9299.3,2025-Q4,rbnz-dashboard
WBC Group,Net Loans and Advances,108242.5,2025-Q4,rbnz-dashboard
WBC Group,Deposits,84088.8,2025-Q4,rbnz-dashboard
WBC Group,Equity,12503.8,2025-Q4,rbnz-dashboard
WBC Group,Core Funding Ratio (CFR),,2025-Q4,rbnz-dashboard
Westpac,Total Capital Ratio,16.2,2025-Q4,rbnz-dashboard
Westpac,CET1 Ratio,12.1,2025-Q4,rbnz-dashboard
Westpac,Tier 1 Capital Ratio,14.6,2025-Q4,rbnz-dashboard
Westpac,Total Non-Performing Loans,579.2,2025-Q4,rbnz-dashboard
Westpac,NPL Ratio,0.5,2025-Q4,rbnz-dashboard
Westpac,Return on Assets,0.9,2025-Q4,rbnz-dashboard
Westpac,Return on Equity,9.9,2025-Q4,rbnz-dashboard
Westpac,NIM,2.3,2025-Q4,rbnz-dashboard
Westpac,Net Interest Income,709.1,2025-Q4,rbnz-dashboard
Westpac,Trading and Hedging Gains,-5.8,2025-Q4,rbnz-dashboard
Westpac,Fees and Commission Income,62.7,2025-Q4,rbnz-dashboard
Westpac,Other Income,0.2,2025-Q4,rbnz-dashboard
Westpac,Operating Expenses,379.6,2025-Q4,rbnz-dashboard
Westpac,Profit After Tax,285.1,2025-Q4,rbnz-dashboard
Westpac,Total Assets,131821,2025-Q4,rbnz-dashboard
Westpac,Cash Position,8220.2,2025-Q4,rbnz-dashboard
Westpac,Net Loans and Advances,107833.4,2025-Q4,rbnz-dashboard
Westpac,Deposits,84231,2025-Q4,rbnz-dashboard
Westpac,Equity,11620.8,2025-Q4,rbnz-dashboard
Westpac,Core Funding Ratio (CFR),86.5,2025-Q4,rbnz-dashboard
